cid,iupac_name,smiles_canonical,molecular_formula,hydrogen_bond_acceptors,hydrogen_bond_donors,rotatable_bonds,log_p,molecular_weight,heavy_atom_count,polar_surface_area,atom_surface_coefficient,no_lipinski_violations,actividad_predicha,probabilidad_leishmania,tanimoto_similarity,cosine_similarity,combined_75,ref_smiles,shape_tanimoto,color_tanimoto,combo_tanimoto,pred
137634237,2-methyl-N-[(E)-(5-nitro-2-furyl)methyleneamino]-3H-benzimidazole-5-carboxamide,CC1=NC2=C(N1)C=C(C=C2)C(=O)NN=CC3=CC=C(O3)[N+](=O)[O-],C14H11N5O4,6,2,4,2.13642,313.081103832,23,126.42,0.1819332384116437,0,Alta,0.946,0.6229508196721312,0.9884794149396364,0.8970972661227601,O=C(N\N=C\C1=CC=C(O1)N(=O)=O)C1=NC2=C(N1)C=CC=C2,0.805,0.5491,1.3541,1.3409235
14592776,6-chloro-2-(5-nitro-2-thienyl)-1H-benzimidazole,C1=CC2=C(C=C1Cl)NC(=N2)C3=CC=C(S3)[N+](=O)[O-],C11H6ClN3O2S,4,1,2,3.853000000000001,278.9869251119999,18,71.82,0.2506265664160401,0,Alta,0.928,0.3220338983050847,0.9751121627896512,0.8118425966685097,CC1=CC2=C(NC(=N2)C2=CC=C(O2)N(=O)=O)C=C1,0.9039,0.7644,1.6684,1.4810162
14592773,6-methyl-2-(5-nitro-2-thienyl)-1H-benzimidazole,CC1=CC2=C(C=C1)N=C(N2)C3=CC=C(S3)[N+](=O)[O-],C12H9N3O2S,4,1,2,3.508020000000001,259.041547528,18,71.82,0.2506265664160401,0,Alta,0.926,0.4444444444444444,0.9867693722677104,0.8511881403118939,CC1=CC2=C(NC(=N2)C2=CC=C(O2)N(=O)=O)C=C1,0.8643,0.7647,1.6291,1.5383914
14592774,2-(5-nitro-2-thienyl)-6-(trifluoromethyl)-1H-benzimidazole,C1=CC2=C(C=C1C(F)(F)F)NC(=N2)C3=CC=C(S3)[N+](=O)[O-],C12H6F3N3O2S,4,1,2,4.218400000000001,313.0132820919999,21,71.82,0.2923976608187135,0,Alta,0.926,0.3064516129032258,0.9567462792791588,0.7941726126851756,CC1=CC2=C(NC(=N2)C2=CC=C(O2)N(=O)=O)C=C1,0.8766,0.7647,1.6414,1.3746938
14592775,6-bromo-2-(5-nitro-2-thienyl)-1H-benzimidazole,C1=CC2=C(C=C1Br)NC(=N2)C3=CC=C(S3)[N+](=O)[O-],C11H6BrN3O2S,4,1,2,3.962100000000002,322.936409532,18,71.82,0.2506265664160401,0,Alta,0.918,0.3220338983050847,0.9591569815077884,0.7998762107071125,CC1=CC2=C(NC(=N2)C2=CC=C(O2)N(=O)=O)C=C1,0.9012,0.6928,1.594,1.4720399
14592772,2-(5-nitro-2-thienyl)-1H-benzimidazole,C1=CC=C2C(=C1)NC(=N2)C3=CC=C(S3)[N+](=O)[O-],C11H7N3O2S,4,1,2,3.199600000000001,245.025897464,17,71.82,0.2367028682818156,0,Alta,0.914,0.3454545454545454,0.9927618441500436,0.8309350194761691,CC1=CC2=C(NC(=N2)C2=CC=C(O2)N(=O)=O)C=C1,0.8246,0.5435,1.3681,1.5286391
19224120,2-(3-ethoxyphenyl)-1H-benzimidazole,CCOC1=CC=CC(=C1)C2=NC3=CC=CC=C3N2,C15H14N2O,2,1,3,3.628600000000001,238.110613068,18,37.91,0.474808757583751,0,Alta,0.914,0.25,0.8522005664452723,0.7016504248339542,CC1=CC2=C(NC(=N2)C2=CC=C(O2)N(=O)=O)C=C1,0.7104,0.7418,1.4522,1.3792067
14592777,6-fluoro-2-(5-nitro-2-thienyl)-1H-benzimidazole,C1=CC2=C(C=C1F)NC(=N2)C3=CC=C(S3)[N+](=O)[O-],C11H6FN3O2S,4,1,2,3.338700000000001,263.016475652,18,71.82,0.2506265664160401,0,Alta,0.912,0.3220338983050847,0.989578053925638,0.8226920150204997,CC1=CC2=C(NC(=N2)C2=CC=C(O2)N(=O)=O)C=C1,0.9082,0.7645,1.6727,1.4813809
172418928,N-[(E)-(5-nitro-2-furyl)methyleneamino]-1H-benzimidazole-2-carboxamide,C1=CC=C2C(=C1)NC(=N2)C(=O)NN=CC3=CC=C(O3)[N+](=O)[O-],C13H9N5O4,6,2,4,1.828,299.065453768,22,126.42,0.1740230976111374,0,Alta,0.91,1.0,1.0,1.0,O=C(N\N=C\C1=CC=C(O1)N(=O)=O)C1=NC2=C(N1)C=CC=C2,1.0,1.0,2.0,1.9555962
17325487,2-[4-(1-piperidyl)phenyl]-1H-benzimidazole,C1CCN(CC1)C2=CC=C(C=C2)C3=NC4=CC=CC=C4N3,C18H19N3,2,1,2,4.220200000000003,277.157897608,21,31.92,0.6578947368421052,0,Alta,0.908,0.3773584905660377,0.8217758198551751,0.7106714875328908,NC(=N)NC1=CC2=C(NC(=N2)C2=CC=C(C=C2)C2=CC=CC=C2)C=C1,0.8057,0.6353,1.441,1.3007188
278830,2-(3-nitrophenyl)-1H-benzimidazole,C1=CC=C2C(=C1)NC(=N2)C3=CC(=CC=C3)[N+](=O)[O-],C13H9N3O2,3,1,2,3.138100000000001,239.069476528,18,71.82,0.2506265664160401,0,Alta,0.908,0.3703703703703703,0.9858018695849042,0.8319439947812708,CC1=CC2=C(NC(=N2)C2=CC=C(O2)N(=O)=O)C=C1,0.7661,0.5182,1.2843,1.5329088
39158263,"2-(3,4-difluorophenyl)-1H-benzimidazole",C1=CC=C2C(=C1)NC(=N2)C3=CC(=C(C=C3)F)F,C13H8F2N2,1,1,1,3.508100000000001,230.065554696,17,28.68,0.592747559274756,0,Alta,0.904,0.2545454545454545,0.7450265757436069,0.6224062954440688,CC1=CC2=C(NC(=N2)C2=CC=C(O2)N(=O)=O)C=C1,0.8043,0.6544,1.4587,1.401676
164576216,6-chloro-2-[1-(2-chloroethyl)-5-nitro-imidazol-2-yl]-1H-benzimidazole,C1=CC2=C(C=C1Cl)NC(=N2)C3=NC=C(N3CCCl)[N+](=O)[O-],C12H9Cl2N5O2,5,1,4,3.226800000000002,325.013329888,21,89.64,0.2342704149933065,0,Alta,0.902,0.303030303030303,0.9642432583517744,0.7989400195214066,CC1=CC2=C(NC(=N2)C2=CC=C(O2)N(=O)=O)C=C1,0.6835,0.5622,1.2457,1.2956005
17325485,4-[4-(1H-benzimidazol-2-yl)phenyl]morpholine,C1COCCN1C2=CC=C(C=C2)C3=NC4=CC=CC=C4N3,C17H17N3O,3,1,2,3.066500000000001,279.137162164,21,41.15,0.5103280680437424,0,Alta,0.898,0.3703703703703703,0.8050307936105863,0.6963656878005322,NC(=N)NC1=CC2=C(NC(=N2)C2=CC=C(C=C2)C2=CC=CC=C2)C=C1,0.8038,0.5823,1.3862,1.2572168
24077740,N-[3-(1H-benzimidazol-2-yl)phenyl]-4-phenyl-benzamide,C1=CC=C(C=C1)C2=CC=C(C=C2)C(=O)NC3=CC=CC(=C3)C4=NC5=CC=CC=C5N4,C26H19N3O,2,2,4,6.149200000000004,389.1528122280001,30,57.78,0.5192107995846313,1,Alta,0.896,1.0,1.0,1.0,O=C(NC1=CC(=CC=C1)C1=NC2=C(N1)C=CC=C2)C1=CC=C(C=C1)C1=CC=CC=C1,1.0,1.0,2.0,1.9396104
5068842,4-acetyl-N-[3-(1H-benzimidazol-2-yl)phenyl]benzamide,CC(=O)C1=CC=C(C=C1)C(=O)NC2=CC=CC(=C2)C3=NC4=CC=CC=C4N3,C22H17N3O2,3,2,4,4.684800000000003,355.132076784,27,74.85,0.3607214428857715,0,Alta,0.896,0.8297872340425532,0.9619805497861136,0.9289322208502236,O=C(NC1=CC(=CC=C1)C1=NC2=C(N1)C=CC=C2)C1=CC=C(C=C1)C1=CC=CC=C1,0.8414,0.8184,1.6597,1.7329428
624993,6-nitro-2-(3-nitrophenyl)-1H-benzimidazole,C1=CC(=CC(=C1)[N+](=O)[O-])C2=NC3=C(N2)C=C(C=C3)[N+](=O)[O-],C13H8N4O4,5,1,3,3.046300000000001,284.0545547359999,21,114.96,0.1826722338204592,0,Alta,0.894,0.3454545454545454,0.9819319145515124,0.8228125722772708,CC1=CC2=C(NC(=N2)C2=CC=C(O2)N(=O)=O)C=C1,0.7696,0.6216,1.3912,1.3723742
924717,2-(4-methoxyphenyl)-6-methyl-1H-benzimidazole,CC1=CC2=C(C=C1)N=C(N2)C3=CC=C(C=C3)OC,C15H14N2O,2,1,2,3.546920000000002,238.110613068,18,37.91,0.474808757583751,0,Alta,0.892,0.3333333333333333,0.8631068071375706,0.7306634386865113,CC1=CC2=C(NC(=N2)C2=CC=C(O2)N(=O)=O)C=C1,0.7287,0.6483,1.377,1.4105062
24127131,N-[3-(1H-benzimidazol-2-yl)phenyl]-3-chloro-4-methoxy-benzamide,COC1=C(C=C(C=C1)C(=O)NC2=CC=CC(=C2)C3=NC4=CC=CC=C4N3)Cl,C21H16ClN3O2,3,2,4,5.144200000000003,377.093104432,27,67.00999999999999,0.4029249365766304,1,Alta,0.89,0.6785714285714286,0.9785066159846072,0.9035228191313124,O=C(NC1=CC(=CC=C1)C1=NC2=C(N1)C=CC=C2)C1=CC=C(C=C1)C1=CC=CC=C1,0.8285,0.8181,1.6466,1.6287447
164576214,2-[1-(2-chloroethyl)-5-nitro-imidazol-2-yl]-6-methyl-1H-benzimidazole,CC1=CC2=C(C=C1)N=C(N2)C3=NC=C(N3CCCl)[N+](=O)[O-],C13H12ClN5O2,5,1,4,2.88182,305.067952304,21,89.64,0.2342704149933065,0,Alta,0.888,0.3870967741935484,0.960908503474532,0.817455571154286,CC1=CC2=C(NC(=N2)C2=CC=C(O2)N(=O)=O)C=C1,0.6657,0.5621,1.2278,1.3212473
53326580,[2-(4-methoxyphenyl)-3H-benzimidazol-5-yl]methanamine,COC1=CC=C(C=C1)C2=NC3=C(N2)C=C(C=C3)CN,C15H15N3O,3,2,3,2.6972,253.1215121,19,63.92999999999999,0.2972000625684343,0,Alta,0.888,0.3103448275862069,0.9409202683640338,0.783276408169577,NC(=N)NC1=CC2=C(NC(=N2)C2=CC=C(C=C2)C2=CC=CC=C2)C=C1,0.6462,0.4284,1.0745,1.4093971
15435186,2-(4-phenylphenyl)-3H-benzimidazole-5-carboxamidine,C1=CC=C(C=C1)C2=CC=C(C=C2)C3=NC4=C(N3)C=C(C=C4)C(=N)N,C20H16N4,2,3,3,4.180970000000003,312.137496512,24,78.55,0.305537873965627,0,Alta,0.886,0.5625,0.996928387541978,0.8883212906564835,NC(=N)NC1=CC2=C(NC(=N2)C2=CC=C(C=C2)C2=CC=CC=C2)C=C1,0.7939,0.4997,1.2936,1.3933424
43829000,2-(m-tolyl)-6-nitro-1H-benzimidazole,CC1=CC(=CC=C1)C2=NC3=C(N2)C=C(C=C3)[N+](=O)[O-],C14H11N3O2,3,1,2,3.446520000000002,253.085126592,19,71.82,0.2645502645502646,0,Alta,0.886,0.4181818181818181,0.9750995006347414,0.8358700800215105,CC1=CC2=C(NC(=N2)C2=CC=C(O2)N(=O)=O)C=C1,0.7632,0.5352,1.2984,1.5119233
72949168,N-[3-(1H-benzimidazol-2-yl)-4-chloro-phenyl]-4-(4-fluorophenyl)benzamide,C1=CC=C2C(=C1)NC(=N2)C3=C(C=CC(=C3)NC(=O)C4=CC=C(C=C4)C5=CC=C(C=C5)F)Cl,C26H17ClFN3O,2,2,4,6.941700000000004,441.104418064,32,57.78,0.5538248528902734,1,Alta,0.882,0.6140350877192983,0.9913100264835524,0.8969912917924888,O=C(NC1=CC(=CC=C1)C1=NC2=C(N1)C=CC=C2)C1=CC=C(C=C1)C1=CC=CC=C1,0.7463,0.8801,1.6264,1.5641192
135391692,N-(4-chlorophenyl)-2-(5-nitro-2-furyl)-3H-benzimidazole-5-carboxamide,C1=CC(=CC=C1NC(=O)C2=CC3=C(C=C2)N=C(N3)C4=CC=C(O4)[N+](=O)[O-])Cl,C18H11ClN4O4,5,2,4,4.636800000000002,382.046882512,27,114.06,0.2367175170962651,0,Alta,0.882,0.4918032786885246,0.9669212214250984,0.848141735740955,CC1=CC2=C(NC(=N2)C2=CC=C(O2)N(=O)=O)C=C1,0.6415,0.3184,0.9599,1.0856038
57395124,6-nitro-2-(3-thienyl)-1H-benzimidazole,C1=CC2=C(C=C1[N+](=O)[O-])NC(=N2)C3=CSC=C3,C11H7N3O2S,4,1,2,3.199600000000001,245.025897464,17,71.82,0.2367028682818156,0,Alta,0.882,0.3275862068965517,0.9927618441500436,0.8264679348366706,CC1=CC2=C(NC(=N2)C2=CC=C(O2)N(=O)=O)C=C1,0.886,0.5107,1.3967,1.5208375
103597103,6-bromo-2-(3-nitrophenyl)-1H-benzimidazole,C1=CC(=CC(=C1)[N+](=O)[O-])C2=NC3=C(N2)C=C(C=C3)Br,C13H8BrN3O2,3,1,2,3.900600000000001,316.979988596,19,71.82,0.2645502645502646,0,Alta,0.882,0.3220338983050847,0.9447394924703602,0.7890630939290413,CC1=CC2=C(NC(=N2)C2=CC=C(O2)N(=O)=O)C=C1,0.7863,0.6803,1.4666,1.4792938
164576215,2-[1-(2-chloroethyl)-5-nitro-imidazol-2-yl]-6-fluoro-1H-benzimidazole,C1=CC2=C(C=C1F)NC(=N2)C3=NC=C(N3CCCl)[N+](=O)[O-],C12H9ClFN5O2,5,1,4,2.712500000000001,309.042880428,21,89.64,0.2342704149933065,0,Alta,0.882,0.2985074626865671,0.9533699714429048,0.7896543442538204,CC1=CC2=C(NC(=N2)C2=CC=C(O2)N(=O)=O)C=C1,0.6877,0.5622,1.2498,1.2728591
1085293,[4-[[3-(1H-benzimidazol-2-yl)phenyl]carbamoyl]-2-methoxy-phenyl] acetate,CC(=O)OC1=C(C=C(C=C1)C(=O)NC2=CC=CC(=C2)C3=NC4=CC=CC=C4N3)OC,C23H19N3O4,5,2,5,4.416100000000004,401.1375560880001,30,93.31000000000002,0.3215089486657378,0,Alta,0.88,0.6551724137931034,0.8784881056276754,0.8226591826690324,O=C(NC1=CC(=CC=C1)C1=NC2=C(N1)C=CC=C2)C1=CC=C(C=C1)C1=CC=CC=C1,0.8002,0.75,1.5502,1.4087454
794743,6-methyl-2-(3-nitrophenyl)-1H-benzimidazole,CC1=CC2=C(C=C1)N=C(N2)C3=CC(=CC=C3)[N+](=O)[O-],C14H11N3O2,3,1,2,3.446520000000002,253.085126592,19,71.82,0.2645502645502646,0,Alta,0.88,0.4444444444444444,0.9750995006347414,0.8424357365871671,CC1=CC2=C(NC(=N2)C2=CC=C(O2)N(=O)=O)C=C1,0.7465,0.7501,1.4966,1.52905
162668556,2-(5-nitro-2-furyl)-N-[4-(trifluoromethyl)phenyl]-3H-benzimidazole-5-carboxamide,C1=CC(=CC=C1C(F)(F)F)NC(=O)C2=CC3=C(C=C2)N=C(N3)C4=CC=C(O4)[N+](=O)[O-],C19H11F3N4O4,5,2,4,5.002200000000003,416.073239492,30,114.06,0.2630194634402946,1,Alta,0.878,0.46875,0.9516563600123772,0.8309297700092829,CC1=CC2=C(NC(=N2)C2=CC=C(O2)N(=O)=O)C=C1,0.5162,0.3617,0.8778,1.0873663
164576218,6-bromo-2-[1-(2-chloroethyl)-5-nitro-imidazol-2-yl]-1H-benzimidazole,C1=CC2=C(C=C1Br)NC(=N2)C3=NC=C(N3CCCl)[N+](=O)[O-],C12H9BrClN5O2,5,1,4,3.335900000000001,368.962814308,21,89.64,0.2342704149933065,0,Alta,0.878,0.2985074626865671,0.9484735943437248,0.7859820614294355,CC1=CC2=C(NC(=N2)C2=CC=C(O2)N(=O)=O)C=C1,0.6817,0.5196,1.2014,1.2754693
14592771,6-chloro-2-(5-nitro-2-furyl)-1H-benzimidazole,C1=CC2=C(C=C1Cl)NC(=N2)C3=CC=C(O3)[N+](=O)[O-],C11H6ClN3O3,4,1,2,3.384500000000001,263.009768732,18,84.96,0.211864406779661,0,Alta,0.876,0.625,0.996522436491031,0.9036418273682733,CC1=CC2=C(NC(=N2)C2=CC=C(O2)N(=O)=O)C=C1,0.9113,1.0,1.9113,1.8211331
164576227,2-[1-(2-chloroethyl)-5-nitro-imidazol-2-yl]-6-methoxy-1H-benzimidazole,COC1=CC2=C(C=C1)N=C(N2)C3=NC=C(N3CCCl)[N+](=O)[O-],C13H12ClN5O3,6,1,5,2.582000000000001,321.0628669239999,22,98.87,0.2225144128653787,0,Alta,0.876,0.3043478260869565,0.9235177872910112,0.7687252969899975,CC1=CC2=C(NC(=N2)C2=CC=C(O2)N(=O)=O)C=C1,0.6867,0.6031,1.2898,1.2083288
129754457,1-methyl-2-(5-nitro-3-thienyl)benzimidazole,CN1C2=CC=CC=C2N=C1C3=CSC(=C3)[N+](=O)[O-],C12H9N3O2S,5,0,2,3.210000000000002,259.041547528,18,60.95999999999999,0.2952755905511811,0,Alta,0.876,0.238095238095238,0.9205672519329569,0.7499492484735271,CC1=CC2=C(NC(=N2)C2=CC=C(O2)N(=O)=O)C=C1,0.5961,0.6207,1.2168,1.4514849
56239,6-chloro-2-(4-methoxyphenyl)-1H-benzimidazole,COC1=CC=C(C=C1)C2=NC3=C(N2)C=C(C=C3)Cl,C14H11ClN2O,2,1,2,3.891900000000001,258.055990652,18,37.91,0.474808757583751,0,Alta,0.876,0.2372881355932203,0.8486554757029419,0.6958136406755114,CC1=CC2=C(NC(=N2)C2=CC=C(O2)N(=O)=O)C=C1,0.741,0.6482,1.3892,1.3856609
3125070,N-[3-(1H-benzimidazol-2-yl)-4-chloro-phenyl]-4-phenyl-benzamide,C1=CC=C(C=C1)C2=CC=C(C=C2)C(=O)NC3=CC(=C(C=C3)Cl)C4=NC5=CC=CC=C5N4,C26H18ClN3O,2,2,4,6.802600000000004,423.113839876,31,57.78,0.5365178262374524,1,Alta,0.874,0.7115384615384616,0.9952110144008066,0.9242928761852204,O=C(NC1=CC(=CC=C1)C1=NC2=C(N1)C=CC=C2)C1=CC=C(C=C1)C1=CC=CC=C1,0.7468,0.8801,1.6269,1.658015
129883878,2-[4-(4-methyl-1-piperidyl)phenyl]-1H-benzimidazole,CC1CCN(CC1)C2=CC=C(C=C2)C3=NC4=CC=CC=C4N3,C19H21N3,2,1,2,4.466200000000003,291.173547672,22,31.92,0.6892230576441103,0,Alta,0.874,0.3508771929824561,0.8105327083437875,0.6956188295034547,NC(=N)NC1=CC2=C(NC(=N2)C2=CC=C(C=C2)C2=CC=CC=C2)C=C1,0.7707,0.6353,1.4059,1.3248023
794634,2-(3-methoxyphenyl)-1H-benzimidazole,COC1=CC=CC(=C1)C2=NC3=CC=CC=C3N2,C14H12N2O,2,1,2,3.238500000000001,224.094963004,17,37.91,0.4484304932735426,0,Alta,0.872,0.2631578947368421,0.8752720324779641,0.7222434980426836,CC1=CC2=C(NC(=N2)C2=CC=C(O2)N(=O)=O)C=C1,0.7186,0.6807,1.3993,1.4302989
3065146,5-(6-nitro-1H-benzimidazol-2-yl)furan-2-carbaldehyde,C1=CC2=C(C=C1[N+](=O)[O-])NC(=N2)C3=CC=C(O3)C=O,C12H7N3O4,5,1,3,2.543600000000001,257.043655704,19,102.03,0.186219739292365,0,Alta,0.87,0.4545454545454545,0.972531884964606,0.8430352773598181,CC1=CC2=C(NC(=N2)C2=CC=C(O2)N(=O)=O)C=C1,0.8939,0.7262,1.6202,1.4604826
164576236,2-[1-(2-chloroethyl)-5-nitro-imidazol-2-yl]-6-ethoxy-1H-benzimidazole,CCOC1=CC2=C(C=C1)N=C(N2)C3=NC=C(N3CCCl)[N+](=O)[O-],C14H14ClN5O3,6,1,6,2.972100000000001,335.0785169879999,23,98.87,0.2326287043592596,0,Alta,0.87,0.3,0.9173665938523324,0.7630249453892494,CC1=CC2=C(NC(=N2)C2=CC=C(O2)N(=O)=O)C=C1,0.5937,0.6032,1.1969,1.1510078
5127237,N-[3-(1H-benzimidazol-2-yl)phenyl]-4-isopropoxy-benzamide,CC(C)OC1=CC=C(C=C1)C(=O)NC2=CC=CC(=C2)C3=NC4=CC=CC=C4N3,C23H21N3O2,3,2,5,5.269400000000004,371.1633769120001,28,67.00999999999999,0.4178480823757649,1,Alta,0.868,0.75,0.9599249126757496,0.907443684506812,O=C(NC1=CC(=CC=C1)C1=NC2=C(N1)C=CC=C2)C1=CC=C(C=C1)C1=CC=CC=C1,0.8322,0.7502,1.5823,1.6267675
68602100,2-(3-chlorophenyl)-6-nitro-1H-benzimidazole,C1=CC(=CC(=C1)Cl)C2=NC3=C(N2)C=C(C=C3)[N+](=O)[O-],C13H8ClN3O2,3,1,2,3.791500000000002,273.030504176,19,71.82,0.2645502645502646,0,Alta,0.868,0.3220338983050847,0.9615604822368956,0.8016788362539429,CC1=CC2=C(NC(=N2)C2=CC=C(O2)N(=O)=O)C=C1,0.828,0.4999,1.3279,1.485765
21404692,2-(1-methyl-5-nitro-imidazol-2-yl)-1H-benzimidazole,CN1C(=CN=C1C2=NC3=CC=CC=C3N2)[N+](=O)[O-],C11H9N5O2,5,1,2,1.8716,243.075624528,18,89.64,0.2008032128514056,0,Alta,0.866,0.3684210526315789,0.9371648071677272,0.79497886853369,CC1=CC2=C(NC(=N2)C2=CC=C(O2)N(=O)=O)C=C1,0.7352,0.5621,1.2973,1.4644105
52991963,"2-(1,1,2,2,3,3,3-heptafluoropropyl)-6-nitro-1H-benzimidazole",C1=CC2=C(C=C1[N+](=O)[O-])NC(=N2)C(C(C(F)(F)F)(F)F)(F)F,C10H4F7N3O2,3,1,3,3.760499999999999,331.019173908,22,71.82,0.3063213589529379,0,Alta,0.866,0.2666666666666666,0.9325281381930196,0.7660627703114313,CC1=CC2=C(NC(=N2)C2=CC=C(O2)N(=O)=O)C=C1,0.8046,0.5053,1.3099,1.3442878
135391702,N-(4-bromophenyl)-2-(5-nitro-2-furyl)-3H-benzimidazole-5-carboxamide,C1=CC(=CC=C1NC(=O)C2=CC3=C(C=C2)N=C(N3)C4=CC=C(O4)[N+](=O)[O-])Br,C18H11BrN4O4,5,2,4,4.745900000000002,425.9963669319999,27,114.06,0.2367175170962651,0,Alta,0.864,0.4918032786885246,0.955831361695404,0.8398243409436841,CC1=CC2=C(NC(=N2)C2=CC=C(O2)N(=O)=O)C=C1,0.643,0.2996,0.9426,1.0562181
60981755,6-fluoro-2-(4-methoxyphenyl)-1H-benzimidazole,COC1=CC=C(C=C1)C2=NC3=C(N2)C=C(C=C3)F,C14H11FN2O,2,1,2,3.377600000000002,242.085541192,18,37.91,0.474808757583751,0,Alta,0.864,0.2372881355932203,0.8702928362230478,0.7120416610655909,CC1=CC2=C(NC(=N2)C2=CC=C(O2)N(=O)=O)C=C1,0.7444,0.6483,1.3927,1.3980832
164576226,2-[1-(2-chloroethyl)-5-nitro-imidazol-2-yl]-3H-benzimidazole-5-carbonitrile,C1=CC2=C(C=C1C#N)NC(=N2)C3=NC=C(N3CCCl)[N+](=O)[O-],C13H9ClN6O2,6,1,4,2.44508,316.047551208,22,113.43,0.1939522172264833,0,Alta,0.86,0.3043478260869565,0.936053028903765,0.7781267281995629,CC1=CC2=C(NC(=N2)C2=CC=C(O2)N(=O)=O)C=C1,0.6794,0.5197,1.199,1.2627944
53321120,N'-(4-chlorobenzoyl)-2-(5-nitro-2-furyl)-3H-benzimidazole-5-carbohydrazide,C1=CC(=CC=C1C(=O)NNC(=O)C2=CC3=C(C=C2)N=C(N3)C4=CC=C(O4)[N+](=O)[O-])Cl,C19H12ClN5O5,6,3,4,3.459300000000001,425.0526961639999,30,143.16,0.2095557418273261,0,Alta,0.858,0.5084745762711864,0.9318358113276884,0.8259955025635629,CC1=CC2=C(NC(=N2)C2=CC=C(O2)N(=O)=O)C=C1,0.5149,0.2678,0.7828,0.94205654
156631123,N-[3-(1H-benzimidazol-2-ylamino)phenyl]-4-phenyl-benzamide,C1=CC=C(C=C1)C2=CC=C(C=C2)C(=O)NC3=CC=CC(=C3)NC4=NC5=CC=CC=C5N4,C26H20N4O,3,3,5,6.225800000000004,404.1637112600001,31,69.81,0.4440624552356396,1,Alta,0.856,0.72,0.9884080451642746,0.921306033873206,O=C(NC1=CC(=CC=C1)C1=NC2=C(N1)C=CC=C2)C1=CC=C(C=C1)C1=CC=CC=C1,0.7025,0.5298,1.2323,1.4264448
4987148,N-[3-(1H-benzimidazol-2-yl)phenyl]-3-methoxy-naphthalene-2-carboxamide,COC1=CC2=CC=CC=C2C=C1C(=O)NC3=CC=CC(=C3)C4=NC5=CC=CC=C5N4,C25H19N3O2,3,2,4,5.644000000000004,393.1477268480001,30,67.00999999999999,0.4476943739740338,1,Alta,0.856,0.625,0.987854801292504,0.8971411009693782,O=C(NC1=CC(=CC=C1)C1=NC2=C(N1)C=CC=C2)C1=CC=C(C=C1)C1=CC=CC=C1,0.7559,0.75,1.5059,1.5610994
14592769,2-(5-nitro-2-furyl)-6-(trifluoromethyl)-1H-benzimidazole,C1=CC2=C(C=C1C(F)(F)F)NC(=N2)C3=CC=C(O3)[N+](=O)[O-],C12H6F3N3O3,4,1,2,3.749900000000001,297.0361257119999,21,84.96,0.2471751412429378,0,Alta,0.856,0.5882352941176471,0.9820155336200452,0.8835704737444458,CC1=CC2=C(NC(=N2)C2=CC=C(O2)N(=O)=O)C=C1,0.8742,1.0,1.8742,1.6969699
12855,2-phenyl-1H-benzimidazole,C1=CC=C(C=C1)C2=NC3=CC=CC=C3N2,C13H10N2,1,1,1,3.229900000000002,194.08439832,15,28.68,0.5230125523012552,0,Alta,0.856,0.2653061224489796,0.7270506623357703,0.6116145273640726,CC1=CC2=C(NC(=N2)C2=CC=C(O2)N(=O)=O)C=C1,0.8056,0.6542,1.4598,1.3246423
122401313,"2-(2,6-dideuteriophenyl)-1H-benzimidazole",C1=CC=C(C=C1)C2=NC3=CC=CC=C3N2,C13H10N2,1,1,1,3.229900000000002,194.08439832,15,28.68,0.5230125523012552,0,Alta,0.856,0.2653061224489796,0.7270506623357703,0.6116145273640726,CC1=CC2=C(NC(=N2)C2=CC=C(O2)N(=O)=O)C=C1,0.8056,0.6542,1.4598,1.3246423
120207,2-(3-fluorophenyl)-1H-benzimidazole,C1=CC=C2C(=C1)NC(=N2)C3=CC(=CC=C3)F,C13H9FN2,1,1,1,3.369000000000001,212.074976508,16,28.68,0.5578800557880056,0,Alta,0.856,0.2545454545454545,0.7392032709435824,0.6180388168440504,CC1=CC2=C(NC(=N2)C2=CC=C(O2)N(=O)=O)C=C1,0.8074,0.6542,1.4615,1.370833
90031015,N-[3-(1H-benzimidazol-2-yl)-4-chloro-phenyl]-4-(3-fluorophenyl)benzamide,C1=CC=C2C(=C1)NC(=N2)C3=C(C=CC(=C3)NC(=O)C4=CC=C(C=C4)C5=CC(=CC=C5)F)Cl,C26H17ClFN3O,2,2,4,6.941700000000004,441.104418064,32,57.78,0.5538248528902734,1,Alta,0.854,0.6271186440677966,0.9913100264835524,0.9002621808796134,O=C(NC1=CC(=CC=C1)C1=NC2=C(N1)C=CC=C2)C1=CC=C(C=C1)C1=CC=CC=C1,0.9162,0.6589,1.5751,1.5722224
44464942,6-methylsulfonyl-2-(4-phenylphenyl)-1H-benzimidazole,CS(=O)(=O)C1=CC2=C(C=C1)N=C(N2)C3=CC=C(C=C3)C4=CC=CC=C4,C20H16N2O2S,3,1,3,4.300400000000002,348.093248752,25,62.82,0.3979624323463865,0,Alta,0.854,0.4150943396226415,0.8173401811259011,0.7167787207500862,NC(=N)NC1=CC2=C(NC(=N2)C2=CC=C(C=C2)C2=CC=CC=C2)C=C1,0.7669,0.538,1.3049,1.2270857
18573692,N-[3-(1H-benzimidazol-2-yl)phenyl]-4-methylsulfanyl-benzamide,CSC1=CC=C(C=C1)C(=O)NC2=CC=CC(=C2)C3=NC4=CC=CC=C4N3,C21H17N3OS,3,2,4,5.204100000000003,359.109233164,26,57.78,0.4499826929733471,1,Alta,0.852,0.78,0.9786797642478176,0.9290098231858632,O=C(NC1=CC(=CC=C1)C1=NC2=C(N1)C=CC=C2)C1=CC=C(C=C1)C1=CC=CC=C1,0.8458,0.8181,1.6639,1.7137598
72949346,N-[3-(1H-benzimidazol-2-yl)-4-chloro-phenyl]-4-[4-(trifluoromethyl)phenyl]benzamide,C1=CC=C2C(=C1)NC(=N2)C3=C(C=CC(=C3)NC(=O)C4=CC=C(C=C4)C5=CC=C(C=C5)C(F)(F)F)Cl,C27H17ClF3N3O,2,2,4,7.821400000000005,491.101224504,35,57.78,0.6057459328487366,1,Alta,0.852,0.5932203389830508,0.9664969136184104,0.8731777699595706,O=C(NC1=CC(=CC=C1)C1=NC2=C(N1)C=CC=C2)C1=CC=C(C=C1)C1=CC=CC=C1,0.8892,0.659,1.5482,1.51461
39158436,"5,6-dichloro-2-(4-methoxyphenyl)-1H-benzimidazole",COC1=CC=C(C=C1)C2=NC3=CC(=C(C=C3N2)Cl)Cl,C14H10Cl2N2O,2,1,2,4.545300000000001,292.0170183,19,37.91,0.5011870218939595,0,Alta,0.852,0.2631578947368421,0.8235545344076951,0.6834553744899818,CC1=CC2=C(NC(=N2)C2=CC=C(O2)N(=O)=O)C=C1,0.7421,0.6483,1.3904,1.346508
56691209,1-methyl-2-(3-nitrophenyl)benzimidazole,CN1C2=CC=CC=C2N=C1C3=CC(=CC=C3)[N+](=O)[O-],C14H11N3O2,4,0,2,3.148500000000002,253.085126592,19,60.95999999999999,0.3116797900262467,0,Alta,0.852,0.2459016393442623,0.9309962426171926,0.7597225917989601,CC1=CC2=C(NC(=N2)C2=CC=C(O2)N(=O)=O)C=C1,0.5848,0.6196,1.2045,1.4703624
138648971,1-[2-[4-[4-(6-guanidino-1H-benzimidazol-2-yl)phenyl]phenyl]-3H-benzimidazol-5-yl]guanidine,C1=CC(=CC=C1C2=CC=C(C=C2)C3=NC4=C(N3)C=C(C=C4)NC(=N)N)C5=NC6=C(N5)C=C(C=C6)NC(=N)N,C28H24N10,4,8,5,5.050940000000002,500.2185407680002,38,181.16,0.2097593287701479,3,Alta,0.85,0.7209302325581395,0.9925746505707632,0.9246635460676074,NC(=N)NC1=CC2=C(NC(=N2)C2=CC=C(C=C2)C2=CC=CC=C2)C=C1,0.5424,0.1257,0.6681,0.6008668
135391800,N-(3-chloro-4-methoxy-phenyl)-2-(5-nitro-2-furyl)-3H-benzimidazole-5-carboxamide,COC1=C(C=C(C=C1)NC(=O)C2=CC3=C(C=C2)N=C(N3)C4=CC=C(O4)[N+](=O)[O-])Cl,C19H13ClN4O5,6,2,5,4.645400000000002,412.0574471959999,29,123.29,0.2352177792197258,0,Alta,0.85,0.4558823529411764,0.9616317750078934,0.8351944194912142,CC1=CC2=C(NC(=N2)C2=CC=C(O2)N(=O)=O)C=C1,0.5139,0.346,0.8599,0.9761914
15991532,N-[3-(1H-benzimidazol-2-yl)phenyl]-4-propoxy-benzamide,CCCOC1=CC=C(C=C1)C(=O)NC2=CC=CC(=C2)C3=NC4=CC=CC=C4N3,C23H21N3O2,3,2,6,5.271000000000004,371.1633769120001,28,67.00999999999999,0.4178480823757649,1,Alta,0.846,0.7090909090909091,0.9090603708060564,0.8590680053772695,O=C(NC1=CC(=CC=C1)C1=NC2=C(N1)C=CC=C2)C1=CC=C(C=C1)C1=CC=CC=C1,0.8651,0.7497,1.6148,1.558156
158393,6-fluoro-2-(5-nitro-2-furyl)-1H-benzimidazole,C1=CC2=C(C=C1F)NC(=N2)C3=CC=C(O3)[N+](=O)[O-],C11H6FN3O3,4,1,2,2.870200000000001,247.039319272,18,84.96,0.211864406779661,0,Alta,0.846,0.625,0.9991245668184172,0.9055934251138128,CC1=CC2=C(NC(=N2)C2=CC=C(O2)N(=O)=O)C=C1,0.9152,1.0,1.9152,1.8371261
53317206,N-[[2-(5-nitro-2-furyl)-3H-benzimidazole-5-carbonyl]amino]formamide,C1=CC2=C(C=C1C(=O)NNC=O)NC(=N2)C3=CC=C(O3)[N+](=O)[O-],C13H9N5O5,6,3,5,1.1219,315.060368388,23,143.1600000000001,0.1606594020676166,0,Alta,0.846,0.5084745762711864,0.8141631946410721,0.7377410400486007,CC1=CC2=C(NC(=N2)C2=CC=C(O2)N(=O)=O)C=C1,0.7565,0.6774,1.4339,1.2984264
135391919,"2-(5-nitro-2-furyl)-N-(3,4,5-trimethoxyphenyl)-3H-benzimidazole-5-carboxamide",COC1=CC(=CC(=C1OC)OC)NC(=O)C2=CC3=C(C=C2)N=C(N3)C4=CC=C(O4)[N+](=O)[O-],C21H18N4O7,8,2,7,4.009200000000002,438.117548916,32,141.75,0.2257495590828924,0,Alta,0.846,0.4769230769230769,0.9327749344170896,0.8188119700435865,CC1=CC2=C(NC(=N2)C2=CC=C(O2)N(=O)=O)C=C1,0.5036,0.4134,0.917,0.91007125
43829003,2-(2-chlorophenyl)-6-nitro-1H-benzimidazole,C1=CC=C(C(=C1)C2=NC3=C(N2)C=C(C=C3)[N+](=O)[O-])Cl,C13H8ClN3O2,3,1,2,3.791500000000002,273.030504176,19,71.82,0.2645502645502646,0,Alta,0.846,0.3275862068965517,0.9615604822368956,0.8030669134018097,CC1=CC2=C(NC(=N2)C2=CC=C(O2)N(=O)=O)C=C1,0.9153,0.4993,1.4146,1.4855347
22096712,2-(5-nitro-2-thienyl)-3H-benzimidazole-5-carboxylic acid,C1=CC2=C(C=C1C(=O)O)NC(=N2)C3=CC=C(S3)[N+](=O)[O-],C12H7N3O4S,5,2,3,2.8978,289.015726704,20,109.12,0.1832844574780058,0,Alta,0.846,0.3064516129032258,0.970494183846928,0.8044835411110024,CC1=CC2=C(NC(=N2)C2=CC=C(O2)N(=O)=O)C=C1,0.8623,0.5832,1.4455,1.2351012
17093041,N-[5-(1H-benzimidazol-2-yl)-2-methoxy-phenyl]-4-phenyl-benzamide,COC1=C(C=C(C=C1)C2=NC3=CC=CC=C3N2)NC(=O)C4=CC=C(C=C4)C5=CC=CC=C5,C27H21N3O2,3,2,5,6.157800000000004,419.163376912,32,67.00999999999999,0.4775406655723027,1,Alta,0.844,0.6666666666666666,0.9699099042093682,0.8940990948236928,O=C(NC1=CC(=CC=C1)C1=NC2=C(N1)C=CC=C2)C1=CC=C(C=C1)C1=CC=CC=C1,0.8299,0.8077,1.6376,1.5756798
135391775,"N-(3,4-dimethylphenyl)-2-(5-nitro-2-furyl)-3H-benzimidazole-5-carboxamide",CC1=C(C=C(C=C1)NC(=O)C2=CC3=C(C=C2)N=C(N3)C4=CC=C(O4)[N+](=O)[O-])C,C20H16N4O4,5,2,4,4.600240000000002,376.1171549919999,28,114.06,0.2454848325442749,0,Alta,0.844,0.5245901639344263,0.9650509458886368,0.8549357504000843,CC1=CC2=C(NC(=N2)C2=CC=C(O2)N(=O)=O)C=C1,0.5367,0.3185,0.8552,1.0668273
46906817,2-(2-ethoxyphenyl)-6-nitro-1H-benzimidazole,CCOC1=CC=CC=C1C2=NC3=C(N2)C=C(C=C3)[N+](=O)[O-],C15H13N3O3,4,1,4,3.536800000000002,283.095691276,21,81.05,0.2590993214065392,0,Alta,0.844,0.3174603174603174,0.967579532651588,0.8050497288537704,CC1=CC2=C(NC(=N2)C2=CC=C(O2)N(=O)=O)C=C1,0.7388,0.4604,1.1991,1.3316234
755544,"2-(3,4,5-trimethoxyphenyl)-1H-benzimidazole",COC1=CC(=CC(=C1OC)OC)C2=NC3=CC=CC=C3N2,C16H16N2O3,4,1,4,3.255700000000001,284.116092372,21,56.37,0.3725385843533795,0,Alta,0.844,0.2631578947368421,0.9331676308502485,0.7656651968218967,CC1=CC2=C(NC(=N2)C2=CC=C(O2)N(=O)=O)C=C1,0.6033,0.6216,1.225,1.2377865
1363366,N-[3-(1H-benzimidazol-2-yl)phenyl]-3-chloro-4-ethoxy-benzamide,CCOC1=C(C=C(C=C1)C(=O)NC2=CC=CC(=C2)C3=NC4=CC=CC=C4N3)Cl,C22H18ClN3O2,3,2,5,5.534300000000004,391.108754496,28,67.00999999999999,0.4178480823757649,1,Alta,0.842,0.6440677966101694,0.9644796875375562,0.8843767148057096,O=C(NC1=CC(=CC=C1)C1=NC2=C(N1)C=CC=C2)C1=CC=C(C=C1)C1=CC=CC=C1,0.862,0.8178,1.6798,1.5856055
3849182,2-(4-ethoxyphenyl)-6-methyl-1H-benzimidazole,CCOC1=CC=C(C=C1)C2=NC3=C(N2)C=C(C=C3)C,C16H16N2O,2,1,3,3.937020000000002,252.126263132,19,37.91,0.5011870218939595,0,Alta,0.842,0.3157894736842105,0.842890985954619,0.7111156078870169,CC1=CC2=C(NC(=N2)C2=CC=C(O2)N(=O)=O)C=C1,0.6856,0.6484,1.334,1.3090196
1216064,N-[3-(1H-benzimidazol-2-yl)phenyl]-4-nitro-benzamide,C1=CC=C2C(=C1)NC(=N2)C3=CC(=CC=C3)NC(=O)C4=CC=C(C=C4)[N+](=O)[O-],C20H14N4O3,4,2,4,4.390400000000002,358.106590308,27,100.92,0.267538644470868,0,Alta,0.84,0.7647058823529411,0.9026546261839028,0.8681674402261624,O=C(NC1=CC(=CC=C1)C1=NC2=C(N1)C=CC=C2)C1=CC=C(C=C1)C1=CC=CC=C1,0.8581,0.7494,1.6076,1.5393461
135391728,N-(2-chlorophenyl)-2-(5-nitro-2-furyl)-3H-benzimidazole-5-carboxamide,C1=CC=C(C(=C1)NC(=O)C2=CC3=C(C=C2)N=C(N3)C4=CC=C(O4)[N+](=O)[O-])Cl,C18H11ClN4O4,5,2,4,4.636800000000002,382.046882512,27,114.06,0.2367175170962651,0,Alta,0.84,0.4761904761904761,0.9669212214250984,0.8442385351164429,CC1=CC2=C(NC(=N2)C2=CC=C(O2)N(=O)=O)C=C1,0.5752,0.6958,1.2711,1.0951171
127050307,6-chloro-2-(2-chloro-5-nitro-phenyl)-1H-benzimidazole,C1=CC(=C(C=C1[N+](=O)[O-])C2=NC3=C(N2)C=C(C=C3)Cl)Cl,C13H7Cl2N3O2,3,1,2,4.444900000000001,306.991531824,20,71.82,0.278473962684489,0,Alta,0.84,0.3220338983050847,0.9327077983753218,0.7800393233577625,CC1=CC2=C(NC(=N2)C2=CC=C(O2)N(=O)=O)C=C1,0.865,0.8102,1.6752,1.4563239
145720,2-(5-nitro-2-furyl)-1H-benzimidazole,C1=CC=C2C(=C1)NC(=N2)C3=CC=C(O3)[N+](=O)[O-],C11H7N3O3,4,1,2,2.731100000000001,229.048741084,17,84.96,0.2000941619585687,0,Alta,0.838,0.6818181818181818,0.9964514643202318,0.9177931436947192,CC1=CC2=C(NC(=N2)C2=CC=C(O2)N(=O)=O)C=C1,0.9161,1.0,1.9161,1.8948733
135391756,"N-(2,5-dimethylphenyl)-2-(5-nitro-2-furyl)-3H-benzimidazole-5-carboxamide",CC1=CC(=C(C=C1)C)NC(=O)C2=CC3=C(C=C2)N=C(N3)C4=CC=C(O4)[N+](=O)[O-],C20H16N4O4,5,2,4,4.600240000000003,376.1171549919999,28,114.06,0.2454848325442749,0,Alta,0.838,0.5932203389830508,0.9650509458886368,0.8720932941622404,CC1=CC2=C(NC(=N2)C2=CC=C(O2)N(=O)=O)C=C1,0.4132,0.5835,0.9967,1.1592904
134954052,6-phenyl-2-(4-phenylphenyl)-1H-benzimidazole,C1=CC=C(C=C1)C2=CC=C(C=C2)C3=NC4=C(N3)C=C(C=C4)C5=CC=CC=C5,C25H18N2,1,1,3,6.563900000000005,346.146998576,27,28.68,0.9414225941422594,1,Alta,0.838,0.5,0.6371209899006599,0.6028407424254949,NC(=N)NC1=CC2=C(NC(=N2)C2=CC=C(C=C2)C2=CC=CC=C2)C=C1,0.7084,0.5828,1.2912,1.3461592
145706429,"2-(5-nitro-2-furyl)-3H-imidazo[1,2-a]benzimidazole",C1=CC=C2C(=C1)N=C3N2C=C(N3)C4=CC=C(O4)[N+](=O)[O-],C13H8N4O3,5,1,2,2.983800000000001,268.059640116,20,89.37,0.2237887434262056,0,Alta,0.838,0.396551724137931,0.9900848117047264,0.8417015398130276,CC1=CC2=C(NC(=N2)C2=CC=C(O2)N(=O)=O)C=C1,0.8938,0.6584,1.5522,1.4888284
145706453,"4-methyl-2-(5-nitro-2-furyl)imidazo[1,2-a]benzimidazole",CN1C2=CC=CC=C2N3C1=NC(=C3)C4=CC=C(O4)[N+](=O)[O-],C14H10N4O3,6,0,2,2.994200000000001,282.07529018,21,78.51,0.2674818494459304,0,Alta,0.838,0.3620689655172414,0.9170316853498034,0.778291005391663,CC1=CC2=C(NC(=N2)C2=CC=C(O2)N(=O)=O)C=C1,0.8208,0.7172,1.538,1.388851
14592768,6-methyl-2-(5-nitro-2-furyl)-1H-benzimidazole,CC1=CC2=C(C=C1)N=C(N2)C3=CC=C(O3)[N+](=O)[O-],C12H9N3O3,4,1,2,3.03952,243.064391148,18,84.96,0.211864406779661,0,Alta,0.836,0.813953488372093,1.0,0.9534883720930236,CC1=CC2=C(NC(=N2)C2=CC=C(O2)N(=O)=O)C=C1,0.863,1.0,1.863,1.9432207
623646,6-nitro-2-(5-nitro-2-furyl)-1H-benzimidazole,C1=CC2=C(C=C1[N+](=O)[O-])NC(=N2)C3=CC=C(O3)[N+](=O)[O-],C11H6N4O5,6,1,3,2.6393,274.033819292,20,128.1,0.156128024980484,0,Alta,0.836,0.6382978723404256,0.956180050561094,0.8767095060059269,CC1=CC2=C(NC(=N2)C2=CC=C(O2)N(=O)=O)C=C1,0.8936,0.8176,1.7111,1.4733542
4071550,N-[3-(1H-benzimidazol-2-yl)phenyl]-3-chloro-benzothiophene-2-carboxamide,C1=CC=C2C(=C1)C(=C(S2)C(=O)NC3=CC=CC(=C3)C4=NC5=CC=CC=C5N4)Cl,C22H14ClN3OS,3,2,3,6.350300000000003,403.054610748,28,57.78,0.4845967462789892,1,Alta,0.836,0.603448275862069,0.9638384505904134,0.8737409069083273,O=C(NC1=CC(=CC=C1)C1=NC2=C(N1)C=CC=C2)C1=CC=C(C=C1)C1=CC=CC=C1,0.8542,0.8186,1.6728,1.632988
135391724,2-(5-nitro-2-furyl)-N-(o-tolyl)-3H-benzimidazole-5-carboxamide,CC1=CC=CC=C1NC(=O)C2=CC3=C(C=C2)N=C(N3)C4=CC=C(O4)[N+](=O)[O-],C19H14N4O4,5,2,4,4.291820000000002,362.1015049279999,27,114.06,0.2367175170962651,0,Alta,0.836,0.5245901639344263,0.9686524213386872,0.8576368569876222,CC1=CC2=C(NC(=N2)C2=CC=C(O2)N(=O)=O)C=C1,0.5852,0.7508,1.336,1.1034185
53325080,N'-(3-chlorobenzoyl)-2-(5-nitro-2-furyl)-3H-benzimidazole-5-carbohydrazide,C1=CC(=CC(=C1)Cl)C(=O)NNC(=O)C2=CC3=C(C=C2)N=C(N3)C4=CC=C(O4)[N+](=O)[O-],C19H12ClN5O5,6,3,4,3.459300000000001,425.052696164,30,143.16,0.2095557418273261,0,Alta,0.836,0.4838709677419355,0.9318358113276884,0.8198446004312502,CC1=CC2=C(NC(=N2)C2=CC=C(O2)N(=O)=O)C=C1,0.6211,0.4311,1.0522,0.9299141
2731165,"2-(4-methoxyphenyl)-5,6-dimethyl-1H-benzimidazole",CC1=CC2=C(C=C1C)N=C(N2)C3=CC=C(C=C3)OC,C16H16N2O,2,1,2,3.855340000000002,252.126263132,19,37.91,0.5011870218939595,0,Alta,0.836,0.2909090909090909,0.8504454768496068,0.7105613803644779,CC1=CC2=C(NC(=N2)C2=CC=C(O2)N(=O)=O)C=C1,0.7625,0.6487,1.4112,1.399118
76310486,"methyl 3-chloro-4-[[2-[6-chloro-1-[(3,5-dimethylphenyl)methyl]benzimidazol-2-yl]sulfanylacetyl]amino]benzoate",CC1=CC(=CC(=C1)CN2C3=C(C=CC(=C3)Cl)N=C2SCC(=O)NC4=C(C=C(C=C4)C(=O)OC)Cl)C,C26H23Cl2N3O3S,6,1,7,6.525640000000005,527.083717956,35,73.22,0.4780114722753346,2,Alta,0.834,1.0,1.0,1.0,COC(=O)C1=CC=C(NC(=O)CSC2=NC3=C(C=C(Cl)C=C3)N2CC2=CC(C)=CC(C)=C2)C(Cl)=C1,1.0,1.0,2.0,2.0
18587180,N-[3-(1H-benzimidazol-2-yl)phenyl]-4-isopropylsulfonyl-benzamide,CC(C)S(=O)(=O)C1=CC=C(C=C1)C(=O)NC2=CC=CC(=C2)C3=NC4=CC=CC=C4N3,C23H21N3O3S,4,2,5,4.664300000000003,419.1303625320001,30,91.92,0.3263707571801567,0,Alta,0.834,0.7222222222222222,0.9132394619405816,0.8654851520109919,O=C(NC1=CC(=CC=C1)C1=NC2=C(N1)C=CC=C2)C1=CC=C(C=C1)C1=CC=CC=C1,0.7851,0.6921,1.4773,1.5064749
135391755,"N-(2,4-dimethylphenyl)-2-(5-nitro-2-furyl)-3H-benzimidazole-5-carboxamide",CC1=CC(=C(C=C1)NC(=O)C2=CC3=C(C=C2)N=C(N3)C4=CC=C(O4)[N+](=O)[O-])C,C20H16N4O4,5,2,4,4.600240000000002,376.1171549919999,28,114.06,0.2454848325442749,0,Alta,0.834,0.5932203389830508,0.9650509458886368,0.8720932941622404,CC1=CC2=C(NC(=N2)C2=CC=C(O2)N(=O)=O)C=C1,0.5162,0.7508,1.267,1.1592904
1088924,2-(5-methyl-2-furyl)-6-nitro-1H-benzimidazole,CC1=CC=C(O1)C2=NC3=C(N2)C=C(C=C3)[N+](=O)[O-],C12H9N3O3,4,1,2,3.039520000000001,243.064391148,18,84.96,0.211864406779661,0,Alta,0.832,0.5294117647058824,1.0,0.8823529411764708,CC1=CC2=C(NC(=N2)C2=CC=C(O2)N(=O)=O)C=C1,0.8829,0.6351,1.5181,1.6758181
135391842,2-(5-nitro-2-furyl)-N-[3-(trifluoromethyl)phenyl]-3H-benzimidazole-5-carboxamide,C1=CC(=CC(=C1)NC(=O)C2=CC3=C(C=C2)N=C(N3)C4=CC=C(O4)[N+](=O)[O-])C(F)(F)F,C19H11F3N4O4,5,2,4,5.002200000000002,416.073239492,30,114.06,0.2630194634402946,1,Alta,0.832,0.4477611940298507,0.9516563600123772,0.8256825685167457,CC1=CC2=C(NC(=N2)C2=CC=C(O2)N(=O)=O)C=C1,0.5534,0.3034,0.8567,1.0195932
90031592,N-[3-(1H-benzimidazol-2-yl)-4-chloro-phenyl]-2-nitro-4-[4-(trifluoromethyl)phenyl]benzamide,C1=CC=C2C(=C1)NC(=N2)C3=C(C=CC(=C3)NC(=O)C4=C(C=C(C=C4)C5=CC=C(C=C5)C(F)(F)F)[N+](=O)[O-])Cl,C27H16ClF3N4O3,4,2,5,7.729600000000005,536.0863027119999,38,100.92,0.3765358699960364,2,Alta,0.832,0.4383561643835616,0.9083273419567348,0.7908345475634415,O=C(NC1=CC(=CC=C1)C1=NC2=C(N1)C=CC=C2)C1=CC=C(C=C1)C1=CC=CC=C1,0.6796,0.6955,1.3751,1.3607123
14592770,6-bromo-2-(5-nitro-2-furyl)-1H-benzimidazole,C1=CC2=C(C=C1Br)NC(=N2)C3=CC=C(O3)[N+](=O)[O-],C11H6BrN3O3,4,1,2,3.493600000000002,306.959253152,18,84.96,0.211864406779661,0,Alta,0.83,0.625,0.9837608955769156,0.8940706716826866,CC1=CC2=C(NC(=N2)C2=CC=C(O2)N(=O)=O)C=C1,0.9086,0.9004,1.809,1.791364
135391749,"N-(3,5-dimethylphenyl)-2-(5-nitro-2-furyl)-3H-benzimidazole-5-carboxamide",CC1=CC(=CC(=C1)NC(=O)C2=CC3=C(C=C2)N=C(N3)C4=CC=C(O4)[N+](=O)[O-])C,C20H16N4O4,5,2,4,4.600240000000002,376.1171549919999,28,114.06,0.2454848325442749,0,Alta,0.83,0.5689655172413793,0.9650509458886368,0.8660295887268226,CC1=CC2=C(NC(=N2)C2=CC=C(O2)N(=O)=O)C=C1,0.4868,0.6959,1.1827,1.1189337
53319830,2-(5-nitro-2-furyl)-N'-(3-phenoxybenzoyl)-3H-benzimidazole-5-carbohydrazide,C1=CC=C(C=C1)OC2=CC=CC(=C2)C(=O)NNC(=O)C3=CC4=C(C=C3)N=C(N4)C5=CC=C(O5)[N+](=O)[O-],C25H17N5O6,7,3,6,4.598200000000002,483.1178832640001,36,152.39,0.236235973489074,0,Alta,0.83,0.4545454545454545,0.9357490019527608,0.8154481151009342,CC1=CC2=C(NC(=N2)C2=CC=C(O2)N(=O)=O)C=C1,0.4473,0.2406,0.688,0.6871561
71328500,5-fluoro-1-methyl-2-(5-nitro-2-furyl)benzimidazole,CN1C2=C(C=C(C=C2)F)N=C1C3=CC=C(O3)[N+](=O)[O-],C12H8FN3O3,5,0,2,2.880600000000001,261.054969336,19,74.1,0.2564102564102564,0,Alta,0.83,0.4285714285714285,0.9343549572125798,0.8079090750522919,CC1=CC2=C(NC(=N2)C2=CC=C(O2)N(=O)=O)C=C1,0.7724,0.8495,1.6219,1.4898918
72949706,N-[3-(1H-benzimidazol-2-yl)phenyl]-2-methyl-4-[4-(trifluoromethyl)phenyl]benzamide,CC1=C(C=CC(=C1)C2=CC=C(C=C2)C(F)(F)F)C(=O)NC3=CC=CC(=C3)C4=NC5=CC=CC=C5N4,C28H20F3N3O,2,2,4,7.476420000000003,471.15584692,35,57.78,0.6057459328487366,1,Alta,0.828,0.6724137931034483,0.975876161444838,0.9000105693594906,O=C(NC1=CC(=CC=C1)C1=NC2=C(N1)C=CC=C2)C1=CC=C(C=C1)C1=CC=CC=C1,0.8269,1.0,1.8269,1.5828568
2899335,N-[3-(1H-benzimidazol-2-yl)-2-methyl-phenyl]-4-phenyl-benzamide,CC1=C(C=CC=C1NC(=O)C2=CC=C(C=C2)C3=CC=CC=C3)C4=NC5=CC=CC=C5N4,C27H21N3O,2,2,4,6.457620000000005,403.1684622920001,31,57.78,0.5365178262374524,1,Alta,0.828,0.6296296296296297,0.9988006957569808,0.906507929225143,O=C(NC1=CC(=CC=C1)C1=NC2=C(N1)C=CC=C2)C1=CC=C(C=C1)C1=CC=CC=C1,0.8993,0.8951,1.7945,1.567948
118207683,N-[3-(1H-benzimidazol-2-yl)-5-(trifluoromethyl)phenyl]-2-methyl-4-[4-(trifluoromethyl)phenyl]benzamide,CC1=C(C=CC(=C1)C2=CC=C(C=C2)C(F)(F)F)C(=O)NC3=CC(=CC(=C3)C(F)(F)F)C4=NC5=CC=CC=C5N4,C29H19F6N3O,2,2,4,8.495220000000002,539.143231548,39,57.78,0.6749740394600208,2,Alta,0.828,0.5396825396825397,0.9344968771322932,0.8357932927698549,O=C(NC1=CC(=CC=C1)C1=NC2=C(N1)C=CC=C2)C1=CC=C(C=C1)C1=CC=CC=C1,0.8032,1.0,1.8032,1.5429239
72948987,N-[3-(1H-benzimidazol-2-yl)-4-chloro-phenyl]-4-(4-fluorophenyl)-2-methyl-benzamide,CC1=C(C=CC(=C1)C2=CC=C(C=C2)F)C(=O)NC3=CC(=C(C=C3)Cl)C4=NC5=CC=CC=C5N4,C27H19ClFN3O,2,2,4,7.250120000000003,455.1200681280001,33,57.78,0.5711318795430945,1,Alta,0.828,0.4848484848484848,0.9847149341411898,0.8597483218180136,O=C(NC1=CC(=CC=C1)C1=NC2=C(N1)C=CC=C2)C1=CC=C(C=C1)C1=CC=CC=C1,0.7891,0.657,1.446,1.484592
129793549,5-(1H-benzimidazol-2-yl)pyran-2-one,C1=CC=C2C(=C1)NC(=N2)C3=COC(=O)C=C3,C12H8N2O2,3,1,1,2.1831,212.058577496,16,58.89,0.271692986924775,0,Alta,0.828,0.2678571428571428,0.9763396368342774,0.7992190133399938,CC1=CC2=C(NC(=N2)C2=CC=C(O2)N(=O)=O)C=C1,0.7959,0.6426,1.4384,1.5164541
67926739,"4-methyl-3-[2-(5-nitro-2-furyl)-3H-benzimidazol-5-yl]-4,5-dihydro-1H-pyridazin-6-one",CC1CC(=O)NN=C1C2=CC3=C(C=C2)N=C(N3)C4=CC=C(O4)[N+](=O)[O-],C16H13N5O4,6,2,3,2.5912,339.096753896,25,126.42,0.1977535200126562,0,Alta,0.826,0.5,0.9420785603524344,0.8315589202643259,CC1=CC2=C(NC(=N2)C2=CC=C(O2)N(=O)=O)C=C1,0.6053,0.6932,1.2985,1.2364588
145976692,"N-[(E)-(3,4-diethoxyphenyl)methyleneamino]-1H-benzimidazole-2-carboxamide",CCOC1=C(C=C(C=C1)C=NNC(=O)C2=NC3=CC=CC=C3N2)OCC,C19H20N4O3,5,2,7,3.124200000000001,352.1535405,26,88.60000000000001,0.2934537246049661,0,Alta,0.826,0.4848484848484848,0.7256690304800371,0.665463894072149,O=C(N\N=C\C1=CC=C(O1)N(=O)=O)C1=NC2=C(N1)C=CC=C2,0.6851,0.7475,1.4326,1.4486513
20767472,"2-(3,5-dimethylphenyl)-1H-benzimidazole",CC1=CC(=CC(=C1)C2=NC3=CC=CC=C3N2)C,C15H14N2,1,1,1,3.846740000000002,222.115698448,17,28.68,0.592747559274756,0,Alta,0.826,0.34,0.7341678107963447,0.6356258580972585,CC1=CC2=C(NC(=N2)C2=CC=C(O2)N(=O)=O)C=C1,0.7107,0.654,1.3647,1.361273
65017831,"2-(3,4-dimethoxyphenyl)-6-methoxy-1H-benzimidazole",COC1=CC2=C(C=C1)N=C(N2)C3=CC(=C(C=C3)OC)OC,C16H16N2O3,4,1,4,3.255700000000002,284.116092372,21,56.37,0.3725385843533794,0,Alta,0.826,0.2333333333333333,0.9331676308502485,0.7582090564710195,CC1=CC2=C(NC(=N2)C2=CC=C(O2)N(=O)=O)C=C1,0.659,0.6198,1.2788,1.2529354
72948986,N-[3-(1H-benzimidazol-2-yl)-4-chloro-phenyl]-4-(4-methoxyphenyl)-2-methyl-benzamide,CC1=C(C=CC(=C1)C2=CC=C(C=C2)OC)C(=O)NC3=CC(=C(C=C3)Cl)C4=NC5=CC=CC=C5N4,C28H22ClN3O2,3,2,5,7.119620000000004,467.1400546240001,34,67.00999999999999,0.5073869571705716,1,Alta,0.824,0.4705882352941176,0.9621498086550144,0.8392594153147903,O=C(NC1=CC(=CC=C1)C1=NC2=C(N1)C=CC=C2)C1=CC=C(C=C1)C1=CC=CC=C1,0.7023,0.7544,1.4567,1.4508401
135391693,N-(m-tolyl)-2-(5-nitro-2-furyl)-3H-benzimidazole-5-carboxamide,CC1=CC(=CC=C1)NC(=O)C2=CC3=C(C=C2)N=C(N3)C4=CC=C(O4)[N+](=O)[O-],C19H14N4O4,5,2,4,4.291820000000002,362.1015049279999,27,114.06,0.2367175170962651,0,Alta,0.822,0.5666666666666667,0.9686524213386872,0.8681559826706822,CC1=CC2=C(NC(=N2)C2=CC=C(O2)N(=O)=O)C=C1,0.5827,0.3184,0.9012,1.1506102
53319829,N'-benzoyl-2-(5-nitro-2-furyl)-3H-benzimidazole-5-carbohydrazide,C1=CC=C(C=C1)C(=O)NNC(=O)C2=CC3=C(C=C2)N=C(N3)C4=CC=C(O4)[N+](=O)[O-],C19H13N5O5,6,3,4,2.8059,391.091668516,29,143.16,0.2025705504330818,0,Alta,0.822,0.5172413793103449,0.9148215111860594,0.8154264782171307,CC1=CC2=C(NC(=N2)C2=CC=C(O2)N(=O)=O)C=C1,0.5523,0.4316,0.9839,1.024637
72949167,4-(4-acetylphenyl)-N-[3-(1H-benzimidazol-2-yl)-4-chloro-phenyl]-2-methyl-benzamide,CC1=C(C=CC(=C1)C2=CC=C(C=C2)C(=O)C)C(=O)NC3=CC(=C(C=C3)Cl)C4=NC5=CC=CC=C5N4,C29H22ClN3O2,3,2,5,7.313620000000004,479.1400546240001,35,74.85,0.4676018704074817,1,Alta,0.822,0.5076923076923077,0.9558158295325504,0.8437849490724896,O=C(NC1=CC(=CC=C1)C1=NC2=C(N1)C=CC=C2)C1=CC=C(C=C1)C1=CC=CC=C1,0.7659,0.9075,1.6734,1.4801332
90032148,N-[3-(1H-benzimidazol-2-yl)-4-fluoro-phenyl]-2-methyl-4-[4-(trifluoromethyl)phenyl]benzamide,CC1=C(C=CC(=C1)C2=CC=C(C=C2)C(F)(F)F)C(=O)NC3=CC(=C(C=C3)F)C4=NC5=CC=CC=C5N4,C28H19F4N3O,2,2,4,7.615520000000003,489.1464251080001,36,57.78,0.6230529595015576,1,Alta,0.822,0.5,0.9682909068417924,0.8512181801313444,O=C(NC1=CC(=CC=C1)C1=NC2=C(N1)C=CC=C2)C1=CC=C(C=C1)C1=CC=CC=C1,0.8149,0.6632,1.4782,1.4489261
90032214,N-[3-(1H-benzimidazol-2-yl)-4-chloro-phenyl]-3-methyl-4-[4-(trifluoromethyl)phenyl]benzamide,CC1=C(C=CC(=C1)C(=O)NC2=CC(=C(C=C2)Cl)C3=NC4=CC=CC=C4N3)C5=CC=C(C=C5)C(F)(F)F,C28H19ClF3N3O,2,2,4,8.129820000000004,505.1168745680001,36,57.78,0.6230529595015576,2,Alta,0.822,0.5,0.956185092414896,0.842138819311172,O=C(NC1=CC(=CC=C1)C1=NC2=C(N1)C=CC=C2)C1=CC=C(C=C1)C1=CC=CC=C1,0.8057,0.6536,1.4593,1.5565228
72949525,N-[3-(1H-benzimidazol-2-yl)-4-chloro-phenyl]-2-fluoro-4-[4-(trifluoromethyl)phenyl]benzamide,C1=CC=C2C(=C1)NC(=N2)C3=C(C=CC(=C3)NC(=O)C4=C(C=C(C=C4)C5=CC=C(C=C5)C(F)(F)F)F)Cl,C27H16ClF4N3O,2,2,4,7.960500000000004,509.091802692,36,57.78,0.6230529595015576,2,Alta,0.822,0.4705882352941176,0.9582488355122184,0.8363336854576933,O=C(NC1=CC(=CC=C1)C1=NC2=C(N1)C=CC=C2)C1=CC=C(C=C1)C1=CC=CC=C1,0.7471,0.82,1.567,1.588153
52945533,2-[4-(2-chlorophenyl)phenyl]-6-methylsulfonyl-1H-benzimidazole,CS(=O)(=O)C1=CC2=C(C=C1)N=C(N2)C3=CC=C(C=C3)C4=CC=CC=C4Cl,C20H15ClN2O2S,3,1,3,4.953800000000003,382.0542764000001,26,62.82,0.413880929640242,0,Alta,0.822,0.3064516129032258,0.8016574936964866,0.6778560234981714,NC(=N)NC1=CC2=C(NC(=N2)C2=CC=C(C=C2)C2=CC=CC=C2)C=C1,0.6445,0.5379,1.1823,1.266913
324550,2-(3-thienyl)-1H-benzimidazole,C1=CC=C2C(=C1)NC(=N2)C3=CSC=C3,C11H8N2S,2,1,1,3.291400000000001,200.040819256,14,28.68,0.4881450488145049,0,Alta,0.822,0.2363636363636363,0.7991211911046335,0.6584318024193843,CC1=CC2=C(NC(=N2)C2=CC=C(O2)N(=O)=O)C=C1,0.8629,0.6626,1.5255,1.4610243
72948803,N-[3-(1H-benzimidazol-2-yl)-4-chloro-phenyl]-2-methyl-4-phenyl-benzamide,CC1=C(C=CC(=C1)C2=CC=CC=C2)C(=O)NC3=CC(=C(C=C3)Cl)C4=NC5=CC=CC=C5N4,C27H20ClN3O,2,2,4,7.111020000000003,437.12948994,32,57.78,0.5538248528902734,1,Alta,0.82,0.5573770491803278,0.989909257155375,0.8817762051616131,O=C(NC1=CC(=CC=C1)C1=NC2=C(N1)C=CC=C2)C1=CC=C(C=C1)C1=CC=CC=C1,0.7749,0.6565,1.4315,1.5277712
72949166,N-[3-(1H-benzimidazol-2-yl)-4-chloro-phenyl]-4-(4-chlorophenyl)-2-methyl-benzamide,CC1=C(C=CC(=C1)C2=CC=C(C=C2)Cl)C(=O)NC3=CC(=C(C=C3)Cl)C4=NC5=CC=CC=C5N4,C27H19Cl2N3O,2,2,4,7.764420000000004,471.0905175880001,33,57.78,0.5711318795430945,1,Alta,0.818,0.5,0.97406716071564,0.85555037053673,O=C(NC1=CC(=CC=C1)C1=NC2=C(N1)C=CC=C2)C1=CC=C(C=C1)C1=CC=CC=C1,0.787,0.657,1.4439,1.4890687
135391757,N-(3-methoxyphenyl)-2-(5-nitro-2-furyl)-3H-benzimidazole-5-carboxamide,COC1=CC=CC(=C1)NC(=O)C2=CC3=C(C=C2)N=C(N3)C4=CC=C(O4)[N+](=O)[O-],C19H14N4O5,6,2,5,3.992000000000002,378.0964195479999,28,123.29,0.2271068213155974,0,Alta,0.818,0.4696969696969697,0.9613223057198176,0.8384159717141056,CC1=CC2=C(NC(=N2)C2=CC=C(O2)N(=O)=O)C=C1,0.5089,0.644,1.1529,1.023204
136830892,2-(6-chloro-1H-benzimidazol-2-yl)-4-nitro-phenol,C1=CC(=C(C=C1[N+](=O)[O-])C2=NC3=C(N2)C=C(C=C3)Cl)O,C13H8ClN3O3,4,2,2,3.497100000000001,289.025418796,20,92.05,0.2172732210755024,0,Alta,0.818,0.3114754098360656,0.9749692731578594,0.8090958073274109,CC1=CC2=C(NC(=N2)C2=CC=C(O2)N(=O)=O)C=C1,0.7652,0.6193,1.3845,1.2234744
4141605,N-(1H-benzimidazol-2-yl)-5-chloro-2-hydroxy-benzamide,C1=CC=C2C(=C1)NC(=N2)NC(=O)C3=C(C=CC(=C3)Cl)O,C14H10ClN3O2,3,3,2,3.1742,287.04615424,20,78.01,0.2563773875144212,0,Alta,0.818,0.2307692307692307,0.9182614175358316,0.7463883708441813,CN1C(NCC2=CC(Br)=CC=C2O)=NC2=C1C=CC=C2,0.4878,0.5478,1.0356,1.131515
3348580,N-[3-(1H-benzimidazol-2-yl)phenyl]-4-isobutoxy-benzamide,CC(C)COC1=CC=C(C=C1)C(=O)NC2=CC=CC(=C2)C3=NC4=CC=CC=C4N3,C24H23N3O2,3,2,6,5.517000000000005,385.1790269760001,29,67.00999999999999,0.4327712281748993,1,Alta,0.816,0.6964285714285714,0.914667948527195,0.8601081042525391,O=C(NC1=CC(=CC=C1)C1=NC2=C(N1)C=CC=C2)C1=CC=C(C=C1)C1=CC=CC=C1,0.8589,0.7502,1.6092,1.5519416
156012775,N-[(E)-(4-fluorophenyl)methyleneamino]-1H-benzimidazole-2-carboxamide,C1=CC=C2C(=C1)NC(=N2)C(=O)NN=CC3=CC=C(C=C3)F,C15H11FN4O,3,2,3,2.4659,282.091689192,21,70.14,0.2994011976047904,0,Alta,0.816,0.5892857142857143,0.7233810585345182,0.6898572224723172,O=C(N\N=C\C1=CC=C(O1)N(=O)=O)C1=NC2=C(N1)C=CC=C2,0.9441,0.7413,1.6854,1.6241581
90031745,N-[3-(1H-benzimidazol-2-yl)-4-methyl-phenyl]-2-methyl-4-[4-(trifluoromethyl)phenyl]benzamide,CC1=C(C=C(C=C1)NC(=O)C2=C(C=C(C=C2)C3=CC=C(C=C3)C(F)(F)F)C)C4=NC5=CC=CC=C5N4,C29H22F3N3O,2,2,4,7.784840000000004,485.171496984,36,57.78,0.6230529595015576,1,Alta,0.816,0.5076923076923077,0.9664788967061408,0.8517822494526824,O=C(NC1=CC(=CC=C1)C1=NC2=C(N1)C=CC=C2)C1=CC=C(C=C1)C1=CC=CC=C1,0.7189,0.6622,1.3811,1.4455615
14145037,6-chloro-2-(4-ethoxyphenyl)-1H-benzimidazole,CCOC1=CC=C(C=C1)C2=NC3=C(N2)C=C(C=C3)Cl,C15H13ClN2O,2,1,3,4.282000000000002,272.071640716,19,37.91,0.5011870218939595,0,Alta,0.816,0.2258064516129032,0.8318762059544047,0.6803587673690292,CC1=CC2=C(NC(=N2)C2=CC=C(O2)N(=O)=O)C=C1,0.6931,0.6485,1.3417,1.335472
53326375,"2-(5-nitro-2-furyl)-N'-(3,4,5-trimethoxybenzoyl)-3H-benzimidazole-5-carbohydrazide",COC1=CC(=CC(=C1OC)OC)C(=O)NNC(=O)C2=CC3=C(C=C2)N=C(N3)C4=CC=C(O4)[N+](=O)[O-],C22H19N5O8,9,3,7,2.831700000000001,481.123362568,35,170.85,0.2048580626280362,0,Alta,0.814,0.484375,0.8901119109123103,0.7886776831842328,CC1=CC2=C(NC(=N2)C2=CC=C(O2)N(=O)=O)C=C1,0.4607,0.1587,0.6194,0.6315055
12605801,"2-(1,2-dimethylpyridin-1-ium-4-yl)-1H-benzimidazole",CC1=[N+](C=CC(=C1)C2=NC3=CC=CC=C3N2)C,C14H14N3+,1,1,1,2.36282,224.11822386809,17,32.56,0.5221130221130221,0,Alta,0.814,0.2807017543859649,0.7811814298366656,0.6560615109739905,CC1=CC2=C(NC(=N2)C2=CC=C(O2)N(=O)=O)C=C1,0.6923,0.6554,1.3476,1.3908491
141836370,methyl 2-(5-nitro-2-furyl)-3H-benzimidazole-5-carboxylate,COC(=O)C1=CC2=C(C=C1)N=C(N2)C3=CC=C(O3)[N+](=O)[O-],C13H9N3O5,6,1,3,2.5177,287.054220388,21,111.26,0.1887470789142548,0,Alta,0.812,0.5740740740740741,0.954508569771736,0.8593999458473206,CC1=CC2=C(NC(=N2)C2=CC=C(O2)N(=O)=O)C=C1,0.7739,0.9003,1.6742,1.4337937
13702506,N-[(E)-(4-methoxyphenyl)methyleneamino]-1H-benzimidazole-2-carboxamide,COC1=CC=C(C=C1)C=NNC(=O)C2=NC3=CC=CC=C3N2,C16H14N4O2,4,2,4,2.3354,294.111675688,22,79.37,0.2771828146654907,0,Alta,0.812,0.559322033898305,0.8822324535395609,0.801504848629247,O=C(N\N=C\C1=CC=C(O1)N(=O)=O)C1=NC2=C(N1)C=CC=C2,0.8435,0.6917,1.5352,1.5228549
22096868,2-(5-nitro-2-furyl)-3H-benzimidazole-5-carboxylic acid,C1=CC2=C(C=C1C(=O)O)NC(=N2)C3=CC=C(O3)[N+](=O)[O-],C12H7N3O5,5,2,3,2.4293,273.038570324,20,122.26,0.1635858007524947,0,Alta,0.81,0.5882352941176471,0.946827376523704,0.8571793559221897,CC1=CC2=C(NC(=N2)C2=CC=C(O2)N(=O)=O)C=C1,0.8598,0.75,1.6098,1.4162772
72949345,"N-[3-(1H-benzimidazol-2-yl)-4-chloro-phenyl]-2,6-dimethyl-4-[4-(trifluoromethyl)phenyl]benzamide",CC1=CC(=CC(=C1C(=O)NC2=CC(=C(C=C2)Cl)C3=NC4=CC=CC=C4N3)C)C5=CC=C(C=C5)C(F)(F)F,C29H21ClF3N3O,2,2,4,8.438240000000002,519.132524632,37,57.78,0.6403599861543786,2,Alta,0.81,0.4705882352941176,0.9451215951075742,0.8264882551542101,O=C(NC1=CC(=CC=C1)C1=NC2=C(N1)C=CC=C2)C1=CC=C(C=C1)C1=CC=CC=C1,0.6302,0.8208,1.451,1.5398084
924716,"2-(3,4-dimethoxyphenyl)-6-methyl-1H-benzimidazole",CC1=CC2=C(C=C1)N=C(N2)C3=CC(=C(C=C3)OC)OC,C16H16N2O2,3,1,3,3.555520000000002,268.121177752,20,47.14,0.4242681374628765,0,Alta,0.808,0.3214285714285714,0.9172696210942302,0.7683093586778155,CC1=CC2=C(NC(=N2)C2=CC=C(O2)N(=O)=O)C=C1,0.648,0.6813,1.3293,1.2924415
53326764,"N'-(3,4-dimethoxybenzoyl)-2-(5-nitro-2-furyl)-3H-benzimidazole-5-carbohydrazide",COC1=C(C=C(C=C1)C(=O)NNC(=O)C2=CC3=C(C=C2)N=C(N3)C4=CC=C(O4)[N+](=O)[O-])OC,C21H17N5O7,8,3,6,2.823100000000001,451.112797884,33,161.62,0.2041826506620467,0,Alta,0.806,0.5,0.9001537523786749,0.8001153142840062,CC1=CC2=C(NC(=N2)C2=CC=C(O2)N(=O)=O)C=C1,0.5014,0.3841,0.8855,0.72824836
1352608,N-[3-(1H-benzimidazol-2-yl)-4-chloro-phenyl]-3-chloro-4-ethoxy-benzamide,CCOC1=C(C=C(C=C1)C(=O)NC2=CC(=C(C=C2)Cl)C3=NC4=CC=CC=C4N3)Cl,C22H17Cl2N3O2,3,2,5,6.187700000000003,425.069782144,29,67.00999999999999,0.4327712281748993,1,Alta,0.806,0.4696969696969697,0.9695935865605844,0.8446194323446807,O=C(NC1=CC(=CC=C1)C1=NC2=C(N1)C=CC=C2)C1=CC=C(C=C1)C1=CC=CC=C1,0.6953,0.67,1.3654,1.5092392
162653981,"N-(2,4-dimethoxyphenyl)-2-(5-nitro-2-furyl)-3H-benzimidazole-5-carboxamide",COC1=CC(=C(C=C1)NC(=O)C2=CC3=C(C=C2)N=C(N3)C4=CC=C(O4)[N+](=O)[O-])OC,C20H16N4O6,7,2,6,4.000600000000001,408.1069842319999,30,132.52,0.2263809236341684,0,Alta,0.806,0.4626865671641791,0.9477513870961356,0.8264851821131465,CC1=CC2=C(NC(=N2)C2=CC=C(O2)N(=O)=O)C=C1,0.5062,0.2698,0.7761,0.92026556
72949169,N-[3-(1H-benzimidazol-2-yl)-4-chloro-phenyl]-2-methoxy-4-[4-(trifluoromethyl)phenyl]benzamide,COC1=C(C=CC(=C1)C2=CC=C(C=C2)C(F)(F)F)C(=O)NC3=CC(=C(C=C3)Cl)C4=NC5=CC=CC=C5N4,C28H19ClF3N3O2,3,2,5,7.830000000000004,521.1117891880001,37,67.00999999999999,0.552156394567975,2,Alta,0.806,0.4444444444444444,0.941746656439754,0.8174211034409267,O=C(NC1=CC(=CC=C1)C1=NC2=C(N1)C=CC=C2)C1=CC=C(C=C1)C1=CC=CC=C1,0.8625,0.8014,1.6639,1.5057805
3914691,2-(2-chloro-5-nitro-phenyl)-1H-benzimidazole,C1=CC=C2C(=C1)NC(=N2)C3=C(C=CC(=C3)[N+](=O)[O-])Cl,C13H8ClN3O2,3,1,2,3.791500000000002,273.030504176,19,71.82,0.2645502645502646,0,Alta,0.806,0.3508771929824561,0.9615604822368956,0.8088896599232858,CC1=CC2=C(NC(=N2)C2=CC=C(O2)N(=O)=O)C=C1,0.8694,0.8101,1.6795,1.4845694
57545640,2-(4-phenylphenyl)-6-(trifluoromethyl)-1H-benzimidazole,C1=CC=C(C=C1)C2=CC=C(C=C2)C3=NC4=C(N3)C=C(C=C4)C(F)(F)F,C20H13F3N2,1,1,2,5.915700000000004,338.103083076,25,28.68,0.8716875871687587,1,Alta,0.805,0.4313725490196078,0.6935103818719732,0.627975923658882,NC(=N)NC1=CC2=C(NC(=N2)C2=CC=C(C=C2)C2=CC=CC=C2)C=C1,0.8245,0.6355,1.46,1.2962127
90031431,N-[3-(1H-benzimidazol-2-yl)-4-chloro-phenyl]-4-(3-fluorophenyl)-2-methyl-benzamide,CC1=C(C=CC(=C1)C2=CC(=CC=C2)F)C(=O)NC3=CC(=C(C=C3)Cl)C4=NC5=CC=CC=C5N4,C27H19ClFN3O,2,2,4,7.250120000000003,455.1200681280001,33,57.78,0.5711318795430945,1,Alta,0.804,0.4925373134328358,0.9847149341411898,0.8616705289641013,O=C(NC1=CC(=CC=C1)C1=NC2=C(N1)C=CC=C2)C1=CC=C(C=C1)C1=CC=CC=C1,0.63,0.819,1.449,1.4853737
90031951,N-[3-(1H-benzimidazol-2-yl)-4-methoxy-phenyl]-2-methyl-4-[4-(trifluoromethyl)phenyl]benzamide,CC1=C(C=CC(=C1)C2=CC=C(C=C2)C(F)(F)F)C(=O)NC3=CC(=C(C=C3)OC)C4=NC5=CC=CC=C5N4,C29H22F3N3O2,3,2,5,7.485020000000003,501.166411604,37,67.00999999999999,0.552156394567975,2,Alta,0.804,0.4714285714285714,0.9490328284508674,0.8296317641952935,O=C(NC1=CC(=CC=C1)C1=NC2=C(N1)C=CC=C2)C1=CC=C(C=C1)C1=CC=CC=C1,0.6798,0.7553,1.435,1.5049361
72948989,N-[3-(1H-benzimidazol-2-yl)-4-chloro-phenyl]-4-(4-cyanophenyl)-2-methyl-benzamide,CC1=C(C=CC(=C1)C2=CC=C(C=C2)C#N)C(=O)NC3=CC(=C(C=C3)Cl)C4=NC5=CC=CC=C5N4,C28H19ClN4O,3,2,4,6.982700000000004,462.124738908,34,81.57,0.4168199092803727,1,Alta,0.804,0.463768115942029,0.9701500006670932,0.843554529485827,O=C(NC1=CC(=CC=C1)C1=NC2=C(N1)C=CC=C2)C1=CC=C(C=C1)C1=CC=CC=C1,0.7827,0.6068,1.3896,1.4880717
9992031,2-(5-nitro-2-furyl)-3H-benzimidazol-5-amine,C1=CC2=C(C=C1N)NC(=N2)C3=CC=C(O3)[N+](=O)[O-],C11H8N4O3,5,2,2,2.3133,244.059640116,18,110.98,0.1621913858352856,0,Alta,0.802,0.625,0.9411879842330472,0.8621409881747855,CC1=CC2=C(NC(=N2)C2=CC=C(O2)N(=O)=O)C=C1,0.8888,0.8187,1.7076,1.6550597
90031122,N-[3-(1H-benzimidazol-2-yl)-4-chloro-phenyl]-2-methyl-4-[4-(trifluoromethyl)phenyl]benzamide,CC1=C(C=CC(=C1)C2=CC=C(C=C2)C(F)(F)F)C(=O)NC3=CC(=C(C=C3)Cl)C4=NC5=CC=CC=C5N4,C28H19ClF3N3O,2,2,4,8.129820000000002,505.1168745680001,36,57.78,0.6230529595015576,2,Alta,0.802,0.4852941176470588,0.956185092414896,0.8384623487229368,O=C(NC1=CC(=CC=C1)C1=NC2=C(N1)C=CC=C2)C1=CC=C(C=C1)C1=CC=CC=C1,0.8097,0.6529,1.4626,1.5629563
90031673,N-[3-(1H-benzimidazol-2-yl)-4-chloro-phenyl]-2-chloro-4-[4-(trifluoromethyl)phenyl]benzamide,C1=CC=C2C(=C1)NC(=N2)C3=C(C=CC(=C3)NC(=O)C4=C(C=C(C=C4)C5=CC=C(C=C5)C(F)(F)F)Cl)Cl,C27H16Cl2F3N3O,2,2,4,8.474800000000002,525.062252152,36,57.78,0.6230529595015576,2,Alta,0.802,0.4848484848484848,0.9448082795180232,0.8298183308506387,O=C(NC1=CC(=CC=C1)C1=NC2=C(N1)C=CC=C2)C1=CC=C(C=C1)C1=CC=CC=C1,0.7746,0.6585,1.433,1.5449786
53322958,N'-(3-methoxybenzoyl)-2-(5-nitro-2-furyl)-3H-benzimidazole-5-carbohydrazide,COC1=CC=CC(=C1)C(=O)NNC(=O)C2=CC3=C(C=C2)N=C(N3)C4=CC=C(O4)[N+](=O)[O-],C20H15N5O6,7,3,5,2.814500000000001,421.1022332,31,152.39,0.2034254216155915,0,Alta,0.8,0.484375,0.9089339255471036,0.8027941941603277,CC1=CC2=C(NC(=N2)C2=CC=C(O2)N(=O)=O)C=C1,0.5533,0.4062,0.9596,0.8696462
44247738,2-[4-(2-fluorophenyl)phenyl]-6-methylsulfonyl-1H-benzimidazole,CS(=O)(=O)C1=CC2=C(C=C1)N=C(N2)C3=CC=C(C=C3)C4=CC=CC=C4F,C20H15FN2O2S,3,1,3,4.439500000000002,366.0838269400001,26,62.82,0.413880929640242,0,Alta,0.8,0.3064516129032258,0.8111595486670025,0.6849825647260583,NC(=N)NC1=CC2=C(NC(=N2)C2=CC=C(C=C2)C2=CC=CC=C2)C=C1,0.7168,0.5378,1.2545,1.2642512
69713187,6-nitro-2-pyrrolidin-1-yl-1H-benzimidazole,C1CCN(C1)C2=NC3=C(N2)C=C(C=C3)[N+](=O)[O-],C11H12N4O2,4,1,2,2.0713,232.096025624,17,75.06,0.2264854782840394,0,Alta,0.8,0.2711864406779661,0.9738309019391364,0.798169786623844,CC1=CC2=C(NC(=N2)C2=CC=C(O2)N(=O)=O)C=C1,0.866,0.529,1.395,1.4897491
13702503,N-[(E)-benzylideneamino]-1H-benzimidazole-2-carboxamide,C1=CC=C(C=C1)C=NNC(=O)C2=NC3=CC=CC=C3N2,C15H12N4O,3,2,3,2.3268,264.101111004,20,70.14,0.285143997718848,0,Media,0.798,0.6346153846153846,0.6747919022139978,0.6647477728143445,O=C(N\N=C\C1=CC=C(O1)N(=O)=O)C1=NC2=C(N1)C=CC=C2,0.9441,0.7413,1.6854,1.6587653
5909269,"2-[1-[(4-chlorophenyl)methyl]benzimidazol-2-yl]sulfanyl-N-[(Z)-(3,4-dimethoxyphenyl)methyleneamino]acetamide",COC1=C(C=C(C=C1)C=NNC(=O)CSC2=NC3=CC=CC=C3N2CC4=CC=C(C=C4)Cl)OC,C25H23ClN4O3S,7,1,9,4.997600000000004,494.117939276,34,77.74,0.4373552868536146,0,Media,0.798,0.4186046511627907,0.8869652753132712,0.769875119275651,COC(=O)C1=CC=C(NC(=O)CSC2=NC3=C(C=C(Cl)C=C3)N2CC2=CC(C)=CC(C)=C2)C(Cl)=C1,0.7591,0.5644,1.3235,1.3424419
59515637,2-(2-chloro-5-nitro-phenyl)-3H-benzimidazole-5-carbonitrile,C1=CC2=C(C=C1C#N)NC(=N2)C3=C(C=CC(=C3)[N+](=O)[O-])Cl,C14H7ClN4O2,4,1,2,3.663180000000001,298.025753144,21,95.61,0.2196422968308754,0,Media,0.798,0.3174603174603174,0.9867540912833336,0.8194306478275795,CC1=CC2=C(NC(=N2)C2=CC=C(O2)N(=O)=O)C=C1,0.851,0.7326,1.5836,1.4606
762761,2-(3-nitrophenyl)-3H-benzimidazole-5-carboxylic acid,C1=CC(=CC(=C1)[N+](=O)[O-])C2=NC3=C(N2)C=C(C=C3)C(=O)O,C14H9N3O4,4,2,3,2.8363,283.059305768,21,109.12,0.1924486803519061,0,Media,0.798,0.3064516129032258,0.9604193130414488,0.7969273880068932,CC1=CC2=C(NC(=N2)C2=CC=C(O2)N(=O)=O)C=C1,0.8081,0.6218,1.4299,1.2779117
19224720,2-(3-ethoxy-4-methoxy-phenyl)-6-methyl-1H-benzimidazole,CCOC1=C(C=CC(=C1)C2=NC3=C(N2)C=C(C=C3)C)OC,C17H18N2O2,3,1,4,3.945620000000003,282.136827816,21,47.14,0.4454815443360204,0,Media,0.798,0.2903225806451613,0.8885907990560714,0.739023744453344,CC1=CC2=C(NC(=N2)C2=CC=C(O2)N(=O)=O)C=C1,0.6324,0.743,1.3754,1.2710841
165356122,6-nitro-2-(1-piperidyl)-1H-benzimidazole,C1CCN(CC1)C2=NC3=C(N2)C=C(C=C3)[N+](=O)[O-],C12H14N4O2,4,1,2,2.4614,246.111675688,18,75.06,0.2398081534772182,0,Media,0.798,0.2666666666666666,0.9907519601851258,0.809730636805511,CC1=CC2=C(NC(=N2)C2=CC=C(O2)N(=O)=O)C=C1,0.8423,0.5045,1.3468,1.4631213
767074,2-(3-chlorophenyl)-1H-benzimidazole,C1=CC=C2C(=C1)NC(=N2)C3=CC(=CC=C3)Cl,C13H9ClN2,1,1,1,3.883300000000001,228.045425968,16,28.68,0.5578800557880056,0,Media,0.798,0.2545454545454545,0.730444456056012,0.6114697056783727,CC1=CC2=C(NC(=N2)C2=CC=C(O2)N(=O)=O)C=C1,0.8038,0.6544,1.4582,1.3611811
90031210,N-[3-(1H-benzimidazol-2-yl)-4-chloro-phenyl]-4-(3-cyanophenyl)-2-methyl-benzamide,CC1=C(C=CC(=C1)C2=CC=CC(=C2)C#N)C(=O)NC3=CC(=C(C=C3)Cl)C4=NC5=CC=CC=C5N4,C28H19ClN4O,3,2,4,6.982700000000004,462.124738908,34,81.57,0.4168199092803727,1,Media,0.796,0.4714285714285714,0.9701500006670932,0.8454696433574627,O=C(NC1=CC(=CC=C1)C1=NC2=C(N1)C=CC=C2)C1=CC=C(C=C1)C1=CC=CC=C1,0.9284,0.6012,1.5295,1.4994414
618589,6-nitro-2-(2-thienyl)-1H-benzimidazole,C1=CSC(=C1)C2=NC3=C(N2)C=C(C=C3)[N+](=O)[O-],C11H7N3O2S,4,1,2,3.199600000000001,245.025897464,17,71.82,0.2367028682818156,0,Media,0.796,0.3275862068965517,0.9927618441500436,0.8264679348366706,CC1=CC2=C(NC(=N2)C2=CC=C(O2)N(=O)=O)C=C1,0.8801,0.5133,1.3935,1.5208375
17445816,2-(6-pyrrolidin-1-yl-3-pyridyl)-1H-benzimidazole,C1CCN(C1)C2=NC=C(C=C2)C3=NC4=CC=CC=C4N3,C16H16N4,3,1,2,3.225100000000001,264.137496512,20,44.81,0.4463289444320464,0,Media,0.796,0.3103448275862069,0.8213158001810958,0.6935730570323736,NC(=N)NC1=CC2=C(NC(=N2)C2=CC=C(C=C2)C2=CC=CC=C2)C=C1,0.7866,0.5725,1.3591,1.3439597
4987146,N-[3-(1H-benzimidazol-2-yl)phenyl]-4-(dimethylsulfamoyl)benzamide,CN(C)S(=O)(=O)C1=CC=C(C=C1)C(=O)NC2=CC=CC(=C2)C3=NC4=CC=CC=C4N3,C22H20N4O3S,4,2,5,3.732500000000002,420.1256115000001,30,95.16,0.3152585119798234,0,Media,0.792,0.7222222222222222,0.880277648616594,0.8407637920180011,O=C(NC1=CC(=CC=C1)C1=NC2=C(N1)C=CC=C2)C1=CC=C(C=C1)C1=CC=CC=C1,0.7633,0.7501,1.5134,1.4667027
129752907,"3-methyl-2-(5-nitro-2-furyl)imidazo[4,5-f]quinoline",CN1C2=C(C3=C(C=C2)N=CC=C3)N=C1C4=CC=C(O4)[N+](=O)[O-],C15H10N4O3,6,0,2,3.289700000000002,294.07529018,22,86.99,0.2529026324864927,0,Media,0.792,0.3709677419354839,0.9281907322602256,0.7888849846790402,CC1=CC2=C(NC(=N2)C2=CC=C(O2)N(=O)=O)C=C1,0.7195,0.6981,1.4176,1.3972778
13702504,N-[(E)-(4-chlorophenyl)methyleneamino]-1H-benzimidazole-2-carboxamide,C1=CC=C2C(=C1)NC(=N2)C(=O)NN=CC3=CC=C(C=C3)Cl,C15H11ClN4O,3,2,3,2.980200000000001,298.062138652,21,70.14,0.2994011976047904,0,Media,0.788,0.5892857142857143,0.6261319492347194,0.6169203904974682,O=C(N\N=C\C1=CC=C(O1)N(=O)=O)C1=NC2=C(N1)C=CC=C2,0.9432,0.7413,1.6845,1.6470603
90031498,N-[3-(1H-benzimidazol-2-yl)-5-chloro-phenyl]-2-methyl-4-[4-(trifluoromethyl)phenyl]benzamide,CC1=C(C=CC(=C1)C2=CC=C(C=C2)C(F)(F)F)C(=O)NC3=CC(=CC(=C3)C4=NC5=CC=CC=C5N4)Cl,C28H19ClF3N3O,2,2,4,8.129820000000002,505.1168745680001,36,57.78,0.6230529595015576,2,Media,0.788,0.5151515151515151,0.956185092414896,0.8459266980990509,O=C(NC1=CC(=CC=C1)C1=NC2=C(N1)C=CC=C2)C1=CC=C(C=C1)C1=CC=CC=C1,0.74,0.8826,1.6226,1.5530841
72948988,N-[3-(1H-benzimidazol-2-yl)-4-chloro-phenyl]-2-methyl-4-(4-methylsulfonylphenyl)benzamide,CC1=C(C=CC(=C1)C2=CC=C(C=C2)S(=O)(=O)C)C(=O)NC3=CC(=C(C=C3)Cl)C4=NC5=CC=CC=C5N4,C28H22ClN3O3S,4,2,5,6.514520000000005,515.1070402440001,36,91.92,0.391644908616188,2,Media,0.788,0.463768115942029,0.9233257049004228,0.8084363076608244,O=C(NC1=CC(=CC=C1)C1=NC2=C(N1)C=CC=C2)C1=CC=C(C=C1)C1=CC=CC=C1,0.6956,0.7485,1.4441,1.4659253
168266498,2-[(1H-benzimidazol-2-ylamino)methyl]-4-nitro-phenol,C1=CC=C2C(=C1)NC(=N2)NCC3=C(C=CC(=C3)[N+](=O)[O-])O,C14H12N4O3,5,3,4,2.788800000000001,284.090940244,21,104.08,0.2017678708685626,0,Media,0.788,0.3548387096774194,0.9476954458995106,0.7994812618439878,CN1C(NCC2=CC(Br)=CC=C2O)=NC2=C1C=CC=C2,0.9147,0.6663,1.5809,1.3983117
19224653,"2-(3,4-dichlorophenyl)-6-methyl-1H-benzimidazole",CC1=CC2=C(C=C1)N=C(N2)C3=CC(=C(C=C3)Cl)Cl,C14H10Cl2N2,1,1,1,4.845120000000001,276.02210368,18,28.68,0.6276150627615062,0,Media,0.788,0.3333333333333333,0.7235974238203753,0.6260314011986149,CC1=CC2=C(NC(=N2)C2=CC=C(O2)N(=O)=O)C=C1,0.7609,0.6542,1.4152,1.39698
47272620,1-ethyl-2-(3-nitrophenyl)benzimidazole,CCN1C2=CC=CC=C2N=C1C3=CC(=CC=C3)[N+](=O)[O-],C15H13N3O2,4,0,3,3.631400000000003,267.100776656,20,60.95999999999999,0.3280839895013123,0,Media,0.788,0.234375,0.9126627713167764,0.7430908284875823,CC1=CC2=C(NC(=N2)C2=CC=C(O2)N(=O)=O)C=C1,0.544,0.6196,1.1636,1.4030467
156019801,N-[(E)-(4-cyanophenyl)methyleneamino]-1H-benzimidazole-2-carboxamide,C1=CC=C2C(=C1)NC(=N2)C(=O)NN=CC3=CC=C(C=C3)C#N,C16H11N5O,4,2,3,2.19848,289.0963599720001,22,93.93,0.2342169700841051,0,Media,0.786,0.559322033898305,0.93587439124045,0.8417363019049138,O=C(N\N=C\C1=CC=C(O1)N(=O)=O)C1=NC2=C(N1)C=CC=C2,0.9254,0.6859,1.6113,1.526966
52944085,6-methylsulfonyl-2-[4-(o-tolyl)phenyl]-1H-benzimidazole,CC1=CC=CC=C1C2=CC=C(C=C2)C3=NC4=C(N3)C=C(C=C4)S(=O)(=O)C,C21H18N2O2S,3,1,3,4.608820000000004,362.1088988159999,26,62.82,0.413880929640242,0,Media,0.786,0.3114754098360656,0.8102092186411451,0.6855257664398753,NC(=N)NC1=CC2=C(NC(=N2)C2=CC=C(C=C2)C2=CC=CC=C2)C=C1,0.6984,0.5378,1.2362,1.2686659
10445264,6-methoxy-2-(5-nitro-2-furyl)-1H-benzimidazole,COC1=CC2=C(C=C1)N=C(N2)C3=CC=C(O3)[N+](=O)[O-],C12H9N3O4,5,1,3,2.739700000000001,259.059305768,19,94.19,0.2017199278054995,0,Media,0.784,0.62,0.9817647143650076,0.8913235357737558,CC1=CC2=C(NC(=N2)C2=CC=C(O2)N(=O)=O)C=C1,0.8581,0.9002,1.7583,1.6571001
90031313,N-[3-(1H-benzimidazol-2-yl)-4-bromo-phenyl]-2-methyl-4-[4-(trifluoromethyl)phenyl]benzamide,CC1=C(C=CC(=C1)C2=CC=C(C=C2)C(F)(F)F)C(=O)NC3=CC(=C(C=C3)Br)C4=NC5=CC=CC=C5N4,C28H19BrF3N3O,2,2,4,8.238920000000002,549.0663589879999,36,57.78,0.6230529595015576,2,Media,0.784,0.4852941176470588,0.9426402745340334,0.8283037353122897,O=C(NC1=CC(=CC=C1)C1=NC2=C(N1)C=CC=C2)C1=CC=C(C=C1)C1=CC=CC=C1,0.7681,0.8061,1.5742,1.5681636
4384356,2-(1H-benzimidazol-2-yl)-4-nitro-phenol,C1=CC=C2C(=C1)NC(=N2)C3=C(C=CC(=C3)[N+](=O)[O-])O,C13H9N3O3,4,2,2,2.843700000000001,255.064391148,19,92.05,0.2064095600217273,0,Media,0.784,0.3508771929824561,0.9652516720729406,0.8116580523003194,CC1=CC2=C(NC(=N2)C2=CC=C(O2)N(=O)=O)C=C1,0.7701,0.6193,1.3894,1.3524084
156012449,N-[(E)-(3-fluorophenyl)methyleneamino]-1H-benzimidazole-2-carboxamide,C1=CC=C2C(=C1)NC(=N2)C(=O)NN=CC3=CC(=CC=C3)F,C15H11FN4O,3,2,3,2.4659,282.091689192,21,70.14,0.2994011976047904,0,Media,0.782,0.5333333333333333,0.7233810585345182,0.6758691272342219,O=C(N\N=C\C1=CC=C(O1)N(=O)=O)C1=NC2=C(N1)C=CC=C2,0.9477,0.7413,1.6889,1.6512085
122690160,2-(4-phenylphenyl)-3H-benzimidazole-5-carbohydroxamic acid,C1=CC=C(C=C1)C2=CC=C(C=C2)C3=NC4=C(N3)C=C(C=C4)C(=O)NO,C20H15N3O2,3,3,3,4.015900000000003,329.11642672,25,78.01,0.3204717343930265,0,Media,0.782,0.4528301886792453,0.9834389745138898,0.8507867780552287,NC(=N)NC1=CC2=C(NC(=N2)C2=CC=C(C=C2)C2=CC=CC=C2)C=C1,0.7879,0.5383,1.3263,1.3264769
122690299,2-[4-(2-fluorophenyl)phenyl]-3H-benzimidazole-5-carbohydroxamic acid,C1=CC=C(C(=C1)C2=CC=C(C=C2)C3=NC4=C(N3)C=C(C=C4)C(=O)NO)F,C20H14FN3O2,3,3,3,4.155000000000002,347.107004908,26,78.01,0.3332906037687476,0,Media,0.782,0.3387096774193548,0.9823476135581132,0.8214381295234237,NC(=N)NC1=CC2=C(NC(=N2)C2=CC=C(C=C2)C2=CC=CC=C2)C=C1,0.7356,0.5382,1.2737,1.2520497
85997853,2-[3-fluoro-4-(trifluoromethyl)phenyl]-6-methyl-1H-benzimidazole,CC1=CC2=C(C=C1)N=C(N2)C3=CC(=C(C=C3)C(F)(F)F)F,C15H10F4N2,1,1,1,4.696220000000001,294.0780112,21,28.68,0.7322175732217573,0,Media,0.782,0.2833333333333333,0.7566166199219242,0.6382957982747764,NC(=N)NC1=CC2=C(NC(=N2)C2=CC=C(C=C2)C2=CC=CC=C2)C=C1,0.6692,0.545,1.2142,1.4670631
4915302,"6-chloro-2-(3,4-dimethoxyphenyl)-1H-benzimidazole",COC1=C(C=C(C=C1)C2=NC3=C(N2)C=C(C=C3)Cl)OC,C15H13ClN2O2,3,1,3,3.900500000000002,288.066555336,20,47.14,0.4242681374628765,0,Media,0.782,0.2295081967213114,0.904405125111085,0.7356808930136416,CC1=CC2=C(NC(=N2)C2=CC=C(O2)N(=O)=O)C=C1,0.6544,0.6813,1.3356,1.2933431
156013591,N-[(E)-(3-chlorophenyl)methyleneamino]-1H-benzimidazole-2-carboxamide,C1=CC=C2C(=C1)NC(=N2)C(=O)NN=CC3=CC(=CC=C3)Cl,C15H11ClN4O,3,2,3,2.980200000000001,298.062138652,21,70.14,0.2994011976047904,0,Media,0.78,0.5333333333333333,0.6261319492347194,0.6029322952593729,O=C(N\N=C\C1=CC=C(O1)N(=O)=O)C1=NC2=C(N1)C=CC=C2,0.9486,0.7413,1.6898,1.6946435
44465472,6-methylsulfonyl-2-[4-(3-methyl-2-thienyl)phenyl]-1H-benzimidazole,CC1=C(SC=C1)C2=CC=C(C=C2)C3=NC4=C(N3)C=C(C=C4)S(=O)(=O)C,C19H16N2O2S2,4,1,3,4.670320000000004,368.0653197519999,25,62.82,0.3979624323463865,0,Media,0.78,0.2615384615384615,0.745187831786221,0.6242754892242812,NC(=N)NC1=CC2=C(NC(=N2)C2=CC=C(C=C2)C2=CC=CC=C2)C=C1,0.6665,0.5354,1.202,1.2005271
52949620,2-[4-(2-fluorophenyl)phenyl]-6-methylsulfinyl-1H-benzimidazole,CS(=O)C1=CC2=C(C=C1)N=C(N2)C3=CC=C(C=C3)C4=CC=CC=C4F,C20H15FN2OS,2,1,3,4.773400000000003,350.08891232,25,45.75,0.546448087431694,0,Media,0.778,0.3064516129032258,0.829705792384559,0.6988922475142257,NC(=N)NC1=CC2=C(NC(=N2)C2=CC=C(C=C2)C2=CC=CC=C2)C=C1,0.762,0.5825,1.3445,1.2055379
15125061,1-hydroxy-2-(3-nitrophenyl)-3-oxido-benzimidazol-3-ium,C1=CC=C2C(=C1)N(C(=[N+]2[O-])C3=CC(=CC=C3)[N+](=O)[O-])O,C13H9N3O4,5,1,2,2.0872,271.059305768,20,95.24,0.2099958000839983,0,Media,0.778,0.1492537313432835,0.949294042766638,0.7492839649107993,CC1=CC2=C(NC(=N2)C2=CC=C(O2)N(=O)=O)C=C1,0.6044,0.4707,1.0751,1.3177594
72948990,N-[3-(1H-benzimidazol-2-yl)-4-chloro-phenyl]-2-methyl-4-(4-nitrophenyl)benzamide,CC1=C(C=CC(=C1)C2=CC=C(C=C2)[N+](=O)[O-])C(=O)NC3=CC(=C(C=C3)Cl)C4=NC5=CC=CC=C5N4,C27H19ClN4O3,4,2,5,7.019220000000004,482.1145681480001,35,100.92,0.3468093539437178,1,Media,0.776,0.4571428571428571,0.9235751885651182,0.806967105709553,O=C(NC1=CC(=CC=C1)C1=NC2=C(N1)C=CC=C2)C1=CC=C(C=C1)C1=CC=CC=C1,0.7783,0.7422,1.5205,1.4056245
122690232,2-(3-fluoro-4-phenyl-phenyl)-3H-benzimidazole-5-carbohydroxamic acid,C1=CC=C(C=C1)C2=C(C=C(C=C2)C3=NC4=C(N3)C=C(C=C4)C(=O)NO)F,C20H14FN3O2,3,3,3,4.155000000000002,347.107004908,26,78.01,0.3332906037687476,0,Media,0.776,0.3492063492063492,0.9823476135581132,0.8240622974701722,NC(=N)NC1=CC2=C(NC(=N2)C2=CC=C(C=C2)C2=CC=CC=C2)C=C1,0.736,0.5382,1.2741,1.2678063
145976377,N-[(E)-p-tolylmethyleneamino]-1H-benzimidazole-2-carboxamide,CC1=CC=C(C=C1)C=NNC(=O)C2=NC3=CC=CC=C3N2,C16H14N4O,3,2,3,2.63522,278.116761068,21,70.14,0.2994011976047904,0,Media,0.774,0.5892857142857143,0.6860645896056762,0.6618698707756857,O=C(N\N=C\C1=CC=C(O1)N(=O)=O)C1=NC2=C(N1)C=CC=C2,0.8818,0.7413,1.6231,1.6291431
44587902,"2-(3,4-dimethoxyphenyl)-6-fluoro-1H-benzimidazole",COC1=C(C=C(C=C1)C2=NC3=C(N2)C=C(C=C3)F)OC,C15H13FN2O2,3,1,3,3.386200000000001,272.096105876,20,47.14,0.4242681374628765,0,Media,0.774,0.2295081967213114,0.9200242062088022,0.7473952038369295,CC1=CC2=C(NC(=N2)C2=CC=C(O2)N(=O)=O)C=C1,0.6579,0.6814,1.3393,1.2699771
1015621,methyl 4-[[3-(1H-benzimidazol-2-yl)-4-hydroxy-phenyl]carbamoyl]benzoate,COC(=O)C1=CC=C(C=C1)C(=O)NC2=CC(=C(C=C2)O)C3=NC4=CC=CC=C4N3,C22H17N3O4,5,3,4,3.974400000000002,387.1219060240001,29,104.31,0.2780174479915636,0,Media,0.772,0.5517241379310345,0.9067172382781592,0.817968963191378,O=C(NC1=CC(=CC=C1)C1=NC2=C(N1)C=CC=C2)C1=CC=C(C=C1)C1=CC=CC=C1,0.8097,0.6185,1.4282,1.2076429
44465469,2-[4-(3-chlorophenyl)phenyl]-6-methylsulfonyl-1H-benzimidazole,CS(=O)(=O)C1=CC2=C(C=C1)N=C(N2)C3=CC=C(C=C3)C4=CC(=CC=C4)Cl,C20H15ClN2O2S,3,1,3,4.953800000000003,382.0542764000001,26,62.82,0.413880929640242,0,Media,0.772,0.3278688524590163,0.8016574936964866,0.683210333387119,NC(=N)NC1=CC2=C(NC(=N2)C2=CC=C(C=C2)C2=CC=CC=C2)C=C1,0.7637,0.538,1.3017,1.2753721
156013967,N-[(E)-2-naphthylmethyleneamino]-1H-benzimidazole-2-carboxamide,C1=CC=C2C=C(C=CC2=C1)C=NNC(=O)C3=NC4=CC=CC=C4N3,C19H14N4O,3,2,3,3.48,314.116761068,24,70.14,0.3421727972626176,0,Media,0.768,0.5517241379310345,0.5473790034427176,0.5484652870647968,O=C(N\N=C\C1=CC=C(O1)N(=O)=O)C1=NC2=C(N1)C=CC=C2,0.876,0.6844,1.5604,1.5599325
323391,2-(3-furyl)-1H-benzimidazole,C1=CC=C2C(=C1)NC(=N2)C3=COC=C3,C11H8N2O,2,1,1,2.822900000000001,184.063662876,14,41.82,0.3347680535628886,0,Media,0.768,0.2592592592592592,0.8700923008054168,0.7173840404188774,CC1=CC2=C(NC(=N2)C2=CC=C(O2)N(=O)=O)C=C1,0.8571,0.5984,1.4555,1.5915644
90031493,N-[3-(1H-benzimidazol-2-yl)-4-chloro-phenyl]-2-hydroxy-4-[4-(trifluoromethyl)phenyl]benzamide,C1=CC=C2C(=C1)NC(=N2)C3=C(C=CC(=C3)NC(=O)C4=C(C=C(C=C4)C5=CC=C(C=C5)C(F)(F)F)O)Cl,C27H17ClF3N3O2,3,3,4,7.527000000000005,507.096139124,36,78.01,0.4614792975259582,2,Media,0.766,0.4705882352941176,0.9847589536576083,0.8562162740667357,O=C(NC1=CC(=CC=C1)C1=NC2=C(N1)C=CC=C2)C1=CC=C(C=C1)C1=CC=CC=C1,0.7492,0.6563,1.4056,1.39654
159630924,3-[3-(1H-benzimidazol-2-yl)-4-chloro-phenyl]-7-[4-(trifluoromethyl)phenyl]quinazolin-4-one;3-(1H-benzimidazol-2-yl)-4-chloro-N-[3-[4-(trifluoromethyl)phenyl]phenyl]aniline,C1=CC=C2C(=C1)NC(=N2)C3=C(C=CC(=C3)NC4=CC=CC(=C4)C5=CC=C(C=C5)C(F)(F)F)Cl.C1=CC=C2C(=C1)NC(=N2)C3=C(C=CC(=C3)N4C=NC5=C(C4=O)C=CC(=C5)C6=CC=C(C=C6)C(F)(F)F)Cl,C54H33Cl2F6N7O,6,3,7,15.58089999999998,979.2027833559998,70,104.28,0.6712696586114307,2,Media,0.766,0.3658536585365853,0.7741457596928656,0.6720727344037954,O=C(NC1=CC(=CC=C1)C1=NC2=C(N1)C=CC=C2)C1=CC=C(C=C1)C1=CC=CC=C1,0.7395,0.4669,1.2064,0.7608967
162666860,1-[2-(6-nitro-1H-benzimidazol-2-yl)phenyl]ethanone,CC(=O)C1=CC=CC=C1C2=NC3=C(N2)C=C(C=C3)[N+](=O)[O-],C15H11N3O3,4,1,3,3.340700000000003,281.080041212,21,88.89,0.2362470469119136,0,Media,0.762,0.3278688524590163,0.986217532552344,0.821630362529012,CC1=CC2=C(NC(=N2)C2=CC=C(O2)N(=O)=O)C=C1,0.7976,0.4603,1.2579,1.3989775
12605815,"1,3-dimethyl-2-(6-methyl-2-pyridyl)benzimidazol-3-ium",CC1=NC(=CC=C1)C2=[N+](C3=CC=CC=C3N2C)C,C15H16N3+,2,0,1,2.373220000000001,238.13387393209,18,21.7,0.8294930875576038,0,Media,0.762,0.1076923076923077,0.7494744455289473,0.5890289110697874,CC1=CC2=C(NC(=N2)C2=CC=C(O2)N(=O)=O)C=C1,0.5398,0.5415,1.0813,0.9177036
76317708,"2-[6-chloro-1-[(3,5-dimethylphenyl)methyl]benzimidazol-2-yl]sulfanyl-N-(2-chloro-4-methylsulfonyl-phenyl)acetamide",CC1=CC(=CC(=C1)CN2C3=C(C=CC(=C3)Cl)N=C2SCC(=O)NC4=C(C=C(C=C4)S(=O)(=O)C)Cl)C,C25H23Cl2N3O3S2,6,1,7,6.142540000000004,547.055788956,35,81.06,0.4317789291882556,2,Media,0.758,0.7391304347826086,0.9936770016393476,0.9300403599251628,COC(=O)C1=CC=C(NC(=O)CSC2=NC3=C(C=C(Cl)C=C3)N2CC2=CC(C)=CC(C)=C2)C(Cl)=C1,0.9131,0.8876,1.8007,1.8185693
556668,"2-(1H-benzimidazol-2-yl)-5-(5-nitro-2-furyl)penta-2,4-dienenitrile",C1=CC=C2C(=C1)NC(=N2)C(=CC=CC3=CC=C(O3)[N+](=O)[O-])C#N,C16H10N4O3,5,1,4,3.684480000000002,306.07529018,23,108.75,0.2114942528735632,0,Media,0.758,0.5555555555555556,0.7798480635039742,0.7237749365168695,O=C(N\N=C\C1=CC=C(O1)N(=O)=O)C1=NC2=C(N1)C=CC=C2,0.6065,0.3324,0.9389,1.0412385
790172,"(2E,4E)-2-(1H-benzimidazol-2-yl)-5-(5-nitro-2-furyl)penta-2,4-dienenitrile",C1=CC=C2C(=C1)NC(=N2)C(=CC=CC3=CC=C(O3)[N+](=O)[O-])C#N,C16H10N4O3,5,1,4,3.684480000000002,306.07529018,23,108.75,0.2114942528735632,0,Media,0.758,0.5555555555555556,0.7798480635039742,0.7237749365168695,O=C(N\N=C\C1=CC=C(O1)N(=O)=O)C1=NC2=C(N1)C=CC=C2,0.6065,0.3324,0.9389,1.0412385
90031494,3-[3-(1H-benzimidazol-2-yl)-4-chloro-phenyl]-7-[4-(trifluoromethyl)phenyl]quinazolin-4-one,C1=CC=C2C(=C1)NC(=N2)C3=C(C=CC(=C3)N4C=NC5=C(C4=O)C=CC(=C5)C6=CC=C(C=C6)C(F)(F)F)Cl,C28H16ClF3N4O,4,1,3,7.268200000000004,516.096473472,37,63.57,0.5820355513607047,2,Media,0.758,0.3116883116883117,0.7671006255710948,0.6532475471003991,O=C(NC1=CC(=CC=C1)C1=NC2=C(N1)C=CC=C2)C1=CC=C(C=C1)C1=CC=CC=C1,0.7395,0.4669,1.2064,1.1792974
64722111,"2-(3,4-dichlorophenyl)-6-fluoro-1H-benzimidazole",C1=CC(=C(C=C1C2=NC3=C(N2)C=C(C=C3)F)Cl)Cl,C13H7Cl2FN2,1,1,1,4.675800000000001,279.997031804,18,28.68,0.6276150627615062,0,Media,0.758,0.2203389830508474,0.7268888935961553,0.6002514159598283,CC1=CC2=C(NC(=N2)C2=CC=C(O2)N(=O)=O)C=C1,0.802,0.6542,1.4562,1.4378792
76310487,"methyl 3-chloro-4-[[2-[6-chloro-1-(3,5-dimethylphenyl)sulfonyl-benzimidazol-2-yl]sulfanylacetyl]amino]benzoate",CC1=CC(=CC(=C1)S(=O)(=O)N2C3=C(C=CC(=C3)Cl)N=C2SCC(=O)NC4=C(C=C(C=C4)C(=O)OC)Cl)C,C25H21Cl2N3O5S2,8,1,7,5.714340000000004,577.0299681319999,37,107.36,0.3446348733233979,2,Media,0.756,0.8208955223880597,0.0,0.2052238805970149,COC(=O)C1=CC=C(NC(=O)CSC2=NC3=C(C=C(Cl)C=C3)N2S(=O)(=O)C2=CC(C)=CC(C)=C2)C=C1,1.0,1.0,2.0,1.8891547
52940686,6-tert-butyl-2-[4-(2-fluorophenyl)phenyl]-1H-benzimidazole,CC(C)(C)C1=CC2=C(C=C1)N=C(N2)C3=CC=C(C=C3)C4=CC=CC=C4F,C23H21FN2,1,1,2,6.333500000000004,344.168876892,26,28.68,0.9065550906555092,1,Media,0.756,0.3166666666666666,0.6680352502958554,0.5801931043885582,NC(=N)NC1=CC2=C(NC(=N2)C2=CC=C(C=C2)C2=CC=CC=C2)C=C1,0.6391,0.5826,1.2217,1.260164
52822326,N-(5-chloro-1-methyl-benzimidazol-2-yl)isoquinoline-1-carboxamide,CN1C2=C(C=C(C=C2)Cl)N=C1NC(=O)C3=NC=CC4=CC=CC=C43,C18H13ClN4O,4,1,2,4.027200000000001,336.077788716,24,59.81,0.4012706905199799,0,Media,0.754,0.5964912280701754,0.0,0.1491228070175438,ClC1=CC2=C(NC(NC(=O)C3=NC=CC4=C3C=CC=C4)=N2)C=C1,0.8857,0.72,1.6057,1.4103749
52822326,N-(5-chloro-1-methyl-benzimidazol-2-yl)isoquinoline-1-carboxamide,CN1C2=C(C=C(C=C2)Cl)N=C1NC(=O)C3=NC=CC4=CC=CC=C43,C18H13ClN4O,4,1,2,4.027200000000001,336.077788716,24,59.81,0.4012706905199799,0,Media,0.754,0.40625,0.0,0.1015625,CC1=CC=CN=C1C(=O)NC1=NC2=C(N1)C=CC(Cl)=C2,0.8035,0.6299,1.4333,1.134517
86574005,2-[4-(2-pyridyl)phenyl]-1H-benzimidazole,C1=CC=C2C(=C1)NC(=N2)C3=CC=C(C=C3)C4=CC=CC=N4,C18H13N3,2,1,2,4.291900000000003,271.110947416,21,41.57,0.5051719990377677,0,Media,0.754,0.3725490196078431,0.8995247608187282,0.7677808255160069,NC(=N)NC1=CC2=C(NC(=N2)C2=CC=C(C=C2)C2=CC=CC=C2)C=C1,0.7904,0.5821,1.3725,1.3024163
52822326,N-(5-chloro-1-methyl-benzimidazol-2-yl)isoquinoline-1-carboxamide,CN1C2=C(C=C(C=C2)Cl)N=C1NC(=O)C3=NC=CC4=CC=CC=C43,C18H13ClN4O,4,1,2,4.027200000000001,336.077788716,24,59.81,0.4012706905199799,0,Media,0.754,0.3125,-0.2066209481212061,-0.0768407110909046,ClC1=CC2=C(NC(NC(=O)C3=NC=CC=C3)N2)C=C1,0.5717,0.3753,0.947,0.976099
3384969,"2-(3,5-dichlorophenyl)-1H-benzimidazole",C1=CC=C2C(=C1)NC(=N2)C3=CC(=CC(=C3)Cl)Cl,C13H8Cl2N2,1,1,1,4.536700000000001,262.006453616,17,28.68,0.592747559274756,0,Media,0.754,0.2641509433962264,0.7252173500522366,0.609950748388234,CC1=CC2=C(NC(=N2)C2=CC=C(O2)N(=O)=O)C=C1,0.8049,0.6544,1.4593,1.3861703
9812282,4-(1H-benzimidazol-2-yl)isothiazole,C1=CC=C2C(=C1)NC(=N2)C3=CSN=C3,C10H7N3S,3,1,1,2.6864,201.036068224,14,41.57,0.336781332691845,0,Media,0.754,0.2321428571428571,0.919541059660189,0.747691509030856,CC1=CC2=C(NC(=N2)C2=CC=C(O2)N(=O)=O)C=C1,0.8272,0.6194,1.4467,1.5376828
52944705,2-[4-(2-fluorophenyl)phenyl]-6-methylsulfanyl-1H-benzimidazole,CSC1=CC2=C(C=C1)N=C(N2)C3=CC=C(C=C3)C4=CC=CC=C4F,C20H15FN2S,2,1,3,5.757900000000004,334.0939977,24,28.68,0.8368200836820083,1,Media,0.752,0.3166666666666666,0.6766487919068949,0.5866532605968378,NC(=N)NC1=CC2=C(NC(=N2)C2=CC=C(C=C2)C2=CC=CC=C2)C=C1,0.7642,0.5825,1.3467,1.2360332
16227558,2-(1-methylpyrazol-4-yl)-1H-benzimidazole,CN1C=C(C=N1)C2=NC3=CC=CC=C3N2,C11H10N4,3,1,1,1.9634,198.09054632,15,46.5,0.3225806451612903,0,Media,0.752,0.2456140350877192,0.9421336941511064,0.7680037793852597,CC1=CC2=C(NC(=N2)C2=CC=C(O2)N(=O)=O)C=C1,0.796,0.6162,1.4122,1.4776425
5260162,2-(1-hydroxypyridin-1-ium-4-yl)-1H-benzimidazole,C1=CC=C2C(=C1)NC(=N2)C3=CC=[N+](C=C3)O,C12H10N3O+,2,2,1,1.7547,212.08183836009,16,52.79000000000001,0.3030877060049251,0,Media,0.752,0.2363636363636363,0.7732761723763422,0.6390480383731657,CC1=CC2=C(NC(=N2)C2=CC=C(O2)N(=O)=O)C=C1,0.7898,0.5868,1.3766,1.419305
141279216,N-[6-(3-chloro-5-fluoro-phenyl)-1H-benzimidazol-2-yl]pyridine-2-carboxamide,C1=CC=NC(=C1)C(=O)NC2=NC3=C(N2)C=C(C=C3)C4=CC(=CC(=C4)Cl)F,C19H12ClFN4O,3,2,3,4.669700000000002,366.068366904,26,70.67,0.3679071741898967,0,Media,0.75,0.5344827586206896,0.7123673236008152,0.6678961823557839,CC1=CC2=C(NC(NC(=O)C3=NC=CC=C3)=N2)C=C1,0.7497,0.9002,1.6499,1.490797
52943508,6-ethylsulfonyl-2-[4-(2-fluorophenyl)phenyl]-1H-benzimidazole,CCS(=O)(=O)C1=CC2=C(C=C1)N=C(N2)C3=CC=C(C=C3)C4=CC=CC=C4F,C21H17FN2O2S,3,1,4,4.829600000000003,380.0994770040001,27,62.82,0.4297994269340974,0,Media,0.75,0.296875,0.7696615671684257,0.6514649253763193,NC(=N)NC1=CC2=C(NC(=N2)C2=CC=C(C=C2)C2=CC=CC=C2)C=C1,0.669,0.5378,1.2068,1.155285
9839832,"6-methoxy-2-(3,4,5-trimethoxyphenyl)-1H-benzimidazole",COC1=CC2=C(C=C1)N=C(N2)C3=CC(=C(C(=C3)OC)OC)OC,C17H18N2O4,5,1,5,3.264300000000002,314.126657056,23,65.60000000000001,0.3506097560975609,0,Media,0.75,0.2333333333333333,0.9179738278995376,0.7468137042579865,CC1=CC2=C(NC(=N2)C2=CC=C(O2)N(=O)=O)C=C1,0.6392,0.5704,1.2096,1.1992227
76314137,"2-[6-chloro-1-[(3,5-dimethylphenyl)methyl]benzimidazol-2-yl]sulfanyl-N-(2-chloro-4-methyl-phenyl)acetamide",CC1=CC(=C(C=C1)NC(=O)CSC2=NC3=C(N2CC4=CC(=CC(=C4)C)C)C=C(C=C3)Cl)Cl,C25H23Cl2N3OS,4,1,6,7.047460000000004,483.093888716,32,46.92,0.6820119352088662,1,Media,0.748,0.8095238095238095,0.8795594204078077,0.8620505176868081,COC(=O)C1=CC=C(NC(=O)CSC2=NC3=C(C=C(Cl)C=C3)N2CC2=CC(C)=CC(C)=C2)C(Cl)=C1,0.9299,0.8891,1.819,1.833224
19827864,5-methyl-6-[2-(5-nitro-2-furyl)-3H-benzimidazol-5-yl]hexahydropyridazin-3-one,CC1CC(=O)NNC1C2=CC3=C(C=C2)N=C(N3)C4=CC=C(O4)[N+](=O)[O-],C16H15N5O4,6,3,3,2.432799999999999,341.11240396,25,126.09,0.1982710762154017,0,Media,0.748,0.5,0.909687202811327,0.8072654021084953,CC1=CC2=C(NC(=N2)C2=CC=C(O2)N(=O)=O)C=C1,0.5934,0.6779,1.2713,1.2271513
797336,1-methyl-2-(2-pyridyl)benzimidazole,CN1C2=CC=CC=C2N=C1C3=CC=CC=N3,C13H11N3,3,0,1,2.635300000000001,209.095297352,16,30.71,0.5210029306414848,0,Media,0.748,0.1333333333333333,0.8455979099059819,0.6675317657628198,CC1=CC2=C(NC(=N2)C2=CC=C(O2)N(=O)=O)C=C1,0.8245,0.6544,1.479,1.2802225
13526688,1-ethyl-5-fluoro-2-(5-nitro-2-furyl)benzimidazole,CCN1C2=C(C=C(C=C2)F)N=C1C3=CC=C(O3)[N+](=O)[O-],C13H10FN3O3,5,0,3,3.363500000000002,275.0706194,20,74.1,0.2699055330634278,0,Media,0.744,0.4067796610169492,0.9322309567902614,0.8008681328469334,CC1=CC2=C(NC(=N2)C2=CC=C(O2)N(=O)=O)C=C1,0.7094,0.8496,1.559,1.4054036
15544259,"3-methyl-2-(5-nitro-2-furyl)phenanthro[9,10-d]imidazole",CN1C2=C(C3=CC=CC=C3C4=CC=CC=C42)N=C1C5=CC=C(O5)[N+](=O)[O-],C20H13N3O3,5,0,2,5.047900000000004,343.095691276,26,74.1,0.3508771929824562,1,Media,0.744,0.3859649122807017,0.8936913779380342,0.7667597615237011,CC1=CC2=C(NC(=N2)C2=CC=C(O2)N(=O)=O)C=C1,0.6343,0.6979,1.3321,1.0924413
52945516,2-[4-(2-fluorophenyl)phenyl]-3H-benzimidazole-5-carbonitrile,C1=CC=C(C(=C1)C2=CC=C(C=C2)C3=NC4=C(N3)C=C(C=C4)C#N)F,C20H12FN3,2,1,2,4.907680000000003,313.101525604,24,52.47,0.4574042309891367,0,Media,0.744,0.3166666666666666,0.8929994803422304,0.7489162769233395,NC(=N)NC1=CC2=C(NC(=N2)C2=CC=C(C=C2)C2=CC=CC=C2)C=C1,0.7825,0.5825,1.3651,1.2678698
145976605,N-[(E)-(4-hydroxyphenyl)methyleneamino]-1H-benzimidazole-2-carboxamide,C1=CC=C2C(=C1)NC(=N2)C(=O)NN=CC3=CC=C(C=C3)O,C15H12N4O2,4,3,3,2.0324,280.096025624,21,90.37,0.2323780015491866,0,Media,0.742,0.6,0.8026029604795224,0.7519522203596418,O=C(N\N=C\C1=CC=C(O1)N(=O)=O)C1=NC2=C(N1)C=CC=C2,0.9384,0.6424,1.5808,1.5824634
19224763,2-(3-methoxyphenyl)-6-methyl-1H-benzimidazole,CC1=CC2=C(C=C1)N=C(N2)C3=CC(=CC=C3)OC,C15H14N2O,2,1,2,3.546920000000002,238.110613068,18,37.91,0.474808757583751,0,Media,0.742,0.3157894736842105,0.8631068071375706,0.7262774737742306,CC1=CC2=C(NC(=N2)C2=CC=C(O2)N(=O)=O)C=C1,0.7396,0.6806,1.4202,1.415369
141836365,1-[2-(5-nitro-2-furyl)-3H-benzimidazol-5-yl]propan-1-one,CCC(=O)C1=CC2=C(C=C1)N=C(N2)C3=CC=C(O3)[N+](=O)[O-],C14H11N3O4,5,1,4,3.323800000000002,285.074955832,21,102.03,0.2058218171126139,0,Media,0.74,0.6037735849056604,0.9794373296524213,0.885521393465731,CC1=CC2=C(NC(=N2)C2=CC=C(O2)N(=O)=O)C=C1,0.7472,0.8187,1.5659,1.4944267
72950223,N-[3-(1H-benzimidazol-2-yl)-2-chloro-phenyl]-2-methyl-4-[4-(trifluoromethyl)phenyl]benzamide,CC1=C(C=CC(=C1)C2=CC=C(C=C2)C(F)(F)F)C(=O)NC3=CC=CC(=C3Cl)C4=NC5=CC=CC=C5N4,C28H19ClF3N3O,2,2,4,8.129820000000002,505.1168745680001,36,57.78,0.6230529595015576,2,Media,0.74,0.4428571428571428,0.956185092414896,0.8278531050254578,O=C(NC1=CC(=CC=C1)C1=NC2=C(N1)C=CC=C2)C1=CC=C(C=C1)C1=CC=CC=C1,0.7686,0.8843,1.6529,1.5971632
58026590,"N-[6-(1,3-benzothiazol-2-ylcarbamoyl)-1H-benzimidazol-2-yl]isoquinoline-3-carboxamide",C1=CC=C2C=NC(=CC2=C1)C(=O)NC3=NC4=C(N3)C=C(C=C4)C(=O)NC5=NC6=CC=CC=C6S5,C25H16N6O2S,6,3,4,5.225400000000001,464.105544752,34,112.66,0.3017930055032842,1,Media,0.74,0.3823529411764705,0.7146836311862801,0.6316009586838277,CC1=CC2=C(NC(NC(=O)C3=NC=CC=C3)=N2)C=C1,0.5973,0.6,1.1973,1.2025417
186763,6-chloro-2-(2-pyridyl)-1H-benzimidazole,C1=CC=NC(=C1)C2=NC3=C(N2)C=C(C=C3)Cl,C12H8ClN3,2,1,1,3.278300000000001,229.040674936,16,41.57,0.3848929516478229,0,Media,0.74,0.2203389830508474,0.8761218472206435,0.7121761311781944,CC1=CC2=C(NC(=N2)C2=CC=C(O2)N(=O)=O)C=C1,0.8692,0.7636,1.6328,1.500418
170421225,"N-(1,5-dimethylbenzimidazol-2-yl)pyridine-2-carboxamide",CC1=CC2=C(C=C1)N(C(=N2)NC(=O)C3=CC=CC=N3)C,C15H14N4O,4,1,2,2.52902,266.116761068,20,59.81,0.3343922420999832,0,Media,0.738,0.5686274509803921,0.3106548443822838,0.3751479960318109,CC1=CC2=C(NC(NC(=O)C3=NC=CC=C3)=N2)C=C1,0.7977,0.6929,1.4906,1.4694766
9663583,"2-[1-[(4-chlorophenyl)methyl]benzimidazol-2-yl]sulfanyl-N-[(E)-(3,4-dichlorophenyl)methyleneamino]acetamide",C1=CC=C2C(=C1)N=C(N2CC3=CC=C(C=C3)Cl)SCC(=O)NN=CC4=CC(=C(C=C4)Cl)Cl,C23H17Cl3N4OS,5,1,7,6.287200000000003,502.0188652040001,32,59.28,0.5398110661268556,2,Media,0.738,0.4096385542168674,0.9782521400789091,0.8360987436133989,COC(=O)C1=CC=C(NC(=O)CSC2=NC3=C(C=C(Cl)C=C3)N2CC2=CC(C)=CC(C)=C2)C(Cl)=C1,0.8131,0.6368,1.4498,1.4803016
11203792,"8-[3-[2-(3,4-dimethoxyphenyl)ethylamino]propyl]-6,6-dimethyl-2-(5-nitro-2-furyl)-3H-imidazo[4,5-h]isoquinoline-7,9-dione",CC1(C2=C(C3=C(C=C2)NC(=N3)C4=CC=C(O4)[N+](=O)[O-])C(=O)N(C1=O)CCCNCCC5=CC(=C(C=C5)OC)OC)C,C29H31N5O7,9,2,11,4.230700000000003,561.2223483319999,41,152.83,0.2682719361381928,1,Media,0.738,0.3614457831325301,0.8631886722276347,0.7377529499538586,CC1=CC2=C(NC(=N2)C2=CC=C(O2)N(=O)=O)C=C1,0.3753,0.5011,0.8764,0.8576324
972375,"(2E,4E)-2-(1H-benzimidazol-2-yl)-5-(3-nitrophenyl)penta-2,4-dienenitrile",C1=CC=C2C(=C1)NC(=N2)C(=CC=CC3=CC(=CC=C3)[N+](=O)[O-])C#N,C18H12N4O2,4,1,4,4.091480000000002,316.096025624,24,95.61,0.2510197678067148,0,Media,0.738,0.3611111111111111,0.6296824636710967,0.5625396255311003,O=C(N\N=C\C1=CC=C(O1)N(=O)=O)C1=NC2=C(N1)C=CC=C2,0.6274,0.3252,0.9526,1.1750815
163411298,(2R)-2-[5-(4-acetylpiperazine-1-carbonyl)-2-(5-nitro-2-furyl)benzimidazol-1-yl]-N-ethyl-N'-ethylidene-pentanediamide,CCNC(=O)C(CCC(=O)N=CC)N1C2=C(C=C(C=C2)C(=O)N3CCN(CC3)C(=O)C)N=C1C4=CC=C(O4)[N+](=O)[O-],C27H31N7O7,9,1,9,2.5835,565.228496332,41,173.25,0.2366522366522367,1,Media,0.738,0.2696629213483146,0.8135337460586037,0.6775660398810315,CC1=CC2=C(NC(=N2)C2=CC=C(O2)N(=O)=O)C=C1,0.3592,0.4714,0.8306,0.82786715
3107313,"4,6-dinitro-2-(5-nitro-2-furyl)-1H-benzimidazole",C1=C(OC(=C1)[N+](=O)[O-])C2=NC3=C(N2)C=C(C=C3[N+](=O)[O-])[N+](=O)[O-],C11H5N5O7,8,1,4,2.5475,319.0188975,23,171.24,0.1343144125204391,0,Media,0.734,0.5490196078431373,0.9135178688593868,0.8223933036053246,CC1=CC2=C(NC(=N2)C2=CC=C(O2)N(=O)=O)C=C1,0.87,0.6915,1.5615,1.4211525
155540142,benzyl N-[3-[5-carbamoyl-7-(3-methoxypropoxy)-2-(pyridine-2-carbonylamino)benzimidazol-1-yl]propyl]carbamate,COCCCOC1=CC(=CC2=C1N(C(=N2)NC(=O)C3=CC=CC=N3)CCCNC(=O)OCC4=CC=CC=C4)C(=O)N,C29H32N6O6,9,3,14,3.514300000000001,560.238332744,41,159.69,0.2567474481808504,1,Media,0.734,0.2823529411764706,0.4366736922647263,0.3980935044926624,CC1=CC2=C(NC(NC(=O)C3=NC=CC=C3)=N2)C=C1,0.3954,0.4088,0.8042,0.8318889
86794349,5-chloro-1-methyl-N-[(2-methylpyrazol-3-yl)methyl]benzimidazol-2-amine,CN1C2=C(C=C(C=C2)Cl)N=C1NCC3=CC=NN3C,C13H14ClN5,5,1,3,2.5723,275.093773128,19,47.67,0.3985735263268303,0,Media,0.732,0.3620689655172414,0.9195672725699422,0.780192695806767,CN1C(NCC2=CC(Br)=CC=C2O)=NC2=C1C=CC=C2,0.9374,0.5965,1.5339,1.3017471
166436130,"5-[4-(6-methyl-1H-benzimidazol-2-yl)phenyl]-3H-1,3,4-oxadiazole-2-thione",CC1=CC2=C(C=C1)N=C(N2)C3=CC=C(C=C3)C4=NNC(=S)O4,C16H12N4OS,4,2,2,4.250910000000002,308.073182004,22,70.5,0.3120567375886525,0,Media,0.732,0.2741935483870967,0.8985686317995532,0.7424748609464391,NC(=N)NC1=CC2=C(NC(=N2)C2=CC=C(C=C2)C2=CC=CC=C2)C=C1,0.7465,0.4897,1.2362,1.2236898
52945540,2-[4-(3-chloro-2-fluoro-phenyl)phenyl]-6-methylsulfonyl-1H-benzimidazole,CS(=O)(=O)C1=CC2=C(C=C1)N=C(N2)C3=CC=C(C=C3)C4=C(C(=CC=C4)Cl)F,C20H14ClFN2O2S,3,1,3,5.092900000000002,400.044854588,27,62.82,0.4297994269340974,1,Media,0.732,0.2686567164179104,0.7934364380777601,0.6622415076627977,NC(=N)NC1=CC2=C(NC(=N2)C2=CC=C(C=C2)C2=CC=CC=C2)C=C1,0.7146,0.5378,1.2523,1.1995438
9594518,N-[(E)-(5-bromo-2-fluoro-phenyl)methyleneamino]-2-[1-[(4-chlorophenyl)methyl]benzimidazol-2-yl]sulfanyl-acetamide,C1=CC=C2C(=C1)N=C(N2CC3=CC=C(C=C3)Cl)SCC(=O)NN=CC4=C(C=CC(=C4)Br)F,C23H17BrClFN4OS,5,1,7,5.882000000000002,529.997900164,32,59.28,0.5398110661268556,2,Media,0.73,0.3908045977011494,0.9703865195527605,0.8254910390898578,COC(=O)C1=CC=C(NC(=O)CSC2=NC3=C(C=C(Cl)C=C3)N2CC2=CC(C)=CC(C)=C2)C(Cl)=C1,0.8093,0.5838,1.3931,1.445807
137552925,N'-hydroxy-2-(4-oxazol-5-ylphenyl)-3H-benzimidazole-5-carboxamidine,C1=CC(=CC=C1C2=CN=CO2)C3=NC4=C(N3)C=C(C=C4)C(=NO)N,C17H13N5O2,5,3,3,2.9794,319.106924656,24,113.32,0.2117896223085069,0,Media,0.73,0.3174603174603174,0.9100523029408158,0.7619043065706912,NC(=N)NC1=CC2=C(NC(=N2)C2=CC=C(C=C2)C2=CC=CC=C2)C=C1,0.8353,0.4106,1.2459,1.1940718
155517625,tert-butyl N-[4-[5-carbamoyl-7-methoxy-2-(pyridine-2-carbonylamino)benzimidazol-1-yl]butyl]carbamate,CC(C)(C)OC(=O)NCCCCN1C2=C(C=C(C=C2OC)C(=O)N)N=C1NC(=O)C3=CC=CC=N3,C24H30N6O5,8,3,9,3.096,482.2277680600001,35,150.46,0.2326199654393194,0,Media,0.73,0.2926829268292683,0.5568176121072256,0.4907839407877363,CC1=CC2=C(NC(NC(=O)C3=NC=CC=C3)=N2)C=C1,0.4399,0.4342,0.8741,0.83431435
9636248,N-[(E)-benzylideneamino]-2-[1-[(4-chlorophenyl)methyl]benzimidazol-2-yl]sulfanyl-acetamide,C1=CC=C(C=C1)C=NNC(=O)CSC2=NC3=CC=CC=C3N2CC4=CC=C(C=C4)Cl,C23H19ClN4OS,5,1,7,4.980400000000004,434.096809908,30,59.28,0.5060728744939271,0,Media,0.728,0.4,0.930454224629925,0.7978406684724437,COC(=O)C1=CC=C(NC(=O)CSC2=NC3=C(C=C(Cl)C=C3)N2CC2=CC(C)=CC(C)=C2)C(Cl)=C1,0.8075,0.6368,1.4443,1.343326
35280468,3-chloro-N-(1-methylbenzimidazol-2-yl)benzamide,CN1C2=CC=CC=C2N=C1NC(=O)C3=CC(=CC=C3)Cl,C15H12ClN3O,3,1,2,3.479000000000002,285.066889684,20,46.92,0.4262574595055413,0,Media,0.728,0.3859649122807017,0.9763817561324676,0.8287775451695262,CN1C(NCC2=CC(Br)=CC=C2O)=NC2=C1C=CC=C2,0.6316,0.455,1.0866,1.2795179
9619072,2-(1-benzylbenzimidazol-2-yl)sulfanyl-N-[(E)-3-pyridylmethyleneamino]acetamide,C1=CC=C(C=C1)CN2C3=CC=CC=C3N=C2SCC(=O)NN=CC4=CN=CC=C4,C22H19N5OS,6,1,7,3.722000000000002,401.1310312280001,29,72.17,0.401829014826105,0,Media,0.728,0.3372093023255814,0.6288591079957004,0.5559466565781707,COC(=O)C1=CC=C(NC(=O)CSC2=NC3=C(C=C(Cl)C=C3)N2CC2=CC(C)=CC(C)=C2)C(Cl)=C1,0.8246,0.6019,1.4265,1.3529325
5515491,2-(1-benzylbenzimidazol-2-yl)sulfanyl-N-[(Z)-3-pyridylmethyleneamino]acetamide,C1=CC=C(C=C1)CN2C3=CC=CC=C3N=C2SCC(=O)NN=CC4=CN=CC=C4,C22H19N5OS,6,1,7,3.722000000000002,401.1310312280001,29,72.17,0.401829014826105,0,Media,0.728,0.3372093023255814,0.6288591079957004,0.5559466565781707,COC(=O)C1=CC=C(NC(=O)CSC2=NC3=C(C=C(Cl)C=C3)N2CC2=CC(C)=CC(C)=C2)C(Cl)=C1,0.8246,0.6019,1.4265,1.3529325
155534270,benzyl N-[3-[5-carbamoyl-7-methoxy-2-(pyridine-2-carbonylamino)benzimidazol-1-yl]propyl]carbamate,COC1=CC(=CC2=C1N(C(=N2)NC(=O)C3=CC=CC=N3)CCCNC(=O)OCC4=CC=CC=C4)C(=O)N,C26H26N6O5,8,3,10,3.107600000000001,502.196467932,37,150.46,0.2459125348929948,1,Media,0.728,0.2926829268292683,0.523695111967599,0.4659420656830163,CC1=CC2=C(NC(NC(=O)C3=NC=CC=C3)=N2)C=C1,0.4673,0.4342,0.9015,0.84891057
762907,2-cyclohexyl-6-nitro-1H-benzimidazole,C1CCC(CC1)C2=NC3=C(N2)C=C(C=C3)[N+](=O)[O-],C13H15N3O2,3,1,2,3.518800000000001,245.11642672,18,71.82,0.2506265664160401,0,Media,0.728,0.2711864406779661,0.9741746839260372,0.7984276231140195,CC1=CC2=C(NC(=N2)C2=CC=C(O2)N(=O)=O)C=C1,0.7947,0.4831,1.2778,1.5190331
39904025,"6-chloro-2-(3,4,5-trimethoxyphenyl)-1H-benzimidazole",COC1=CC(=CC(=C1OC)OC)C2=NC3=C(N2)C=C(C=C3)Cl,C16H15ClN2O3,4,1,4,3.909100000000002,318.0771200200001,22,56.37,0.3902785169416356,0,Media,0.728,0.2295081967213114,0.9202873225963216,0.747592541127569,CC1=CC2=C(NC(=N2)C2=CC=C(O2)N(=O)=O)C=C1,0.616,0.6217,1.2378,1.253176
9675714,2-[1-[(4-chlorophenyl)methyl]benzimidazol-2-yl]sulfanyl-N-[(E)-4-pyridylmethyleneamino]acetamide,C1=CC=C2C(=C1)N=C(N2CC3=CC=C(C=C3)Cl)SCC(=O)NN=CC4=CC=NC=C4,C22H18ClN5OS,6,1,7,4.375400000000003,435.0920588760001,30,72.17,0.4156851877511431,0,Media,0.726,0.3855421686746988,0.8345890576907218,0.722327335436716,COC(=O)C1=CC=C(NC(=O)CSC2=NC3=C(C=C(Cl)C=C3)N2CC2=CC(C)=CC(C)=C2)C(Cl)=C1,0.7964,0.7122,1.5085,1.2329737
639432,2-(4-methyl-2-pyridyl)-1H-benzimidazole,CC1=CC(=NC=C1)C2=NC3=CC=CC=C3N2,C13H11N3,2,1,1,2.93332,209.095297352,16,41.57,0.3848929516478229,0,Media,0.726,0.3396226415094339,0.8907303842439573,0.7529534485603265,CC1=CC2=C(NC(=N2)C2=CC=C(O2)N(=O)=O)C=C1,0.7952,0.7635,1.5587,1.5241231
60646302,6-chloro-2-(3-methoxyphenyl)-1H-benzimidazole,COC1=CC=CC(=C1)C2=NC3=C(N2)C=C(C=C3)Cl,C14H11ClN2O,2,1,2,3.891900000000001,258.055990652,18,37.91,0.474808757583751,0,Media,0.726,0.2258064516129032,0.8486554757029419,0.6929432196804322,CC1=CC2=C(NC(=N2)C2=CC=C(O2)N(=O)=O)C=C1,0.7631,0.6807,1.4438,1.3954165
9633355,2-[1-[(4-chlorophenyl)methyl]benzimidazol-2-yl]sulfanyl-N-[(E)-(2-chlorophenyl)methyleneamino]acetamide,C1=CC=C(C(=C1)C=NNC(=O)CSC2=NC3=CC=CC=C3N2CC4=CC=C(C=C4)Cl)Cl,C23H18Cl2N4OS,5,1,7,5.633800000000003,468.057837556,31,59.28,0.5229419703103914,1,Media,0.722,0.425,0.9755872324097598,0.8379404243073197,COC(=O)C1=CC=C(NC(=O)CSC2=NC3=C(C=C(Cl)C=C3)N2CC2=CC(C)=CC(C)=C2)C(Cl)=C1,0.8069,0.6369,1.4438,1.433626
4523172,2-[1-[(4-chlorophenyl)methyl]benzimidazol-2-yl]sulfanyl-N-[(4-chlorophenyl)methyleneamino]acetamide,C1=CC=C2C(=C1)N=C(N2CC3=CC=C(C=C3)Cl)SCC(=O)NN=CC4=CC=C(C=C4)Cl,C23H18Cl2N4OS,5,1,7,5.633800000000003,468.057837556,31,59.28,0.5229419703103914,1,Media,0.722,0.4050632911392405,0.97558723240976,0.83295624709213,COC(=O)C1=CC=C(NC(=O)CSC2=NC3=C(C=C(Cl)C=C3)N2CC2=CC(C)=CC(C)=C2)C(Cl)=C1,0.8089,0.6368,1.4456,1.4233279
9675471,2-[1-[(4-chlorophenyl)methyl]benzimidazol-2-yl]sulfanyl-N-[(E)-(4-chlorophenyl)methyleneamino]acetamide,C1=CC=C2C(=C1)N=C(N2CC3=CC=C(C=C3)Cl)SCC(=O)NN=CC4=CC=C(C=C4)Cl,C23H18Cl2N4OS,5,1,7,5.633800000000003,468.057837556,31,59.28,0.5229419703103914,1,Media,0.722,0.4050632911392405,0.97558723240976,0.83295624709213,COC(=O)C1=CC=C(NC(=O)CSC2=NC3=C(C=C(Cl)C=C3)N2CC2=CC(C)=CC(C)=C2)C(Cl)=C1,0.8089,0.6368,1.4456,1.4233279
9631845,N-[(E)-(4-bromophenyl)methyleneamino]-2-[1-[(4-chlorophenyl)methyl]benzimidazol-2-yl]sulfanyl-acetamide,C1=CC=C2C(=C1)N=C(N2CC3=CC=C(C=C3)Cl)SCC(=O)NN=CC4=CC=C(C=C4)Br,C23H18BrClN4OS,5,1,7,5.742900000000003,512.0073219760001,31,59.28,0.5229419703103914,2,Media,0.722,0.3809523809523809,0.9618173112427254,0.8166010786701393,COC(=O)C1=CC=C(NC(=O)CSC2=NC3=C(C=C(Cl)C=C3)N2CC2=CC(C)=CC(C)=C2)C(Cl)=C1,0.8088,0.5838,1.3926,1.3901887
45078369,2-pyridazin-4-yl-1H-benzimidazole,C1=CC=C2C(=C1)NC(=N2)C3=CN=NC=C3,C11H8N4,3,1,1,2.0199,196.074896256,15,54.46,0.2754315093646713,0,Media,0.722,0.2363636363636363,0.9580758277439484,0.7776477798988704,CC1=CC2=C(NC(=N2)C2=CC=C(O2)N(=O)=O)C=C1,0.811,0.5245,1.3355,1.5372884
9617860,2-[1-[(4-chlorophenyl)methyl]benzimidazol-2-yl]sulfanyl-N-[(E)-(3-hydroxyphenyl)methyleneamino]acetamide,C1=CC=C2C(=C1)N=C(N2CC3=CC=C(C=C3)Cl)SCC(=O)NN=CC4=CC(=CC=C4)O,C23H19ClN4O2S,6,2,7,4.686000000000003,450.091724528,31,79.51,0.3898880643944157,0,Media,0.72,0.4047619047619047,0.6819651170795494,0.6126643140001382,COC(=O)C1=CC=C(NC(=O)CSC2=NC3=C(C=C(Cl)C=C3)N2CC2=CC(C)=CC(C)=C2)C(Cl)=C1,0.8237,0.5392,1.3629,1.4804066
129757564,"1,7-dimethyl-2-(5-nitro-2-furyl)-7H-imidazo[4,5-e]benzimidazole",CC1N=C2C=CC3=C(C2=N1)N(C(=N3)C4=CC=C(O4)[N+](=O)[O-])C,C14H11N5O3,7,0,2,1.3403,297.086189212,22,98.82,0.2226269985832827,0,Media,0.72,0.3709677419354839,0.7914732696168874,0.6863468876965365,CC1=CC2=C(NC(=N2)C2=CC=C(O2)N(=O)=O)C=C1,0.6428,0.641,1.2838,1.0283039
155515232,7-methoxy-1-propyl-2-(pyridine-2-carbonylamino)benzimidazole-5-carboxamide,CCCN1C2=C(C=C(C=C2OC)C(=O)N)N=C1NC(=O)C3=CC=CC=N3,C18H19N5O3,6,2,6,2.2011,353.148789468,26,112.13,0.231873718005886,0,Media,0.72,0.3428571428571428,0.5414919868031722,0.4918332758166649,CC1=CC2=C(NC(NC(=O)C3=NC=CC=C3)=N2)C=C1,0.6464,0.496,1.1423,1.1925831
16012600,N-[(3-chlorophenyl)methyl]-1-methyl-benzimidazol-2-amine,CN1C2=CC=CC=C2N=C1NCC3=CC(=CC=C3)Cl,C15H14ClN3,3,1,3,3.838800000000002,271.087625128,19,29.85,0.6365159128978224,0,Media,0.718,0.5098039215686274,0.9693119261114194,0.8544349249757214,CN1C(NCC2=CC(Br)=CC=C2O)=NC2=C1C=CC=C2,0.9807,0.6674,1.6481,1.6183875
90031103,4-(4-aminophenyl)-N-[3-(1H-benzimidazol-2-yl)-4-chloro-phenyl]-2-methyl-benzamide,CC1=C(C=CC(=C1)C2=CC=C(C=C2)N)C(=O)NC3=CC(=C(C=C3)Cl)C4=NC5=CC=CC=C5N4,C27H21ClN4O,3,3,4,6.693220000000005,452.140388972,33,83.80000000000001,0.3937947494033412,1,Media,0.718,0.4848484848484848,0.9880868652109766,0.8622772701203536,O=C(NC1=CC(=CC=C1)C1=NC2=C(N1)C=CC=C2)C1=CC=C(C=C1)C1=CC=CC=C1,0.7767,0.5638,1.3404,1.2348152
9594514,2-[1-[(4-chlorophenyl)methyl]benzimidazol-2-yl]sulfanyl-N-[(E)-(5-methyl-2-thienyl)methyleneamino]acetamide,CC1=CC=C(S1)C=NNC(=O)CSC2=NC3=CC=CC=C3N2CC4=CC=C(C=C4)Cl,C22H19ClN4OS2,6,1,7,5.350320000000004,454.068880908,30,59.28,0.5060728744939271,1,Media,0.718,0.4047619047619047,0.9081747519865564,0.7823215401803933,COC(=O)C1=CC=C(NC(=O)CSC2=NC3=C(C=C(Cl)C=C3)N2CC2=CC(C)=CC(C)=C2)C(Cl)=C1,0.8325,0.6378,1.4702,1.3874296
9537561,2-[1-[(4-chlorophenyl)methyl]benzimidazol-2-yl]sulfanyl-N-[(E)-(2-fluorophenyl)methyleneamino]acetamide,C1=CC=C(C(=C1)C=NNC(=O)CSC2=NC3=CC=CC=C3N2CC4=CC=C(C=C4)Cl)F,C23H18ClFN4OS,5,1,7,5.119500000000003,452.087388096,31,59.28,0.5229419703103914,1,Media,0.718,0.3975903614457831,0.9731469323593476,0.8292577896309564,COC(=O)C1=CC=C(NC(=O)CSC2=NC3=C(C=C(Cl)C=C3)N2CC2=CC(C)=CC(C)=C2)C(Cl)=C1,0.8094,0.6368,1.4461,1.4156557
4862591,2-(1-methylpyrazol-3-yl)-1H-benzimidazole,CN1C=CC(=N1)C2=NC3=CC=CC=C3N2,C11H10N4,3,1,1,1.9634,198.09054632,15,46.5,0.3225806451612903,0,Media,0.718,0.2545454545454545,0.9421336941511064,0.7702366342496935,CC1=CC2=C(NC(=N2)C2=CC=C(O2)N(=O)=O)C=C1,0.9022,0.7762,1.6784,1.4737295
60980808,6-fluoro-2-(3-methoxyphenyl)-1H-benzimidazole,COC1=CC=CC(=C1)C2=NC3=C(N2)C=C(C=C3)F,C14H11FN2O,2,1,2,3.377600000000002,242.085541192,18,37.91,0.474808757583751,0,Media,0.718,0.2258064516129032,0.8702928362230478,0.7091712400705116,CC1=CC2=C(NC(=N2)C2=CC=C(O2)N(=O)=O)C=C1,0.7671,0.6807,1.4478,1.4116898
71404254,2-(2-pyridyl)-1-vinyl-benzimidazole,C=CN1C2=CC=CC=C2N=C1C3=CC=CC=N3,C14H11N3,3,0,2,3.198800000000002,221.095297352,17,30.71,0.5535656138065776,0,Media,0.718,0.109375,0.8329496303325572,0.652055972749418,CC1=CC2=C(NC(=N2)C2=CC=C(O2)N(=O)=O)C=C1,0.7946,0.6547,1.4493,1.2536014
46886439,2-(3-methoxyphenyl)-6-(trifluoromethyl)-1H-benzimidazole,COC1=CC=CC(=C1)C2=NC3=C(N2)C=C(C=C3)C(F)(F)F,C15H11F3N2O,2,1,2,4.257300000000002,292.082347632,21,37.91,0.5539435505143762,0,Media,0.7178,0.2153846153846154,0.8311380402620097,0.6771996840426611,CC1=CC2=C(NC(=N2)C2=CC=C(O2)N(=O)=O)C=C1,0.7466,0.6807,1.4274,1.4255682
14265329,5-(1H-benzimidazol-2-yl)furan-2-carbaldehyde,C1=CC=C2C(=C1)NC(=N2)C3=CC=C(O3)C=O,C12H8N2O2,3,1,2,2.635400000000001,212.058577496,16,58.89,0.271692986924775,0,Media,0.716,0.3846153846153846,0.9830044589984966,0.8334071904027186,CC1=CC2=C(NC(=N2)C2=CC=C(O2)N(=O)=O)C=C1,0.9165,0.8884,1.8049,1.5093348
102040424,N-methyl-2-[(1-methylbenzimidazol-2-yl)methyleneamino]aniline,CNC1=CC=CC=C1N=CC2=NC3=CC=CC=C3N2C,C16H16N4,4,1,3,3.365600000000001,264.137496512,20,42.21,0.4738213693437574,0,Media,0.716,0.3103448275862069,0.9553294803039448,0.7940833171245104,CN1C(NCC2=CC(Br)=CC=C2O)=NC2=C1C=CC=C2,0.5681,0.4318,0.9999,1.2374679
70821,2-(2-pyridyl)-1H-benzimidazole,C1=CC=C2C(=C1)NC(=N2)C3=CC=CC=N3,C12H9N3,2,1,1,2.6249,195.079647288,15,41.57,0.360837142169834,0,Media,0.716,0.2452830188679245,0.8958920989032467,0.7332398288944162,CC1=CC2=C(NC(=N2)C2=CC=C(O2)N(=O)=O)C=C1,0.8748,0.7635,1.6383,1.5690897
10956241,"2-(1-methyl-3,6-dihydro-2H-pyridin-5-yl)-6-nitro-1H-benzimidazole",CN1CCC=C(C1)C2=NC3=C(N2)C=C(C=C3)[N+](=O)[O-],C13H14N4O2,4,1,2,2.19,258.111675688,19,75.06,0.253130828670397,0,Media,0.712,0.3174603174603174,0.9736809072941298,0.8096257598356766,CC1=CC2=C(NC(=N2)C2=CC=C(O2)N(=O)=O)C=C1,0.7902,0.4557,1.2459,1.4326903
126737374,"N-[1-[3-(prop-2-enoylamino)phenyl]-5-[[[(1S)-1,2,2-trimethylpropyl]amino]methyl]benzimidazol-2-yl]pyridine-2-carboxamide",CC(C(C)(C)C)NCC1=CC2=C(C=C1)N(C(=N2)NC(=O)C3=CC=CC=N3)C4=CC=CC(=C4)NC(=O)C=C,C29H32N6O2,6,3,8,5.321500000000004,496.258674264,37,100.94,0.3665543887457896,1,Media,0.712,0.2857142857142857,0.6294532427266077,0.5435185034735273,CC1=CC2=C(NC(NC(=O)C3=NC=CC=C3)=N2)C=C1,0.4001,0.4093,0.8094,0.90296805
162652705,6-(trifluoromethyl)-2-[4-[5-(trifluoromethyl)-1H-pyrazol-4-yl]phenyl]-1H-benzimidazole,C1=CC(=CC=C1C2=C(NN=C2)C(F)(F)F)C3=NC4=C(N3)C=C(C=C4)C(F)(F)F,C18H10F6N4,2,2,2,5.657600000000002,396.08096564,28,57.36,0.4881450488145049,1,Media,0.712,0.2698412698412698,0.9420905806891924,0.7740282529772118,NC(=N)NC1=CC2=C(NC(=N2)C2=CC=C(C=C2)C2=CC=CC=C2)C=C1,0.6608,0.5336,1.1944,1.2134749
16653128,N-[(4-chlorophenyl)methyl]-1H-benzimidazol-2-amine,C1=CC=C2C(=C1)NC(=N2)NCC3=CC=C(C=C3)Cl,C14H12ClN3,2,2,3,3.828400000000001,257.071975064,18,40.71,0.4421518054532056,0,Media,0.712,0.2166666666666666,0.8980948060645924,0.727737771215111,CN1C(NCC2=CC(Br)=CC=C2O)=NC2=C1C=CC=C2,0.8945,0.6007,1.4952,1.4605763
20347800,2-(5-methyl-2-pyridyl)-1H-benzimidazole,CC1=CN=C(C=C1)C2=NC3=CC=CC=C3N2,C13H11N3,2,1,1,2.93332,209.095297352,16,41.57,0.3848929516478229,0,Media,0.7113333333333333,0.320754716981132,0.8907303842439573,0.7482364674282511,CC1=CC2=C(NC(=N2)C2=CC=C(O2)N(=O)=O)C=C1,0.8196,0.7635,1.5831,1.5252023
16488540,1-allyl-N-[(3-chlorophenyl)methyl]benzimidazol-2-amine,C=CCN1C2=CC=CC=C2N=C1NCC3=CC(=CC=C3)Cl,C17H16ClN3,3,1,5,4.487800000000003,297.103275192,21,29.85,0.7035175879396984,0,Media,0.71,0.3387096774193548,0.9263235887337736,0.7794201109051688,CN1C(NCC2=CC(Br)=CC=C2O)=NC2=C1C=CC=C2,0.9007,0.6007,1.5014,1.4347596
160296479,"7-(1,3-dimethylbenzimidazol-3-ium-2-yl)-2-(2,6-dimethyl-4-phenyl-phenyl)-6-methyl-1,3-benzoxazole",CC1=C(C2=C(C=C1)N=C(O2)C3=C(C=C(C=C3C)C4=CC=CC=C4)C)C5=[N+](C6=CC=CC=C6N5C)C,C31H28N3O+,3,0,3,7.070260000000007,458.2226889360901,35,34.84,1.00459242250287,1,Media,0.71,0.1794871794871795,0.3197156737484454,0.2846585501831289,O=C(NC1=CC(=CC=C1)C1=NC2=C(N1)C=CC=C2)C1=CC=C(C=C1)C1=CC=CC=C1,0.4871,0.2114,0.6985,0.6057527
975441,1-allyl-N-[(4-methoxyphenyl)methyl]benzimidazol-2-amine,COC1=CC=C(C=C1)CNC2=NC3=CC=CC=C3N2CC=C,C18H19N3O,4,1,6,3.843000000000002,293.152812228,22,39.08,0.5629477993858751,0,Media,0.708,0.3442622950819672,0.9330666279645554,0.7858655447439085,CN1C(NCC2=CC(Br)=CC=C2O)=NC2=C1C=CC=C2,0.8232,0.5462,1.3694,1.3845127
90031997,N-[4-chloro-3-(1-methylbenzimidazol-2-yl)phenyl]-2-methyl-4-[4-(trifluoromethyl)phenyl]benzamide,CC1=C(C=CC(=C1)C2=CC=C(C=C2)C(F)(F)F)C(=O)NC3=CC(=C(C=C3)Cl)C4=NC5=CC=CC=C5N4C,C29H21ClF3N3O,3,1,4,8.140220000000001,519.132524632,37,46.92,0.7885763000852515,2,Media,0.708,0.3116883116883117,0.7985384186736734,0.676825891927333,O=C(NC1=CC(=CC=C1)C1=NC2=C(N1)C=CC=C2)C1=CC=C(C=C1)C1=CC=CC=C1,0.6668,0.77,1.4369,1.2848353
11701283,6-(1H-benzimidazol-2-yl)-1H-pyridin-2-one,C1=CC=C2C(=C1)NC(=N2)C3=CC=CC(=O)N3,C12H9N3O,2,2,1,1.9182,211.074561908,16,61.54,0.2599935001624959,0,Media,0.708,0.2592592592592592,0.8105066508520473,0.6726948029538503,CC1=CC2=C(NC(=N2)C2=CC=C(O2)N(=O)=O)C=C1,0.8019,0.6197,1.4216,1.4135365
44024103,1-ethyl-2-(2-pyridyl)benzimidazole,CCN1C2=CC=CC=C2N=C1C3=CC=CC=N3,C14H13N3,3,0,2,3.118200000000002,223.110947416,17,30.71,0.5535656138065776,0,Media,0.708,0.1269841269841269,0.8368289025002682,0.659367708621233,CC1=CC2=C(NC(=N2)C2=CC=C(O2)N(=O)=O)C=C1,0.7451,0.6544,1.3994,1.2198932
162660104,2-[4-(3-furyl)phenyl]-6-(trifluoromethyl)-1H-benzimidazole,C1=CC(=CC=C1C2=COC=C2)C3=NC4=C(N3)C=C(C=C4)C(F)(F)F,C18H11F3N2O,2,1,2,5.508700000000003,328.082347632,24,41.82,0.5738880918220947,1,Media,0.707,0.3050847457627119,0.8326307160149824,0.7007442234519148,NC(=N)NC1=CC2=C(NC(=N2)C2=CC=C(C=C2)C2=CC=CC=C2)C=C1,0.7896,0.5773,1.3669,1.275835
345772,6-methyl-2-(2-pyridyl)-1H-benzimidazole,CC1=CC2=C(C=C1)N=C(N2)C3=CC=CC=N3,C13H11N3,2,1,1,2.93332,209.095297352,16,41.57,0.3848929516478229,0,Media,0.706,0.3333333333333333,0.8907303842439573,0.7513811215163014,CC1=CC2=C(NC(=N2)C2=CC=C(O2)N(=O)=O)C=C1,0.8242,0.7635,1.5877,1.5250171
44465473,"2-[4-(2-fluorophenyl)phenyl]-N,N-dimethyl-3H-benzimidazole-5-sulfonamide",CN(C)S(=O)(=O)C1=CC2=C(C=C1)N=C(N2)C3=CC=C(C=C3)C4=CC=CC=C4F,C21H18FN3O2S,3,1,4,4.286300000000003,395.110376036,28,66.06,0.4238570996064184,0,Media,0.706,0.2923076923076923,0.7731675630936139,0.6529525953971335,NC(=N)NC1=CC2=C(NC(=N2)C2=CC=C(C=C2)C2=CC=CC=C2)C=C1,0.6466,0.5378,1.1844,1.1493902
12181421,2-(2-quinolyl)-1H-benzo[f]benzimidazole,C1=CC=C2C(=C1)C=CC(=N2)C3=NC4=CC5=CC=CC=C5C=C4N3,C20H13N3,2,1,1,4.931300000000003,295.110947416,23,41.57,0.5532836179937455,0,Media,0.706,0.2545454545454545,0.8123690321978423,0.6729131377847454,CC1=CC2=C(NC(=N2)C2=CC=C(O2)N(=O)=O)C=C1,0.7979,0.6262,1.4241,1.3596308
67891586,N-[6-(3-furyl)-4-[(4-methylsulfinylphenyl)methylcarbamoyl]-1H-benzimidazol-2-yl]isoquinoline-3-carboxamide,CS(=O)C1=CC=C(C=C1)CNC(=O)C2=C3C(=CC(=C2)C4=COC=C4)NC(=N3)NC(=O)C5=CC6=CC=CC=C6C=N5,C30H23N5O4S,6,3,7,5.290800000000004,549.147075216,40,129.98,0.3077396522541929,2,Media,0.704,0.2976190476190476,0.5959590184311712,0.5213740257281403,CC1=CC2=C(NC(NC(=O)C3=NC=CC=C3)=N2)C=C1,0.4879,0.5632,1.051,1.0449775
4247652,"N-(1H-benzimidazol-2-yl)-3,5-dichloro-2-hydroxy-benzamide",C1=CC=C2C(=C1)NC(=N2)NC(=O)C3=C(C(=CC(=C3)Cl)Cl)O,C14H9Cl2N3O2,3,3,2,3.827600000000001,321.007181888,21,78.01,0.2691962568901422,0,Media,0.704,0.1911764705882352,0.9281929883745224,0.7439388589279505,CN1C(NCC2=CC(Br)=CC=C2O)=NC2=C1C=CC=C2,0.492,0.5451,1.0371,1.03995
2583692,N-(1H-benzimidazol-2-yl)-3-iodo-benzamide,C1=CC=C2C(=C1)NC(=N2)NC(=O)C3=CC(=CC=C3)I,C14H10IN3O,2,2,2,3.419800000000001,362.98685994,19,57.78,0.3288335064035999,0,Media,0.704,0.1818181818181818,0.8948142283730449,0.716565216734329,CN1C(NCC2=CC(Br)=CC=C2O)=NC2=C1C=CC=C2,0.5081,0.3854,0.8936,1.162984
135770292,[(E)-[5-[6-(trifluoromethyl)-1H-benzimidazol-2-yl]-2-furyl]methyleneamino]thiourea,C1=CC2=C(C=C1C(F)(F)F)NC(=N2)C3=CC=C(O3)C=NNC(=S)N,C14H10F3N5OS,4,3,3,3.008800000000001,353.0558156000001,24,92.23,0.2602190176732083,0,Media,0.702,0.2676056338028169,0.8971811902343381,0.7397873011264577,CC1=CC2=C(NC(=N2)C2=CC=C(O2)N(=O)=O)C=C1,0.7248,0.6649,1.3897,1.2308677
20131776,4-(1H-benzimidazol-2-yl)oxazole,C1=CC=C2C(=C1)NC(=N2)C3=COC=N3,C10H7N3O,3,1,1,2.217899999999999,185.058911844,14,54.71,0.2558947176019009,0,Media,0.702,0.2545454545454545,0.948294563771991,0.7748572864653568,CC1=CC2=C(NC(=N2)C2=CC=C(O2)N(=O)=O)C=C1,0.8594,0.7744,1.6338,1.5618308
975885,5-(1H-benzimidazol-2-yl)thiazole,C1=CC=C2C(=C1)NC(=N2)C3=CN=CS3,C10H7N3S,3,1,1,2.6864,201.036068224,14,41.57,0.336781332691845,0,Media,0.702,0.2321428571428571,0.919541059660189,0.747691509030856,CC1=CC2=C(NC(=N2)C2=CC=C(O2)N(=O)=O)C=C1,0.8236,0.6199,1.4435,1.5376828
58026608,N-[6-(1H-benzimidazol-2-ylcarbamoyl)-1H-benzimidazol-2-yl]isoquinoline-3-carboxamide,C1=CC=C2C=NC(=CC2=C1)C(=O)NC3=NC4=C(N3)C=C(C=C4)C(=O)NC5=NC6=CC=CC=C6N5,C25H17N7O2,5,4,4,4.492000000000002,447.1443727840001,34,128.45,0.2646944336317633,0,Media,0.7,0.4655172413793103,0.8302695289905595,0.7390814570877473,CC1=CC2=C(NC(NC(=O)C3=NC=CC=C3)=N2)C=C1,0.5764,0.5292,1.1057,1.0226457
12605805,"2-(1,4-dimethylpyridin-1-ium-3-yl)-1H-benzimidazole",CC1=C(C=[N+](C=C1)C)C2=NC3=CC=CC=C3N2,C14H14N3+,1,1,1,2.36282,224.11822386809,17,32.56,0.5221130221130221,0,Media,0.7,0.2586206896551724,0.7811814298366656,0.6505412447912924,CC1=CC2=C(NC(=N2)C2=CC=C(O2)N(=O)=O)C=C1,0.813,0.6556,1.4686,1.4034353
4449684,6-fluoro-2-phenyl-1H-benzimidazole,C1=CC=C(C=C1)C2=NC3=C(N2)C=C(C=C3)F,C13H9FN2,1,1,1,3.369000000000002,212.074976508,16,28.68,0.5578800557880056,0,Media,0.7,0.2363636363636363,0.7392032709435823,0.6134933622985959,CC1=CC2=C(NC(=N2)C2=CC=C(O2)N(=O)=O)C=C1,0.8043,0.6543,1.4586,1.3731391
21912640,[4-(1H-benzimidazol-2-yl)thiazol-2-yl]methanamine,C1=CC=C2C(=C1)NC(=N2)C3=CSC(=N3)CN,C11H10N4S,4,2,2,2.1451,230.06261732,16,67.59,0.2367214084923805,0,Media,0.7,0.2166666666666666,0.9067303511928732,0.7342144300613216,CC1=CC2=C(NC(=N2)C2=CC=C(O2)N(=O)=O)C=C1,0.8391,0.6346,1.4737,1.4730779
49803862,N-[6-(3-methoxyphenyl)-1H-benzimidazol-2-yl]isoquinoline-3-carboxamide,COC1=CC=CC(=C1)C2=CC3=C(C=C2)N=C(N3)NC(=O)C4=CC5=CC=CC=C5C=N4,C24H18N4O2,4,2,4,5.039000000000003,394.142975816,30,79.89999999999999,0.3754693366708386,1,Media,0.698,0.421875,0.6238991581315226,0.573393118598642,CC1=CC2=C(NC(NC(=O)C3=NC=CC=C3)=N2)C=C1,0.6044,0.7503,1.3548,1.4141572
16012602,N-[(3-chlorophenyl)methyl]-1-ethyl-benzimidazol-2-amine,CCN1C2=CC=CC=C2N=C1NCC3=CC(=CC=C3)Cl,C16H16ClN3,3,1,4,4.321700000000003,285.103275192,20,29.85,0.6700167504187604,0,Media,0.698,0.3793103448275862,0.9473913355664711,0.8053710878817499,CN1C(NCC2=CC(Br)=CC=C2O)=NC2=C1C=CC=C2,0.9277,0.6674,1.595,1.4564891
2083985,N-(1H-benzimidazol-2-yl)-3-bromo-benzamide,C1=CC=C2C(=C1)NC(=N2)NC(=O)C3=CC(=CC=C3)Br,C14H10BrN3O,2,2,2,3.577700000000001,315.00072404,19,57.78,0.3288335064035999,0,Media,0.698,0.2580645161290322,0.900276519386916,0.7397235185724451,CN1C(NCC2=CC(Br)=CC=C2O)=NC2=C1C=CC=C2,0.5071,0.3854,0.8925,1.2396986
4915638,6-chloro-N-(2-pyridylmethyl)-1H-benzimidazol-2-amine,C1=CC=NC(=C1)CNC2=NC3=C(N2)C=C(C=C3)Cl,C13H11ClN4,3,2,3,3.223400000000001,258.067224032,18,53.6,0.335820895522388,0,Media,0.698,0.1969696969696969,0.967232872846096,0.7746670788769962,CN1C(NCC2=CC(Br)=CC=C2O)=NC2=C1C=CC=C2,0.897,0.5781,1.475,1.2840916
46225706,"4-(5-nitro-2-furyl)-10-oxa-3,5-diazatetracyclo[10.4.0.02,6.07,11]hexadeca-1(16),2(6),4,7(11),8,12,14-heptaene",C1=CC=C2C(=C1)C3=C(C4=C2OC=C4)N=C(N3)C5=CC=C(O5)[N+](=O)[O-],C17H9N3O4,5,1,2,4.630500000000002,319.059305768,24,98.1,0.2446483180428134,0,Media,0.696,0.423728813559322,0.9750333547946372,0.8372072194858085,CC1=CC2=C(NC(=N2)C2=CC=C(O2)N(=O)=O)C=C1,0.778,0.751,1.529,1.4345434
96733,2-(6-methyl-2-pyridyl)-1H-benzimidazole,CC1=NC(=CC=C1)C2=NC3=CC=CC=C3N2,C13H11N3,2,1,1,2.933320000000001,209.095297352,16,41.57,0.3848929516478229,0,Media,0.696,0.2830188679245283,0.8907303842439573,0.7388025051641002,CC1=CC2=C(NC(=N2)C2=CC=C(O2)N(=O)=O)C=C1,0.8692,0.7637,1.6329,1.5361028
278827,"2-(2,5-dichlorophenyl)-1H-benzimidazole",C1=CC=C2C(=C1)NC(=N2)C3=C(C=CC(=C3)Cl)Cl,C13H8Cl2N2,1,1,1,4.536700000000002,262.006453616,17,28.68,0.592747559274756,0,Media,0.696,0.25,0.7252173500522365,0.6064130125391773,CC1=CC2=C(NC(=N2)C2=CC=C(O2)N(=O)=O)C=C1,0.8766,0.6548,1.5314,1.3903708
162665124,"2-[4-[6-(trifluoromethyl)-1H-benzimidazol-2-yl]phenyl]-1,3,4-oxadiazole",C1=CC(=CC=C1C2=NC3=C(N2)C=C(C=C3)C(F)(F)F)C4=NN=CO4,C16H9F3N4O,4,1,2,4.298700000000001,330.072845568,24,67.6,0.3550295857988166,0,Media,0.695,0.2698412698412698,0.7595266988256697,0.6371053415795698,NC(=N)NC1=CC2=C(NC(=N2)C2=CC=C(C=C2)C2=CC=CC=C2)C=C1,0.7386,0.5169,1.2555,1.2737762
9629126,N-[(E)-(2-chlorophenyl)methyleneamino]-2-[1-(p-tolylmethyl)benzimidazol-2-yl]sulfanyl-acetamide,CC1=CC=C(C=C1)CN2C3=CC=CC=C3N=C2SCC(=O)NN=CC4=CC=CC=C4Cl,C24H21ClN4OS,5,1,7,5.288820000000004,448.112459972,31,59.28,0.5229419703103914,1,Media,0.694,0.4320987654320987,0.9717772985305466,0.8368576652559347,COC(=O)C1=CC=C(NC(=O)CSC2=NC3=C(C=C(Cl)C=C3)N2CC2=CC(C)=CC(C)=C2)C(Cl)=C1,0.7928,0.6369,1.4297,1.4267178
58026354,N-[6-(thiazol-2-ylcarbamoyl)-1H-benzimidazol-2-yl]isoquinoline-3-carboxamide,C1=CC=C2C=NC(=CC2=C1)C(=O)NC3=NC4=C(N3)C=C(C=C4)C(=O)NC5=NC=CS5,C21H14N6O2S,6,3,4,4.072200000000001,414.089894688,30,112.66,0.2662879460323096,0,Media,0.694,0.4090909090909091,0.7738224164625948,0.6826395396196734,CC1=CC2=C(NC(NC(=O)C3=NC=CC=C3)=N2)C=C1,0.6802,0.6433,1.3236,1.323233
7013068,1-allyl-N-[(4-chlorophenyl)methyl]benzimidazol-2-amine,C=CCN1C2=CC=CC=C2N=C1NCC3=CC=C(C=C3)Cl,C17H16ClN3,3,1,5,4.487800000000003,297.103275192,21,29.85,0.7035175879396984,0,Media,0.694,0.3389830508474576,0.9263235887337736,0.7794884542621945,CN1C(NCC2=CC(Br)=CC=C2O)=NC2=C1C=CC=C2,0.8749,0.6007,1.4756,1.435008
155569505,benzyl N-[3-[5-carbamoyl-7-(3-morpholinopropoxy)-2-(pyridine-2-carbonylamino)benzimidazol-1-yl]propyl]carbamate,C1COCCN1CCCOC2=CC(=CC3=C2N(C(=N3)NC(=O)C4=CC=CC=N4)CCCNC(=O)OCC5=CC=CC=C5)C(=O)N,C32H37N7O6,10,3,14,3.200100000000001,615.280531904,45,162.93,0.2761922297919351,1,Media,0.694,0.2473118279569892,0.3893438060388535,0.3538358115183874,CC1=CC2=C(NC(NC(=O)C3=NC=CC=C3)=N2)C=C1,0.3448,0.3659,0.7107,0.71692765
3058001,2-(6-methoxy-2-pyridyl)-1H-benzimidazole,COC1=CC=CC(=N1)C2=NC3=CC=CC=C3N2,C13H11N3O,3,1,2,2.633500000000001,225.090211972,17,50.8,0.3346456692913385,0,Media,0.694,0.2456140350877192,0.9718062205607548,0.7902581741924959,CC1=CC2=C(NC(=N2)C2=CC=C(O2)N(=O)=O)C=C1,0.8546,0.8388,1.6934,1.4112464
56437869,N-[5-chloro-1-(3-phenylpropyl)benzimidazol-2-yl]-1-oxido-pyridin-1-ium-2-carboxamide,C1=CC=C(C=C1)CCCN2C3=C(C=C(C=C3)Cl)N=C2NC(=O)C4=CC=CC=[N+]4[O-],C22H19ClN4O2,4,1,6,4.208200000000004,406.119653528,29,73.86,0.3926347143243975,0,Media,0.694,0.2432432432432432,-0.3471537035517086,-0.1995544668529706,ClC1=CC2=C(NC(NC(=O)C3=NC=CC=C3)N2)C=C1,0.6006,0.126,0.7266,0.7412969
9617858,N-[(E)-(3-hydroxyphenyl)methyleneamino]-2-[1-(p-tolylmethyl)benzimidazol-2-yl]sulfanyl-acetamide,CC1=CC=C(C=C1)CN2C3=CC=CC=C3N=C2SCC(=O)NN=CC4=CC(=CC=C4)O,C24H22N4O2S,6,2,7,4.341020000000004,430.146346944,31,79.51,0.3898880643944157,0,Media,0.692,0.4,0.6302611917721419,0.5726958938291065,COC(=O)C1=CC=C(NC(=O)CSC2=NC3=C(C=C(Cl)C=C3)N2CC2=CC(C)=CC(C)=C2)C(Cl)=C1,0.8089,0.5392,1.3481,1.4628291
747511,4-fluoro-N-(1-methylbenzimidazol-2-yl)benzamide,CN1C2=CC=CC=C2N=C1NC(=O)C3=CC=C(C=C3)F,C15H12FN3O,3,1,2,2.964700000000001,269.096440224,20,46.92,0.4262574595055413,0,Media,0.692,0.3818181818181818,0.9760095339271008,0.827461695899871,CN1C(NCC2=CC(Br)=CC=C2O)=NC2=C1C=CC=C2,0.6085,0.455,1.0635,1.2940502
9662701,N-[(E)-(5-bromo-2-thienyl)methyleneamino]-2-[1-[(4-chlorophenyl)methyl]benzimidazol-2-yl]sulfanyl-acetamide,C1=CC=C2C(=C1)N=C(N2CC3=CC=C(C=C3)Cl)SCC(=O)NN=CC4=CC=C(S4)Br,C21H16BrClN4OS2,6,1,7,5.804400000000002,517.963742912,30,59.28,0.5060728744939271,2,Media,0.692,0.3720930232558139,0.919871856664768,0.7829271483125295,COC(=O)C1=CC=C(NC(=O)CSC2=NC3=C(C=C(Cl)C=C3)N2CC2=CC(C)=CC(C)=C2)C(Cl)=C1,0.8113,0.5843,1.3956,1.4322724
58026404,N-[4-[(4-methylsulfonylphenyl)methylcarbamoyl]-6-phenyl-1H-benzimidazol-2-yl]isoquinoline-3-carboxamide,CS(=O)(=O)C1=CC=C(C=C1)CNC(=O)C2=C3C(=CC(=C2)C4=CC=CC=C4)NC(=N3)NC(=O)C5=CC6=CC=CC=C6C=N5,C32H25N5O4S,6,3,7,5.363900000000004,575.16272528,42,133.9100000000001,0.3136434918975431,2,Media,0.692,0.3205128205128205,0.5708988496651334,0.5083023423770552,CC1=CC2=C(NC(NC(=O)C3=NC=CC=C3)=N2)C=C1,0.4619,0.563,1.025,1.0445342
58026459,N-[4-[(4-methylsulfonylphenyl)methylcarbamoyl]-6-(trifluoromethyl)-1H-benzimidazol-2-yl]isoquinoline-3-carboxamide,CS(=O)(=O)C1=CC=C(C=C1)CNC(=O)C2=C3C(=CC(=C2)C(F)(F)F)NC(=N3)NC(=O)C4=CC5=CC=CC=C5C=N4,C27H20F3N5O4S,6,3,6,4.715700000000003,567.11880978,40,133.9100000000001,0.2987080875214696,1,Media,0.692,0.3164556962025316,0.5860207587719166,0.5186294931295704,CC1=CC2=C(NC(NC(=O)C3=NC=CC=C3)=N2)C=C1,0.5115,0.6005,1.112,1.0276144
44377155,2-(6-chloro-2-pyridyl)-1H-benzimidazole,C1=CC=C2C(=C1)NC(=N2)C3=NC(=CC=C3)Cl,C12H8ClN3,2,1,1,3.278300000000001,229.040674936,16,41.57,0.3848929516478229,0,Media,0.692,0.2363636363636363,0.8761218472206435,0.7161822945063917,CC1=CC2=C(NC(=N2)C2=CC=C(O2)N(=O)=O)C=C1,0.8785,0.7636,1.6421,1.5175438
139799983,2-[(E)-2-(2-chlorophenyl)vinyl]-1-methyl-benzimidazole,CN1C2=CC=CC=C2N=C1C=CC3=CC=CC=C3Cl,C16H13ClN2,2,0,2,4.397100000000003,268.076726096,19,17.82,1.0662177328844,0,Media,0.69,0.3035714285714285,0.6400279893106426,0.5559138491258391,CN1C(NCC2=CC(Br)=CC=C2O)=NC2=C1C=CC=C2,0.6214,0.4005,1.0219,1.0266362
138395990,4-(1-deuteriobenzimidazol-2-yl)thiazole,C1=CC=C2C(=C1)NC(=N2)C3=CSC=N3,C10H7N3S,3,1,1,2.686400000000001,201.036068224,14,41.57,0.336781332691845,0,Media,0.688,0.2321428571428571,0.9195410596601888,0.7476915090308559,CC1=CC2=C(NC(=N2)C2=CC=C(O2)N(=O)=O)C=C1,0.8654,0.7749,1.6403,1.5376828
124202601,4-(1H-benzimidazol-2-yl)thiazole,C1=CC=C2C(=C1)NC(=N2)C3=CSC=N3,C10H7N3S,3,1,1,2.686400000000001,201.036068224,14,41.57,0.336781332691845,0,Media,0.688,0.2321428571428571,0.9195410596601888,0.7476915090308559,CC1=CC2=C(NC(=N2)C2=CC=C(O2)N(=O)=O)C=C1,0.8654,0.7749,1.6403,1.5376828
45040513,"4-(4,5,6,7-tetradeuterio-1H-benzimidazol-2-yl)thiazole",C1=CC=C2C(=C1)NC(=N2)C3=CSC=N3,C10H7N3S,3,1,1,2.686400000000001,201.036068224,14,41.57,0.336781332691845,0,Media,0.688,0.2321428571428571,0.9195410596601888,0.7476915090308559,CC1=CC2=C(NC(=N2)C2=CC=C(O2)N(=O)=O)C=C1,0.8654,0.7749,1.6403,1.5376828
129318142,"2,5-dideuterio-4-(4,5,6,7-tetradeuterio-1H-benzimidazol-2-yl)thiazole",C1=CC=C2C(=C1)NC(=N2)C3=CSC=N3,C10H7N3S,3,1,1,2.686400000000001,201.036068224,14,41.57,0.336781332691845,0,Media,0.688,0.2321428571428571,0.9195410596601888,0.7476915090308559,CC1=CC2=C(NC(=N2)C2=CC=C(O2)N(=O)=O)C=C1,0.8654,0.7749,1.6403,1.5376828
5430,4-(1H-benzimidazol-2-yl)thiazole,C1=CC=C2C(=C1)NC(=N2)C3=CSC=N3,C10H7N3S,3,1,1,2.686400000000001,201.036068224,14,41.57,0.336781332691845,0,Media,0.688,0.2321428571428571,0.9195410596601888,0.7476915090308559,CC1=CC2=C(NC(=N2)C2=CC=C(O2)N(=O)=O)C=C1,0.8654,0.7749,1.6403,1.5376828
155526060,benzyl N-[3-[5-carbamoyl-2-(isoquinoline-1-carbonylamino)-7-methoxy-benzimidazol-1-yl]propyl]carbamate,COC1=CC(=CC2=C1N(C(=N2)NC(=O)C3=NC=CC4=CC=CC=C43)CCCNC(=O)OCC5=CC=CC=C5)C(=O)N,C30H28N6O5,8,3,10,4.260800000000001,552.212117996,41,150.46,0.2724976738003456,1,Media,0.688,0.1935483870967742,0.5156512569539216,0.4351255394896347,CC1=CC2=C(NC(NC(=O)C3=NC=CC=C3)=N2)C=C1,0.4031,0.3461,0.7492,0.68331695
13004825,2-(5-ethyl-2-furyl)-1H-benzimidazole,CCC1=CC=C(O1)C2=NC3=CC=CC=C3N2,C13H12N2O,2,1,2,3.385300000000001,212.094963004,16,41.82,0.3825920612147298,0,Media,0.686,0.3846153846153846,0.8761541964021119,0.75326949345543,CC1=CC2=C(NC(=N2)C2=CC=C(O2)N(=O)=O)C=C1,0.8222,0.6995,1.5217,1.4769505
924756,6-methyl-2-(m-tolyl)-1H-benzimidazole,CC1=CC(=CC=C1)C2=NC3=C(N2)C=C(C=C3)C,C15H14N2,1,1,1,3.846740000000002,222.115698448,17,28.68,0.592747559274756,0,Media,0.686,0.3529411764705882,0.7341678107963447,0.6388611522149056,CC1=CC2=C(NC(=N2)C2=CC=C(O2)N(=O)=O)C=C1,0.7397,0.6539,1.3937,1.3627863
19224795,methyl 4-(6-methyl-1H-benzimidazol-2-yl)benzoate,CC1=CC2=C(C=C1)N=C(N2)C3=CC=C(C=C3)C(=O)OC,C16H14N2O2,3,1,2,3.324920000000001,266.105527688,20,54.98,0.363768643142961,0,Media,0.686,0.3275862068965517,0.9488040210326903,0.7934995674986558,CC1=CC2=C(NC(=N2)C2=CC=C(O2)N(=O)=O)C=C1,0.672,0.6795,1.3515,1.3070589
135451339,2-methoxy-6-[(E)-(1-methylbenzimidazol-2-yl)iminomethyl]phenol,CN1C2=CC=CC=C2N=C1N=CC3=C(C(=CC=C3)OC)O,C16H15N3O2,5,1,3,3.038100000000002,281.11642672,21,59.64,0.352112676056338,0,Media,0.686,0.3015873015873015,0.92672993646085,0.7704442777424627,CN1C(NCC2=CC(Br)=CC=C2O)=NC2=C1C=CC=C2,0.5317,0.4766,1.0084,1.2267604
58555970,4-(1H-benzimidazol-2-yl)-2-chloro-thiazole,C1=CC=C2C(=C1)NC(=N2)C3=CSC(=N3)Cl,C10H6ClN3S,3,1,1,3.339800000000001,234.997095872,15,41.57,0.360837142169834,0,Media,0.686,0.25,0.906726180798264,0.742544635598698,CC1=CC2=C(NC(=N2)C2=CC=C(O2)N(=O)=O)C=C1,0.8707,0.7749,1.6456,1.523677
155539110,N-(5-carbamoyl-7-methoxy-1-propyl-benzimidazol-2-yl)isoquinoline-1-carboxamide,CCCN1C2=C(C=C(C=C2OC)C(=O)N)N=C1NC(=O)C3=NC=CC4=CC=CC=C43,C22H21N5O3,6,2,6,3.354300000000001,403.164439532,30,112.13,0.2675465976990992,0,Media,0.686,0.2222222222222222,0.5303941577546035,0.4533511738715082,CC1=CC2=C(NC(NC(=O)C3=NC=CC=C3)=N2)C=C1,0.6009,0.4616,1.0625,1.045346
23656017,"6-(trifluoromethyl)-2-(3,4,5-trimethoxyphenyl)-1H-benzimidazole",COC1=CC(=CC(=C1OC)OC)C2=NC3=C(N2)C=C(C=C3)C(F)(F)F,C17H15F3N2O3,4,1,4,4.274500000000002,352.1034770000001,25,56.37,0.4434983147064041,0,Media,0.6858,0.21875,0.8981632287161662,0.7283099215371246,CC1=CC2=C(NC(=N2)C2=CC=C(O2)N(=O)=O)C=C1,0.6425,0.6759,1.3184,1.2268456
157371218,"2-(2,6-dimethyl-4-phenyl-phenyl)-6-methyl-7-[1-methyl-3-(4-phenylphenyl)benzimidazol-1-ium-2-yl]-1,3-benzoxazole",CC1=C(C2=C(C=C1)N=C(O2)C3=C(C=C(C=C3C)C4=CC=CC=C4)C)C5=[N+](C6=CC=CC=C6N5C7=CC=C(C=C7)C8=CC=CC=C8)C,C42H34N3O+,3,0,5,10.18946,596.2696391280901,46,34.84,1.320321469575201,2,Media,0.684,0.1875,0.3846983436377634,0.3353987577283226,O=C(NC1=CC(=CC=C1)C1=NC2=C(N1)C=CC=C2)C1=CC=C(C=C1)C1=CC=CC=C1,0.3998,0.1865,0.5864,0.56643134
162661835,2-[4-(1-methylpyrazol-4-yl)phenyl]-6-(trifluoromethyl)-1H-benzimidazole,CN1C=C(C=N1)C2=CC=C(C=C2)C3=NC4=C(N3)C=C(C=C4)C(F)(F)F,C18H13F3N4,3,1,2,4.649200000000002,342.109231076,25,46.5,0.5376344086021505,0,Media,0.683,0.2857142857142857,0.7982186022350051,0.6700925231048251,NC(=N)NC1=CC2=C(NC(=N2)C2=CC=C(C=C2)C2=CC=CC=C2)C=C1,0.7778,0.5777,1.3555,1.2292877
174577126,"N-(5,6-dimethyl-1H-benzimidazol-2-yl)pyridine-2-carboxamide",CC1=CC2=C(C=C1C)N=C(N2)NC(=O)C3=CC=CC=N3,C15H14N4O,3,2,2,2.82704,266.116761068,20,70.67,0.2830055186076128,0,Media,0.682,0.7555555555555555,0.9869790994475464,0.9291232134745486,CC1=CC2=C(NC(NC(=O)C3=NC=CC=C3)=N2)C=C1,0.9307,1.0,1.9307,1.838096
13004826,2-(5-chloro-2-furyl)-1H-benzimidazole,C1=CC=C2C(=C1)NC(=N2)C3=CC=C(O3)Cl,C11H7ClN2O,2,1,1,3.476300000000001,218.024690524,15,41.82,0.3586800573888092,0,Media,0.682,0.38,0.8589940976422037,0.7392455732316527,CC1=CC2=C(NC(=N2)C2=CC=C(O2)N(=O)=O)C=C1,0.8844,0.7769,1.6613,1.638278
19224098,"2-(2,5-dimethoxyphenyl)-1H-benzimidazole",COC1=CC(=C(C=C1)OC)C2=NC3=CC=CC=C3N2,C15H14N2O2,3,1,3,3.247100000000001,254.105527688,19,47.14,0.4030547305897327,0,Media,0.682,0.2542372881355932,0.9294112028519004,0.7606177241728236,CC1=CC2=C(NC(=N2)C2=CC=C(O2)N(=O)=O)C=C1,0.7553,0.6708,1.4261,1.2899197
16653129,N-[(4-methoxyphenyl)methyl]-1H-benzimidazol-2-amine,COC1=CC=C(C=C1)CNC2=NC3=CC=CC=C3N2,C15H15N3O,3,2,4,3.183600000000001,253.1215121,19,49.94,0.3804565478574289,0,Media,0.682,0.2258064516129032,0.9681050903408464,0.7825304306588606,CN1C(NCC2=CC(Br)=CC=C2O)=NC2=C1C=CC=C2,0.8324,0.5462,1.3787,1.385338
58190775,N-[4-[3-(4-methylsulfonylphenyl)propanoyl]-6-(trifluoromethyl)-1H-benzimidazol-2-yl]isoquinoline-3-carboxamide,CS(=O)(=O)C1=CC=C(C=C1)CCC(=O)C2=C3C(=CC(=C2)C(F)(F)F)NC(=N3)NC(=O)C4=CC5=CC=CC=C5C=N4,C28H21F3N4O4S,6,2,7,5.601200000000004,566.123560812,40,121.88,0.3281916639317361,2,Media,0.6808,0.3291139240506329,0.4080615983710029,0.3883246797909104,CC1=CC2=C(NC(NC(=O)C3=NC=CC=C3)=N2)C=C1,0.5196,0.6432,1.1628,1.1232098
101678039,hydroxy-[5-(6-hydroxy-1H-benzimidazol-2-yl)-2-furyl]-oxo-ammonium,C1=CC2=C(C=C1O)NC(=N2)C3=CC=C(O3)[N+](=O)O,C11H8N3O4+,4,3,2,2.3281,246.05093215609,18,102.36,0.1758499413833529,0,Media,0.68,0.4807692307692308,0.8748313063739878,0.7763157874727985,CC1=CC2=C(NC(=N2)C2=CC=C(O2)N(=O)=O)C=C1,0.9044,0.7876,1.692,1.5515544
53321121,N'-(3-hydroxynaphthalene-2-carbonyl)-2-(5-nitro-2-furyl)-3H-benzimidazole-5-carbohydrazide,C1=CC=C2C=C(C(=CC2=C1)C(=O)NNC(=O)C3=CC4=C(C=C3)N=C(N4)C5=CC=C(O5)[N+](=O)[O-])O,C23H15N5O6,7,4,4,3.664700000000002,457.1022332,34,163.39,0.2080910704449476,0,Media,0.68,0.4615384615384615,0.9174345708834072,0.8034605435471709,CC1=CC2=C(NC(=N2)C2=CC=C(O2)N(=O)=O)C=C1,0.4632,0.1586,0.6218,0.7192478
59487151,3-[4-(6-chloro-1H-benzimidazol-2-yl)phenyl]cyclopentanone,C1CC(=O)CC1C2=CC=C(C=C2)C3=NC4=C(N3)C=C(C=C4)Cl,C18H15ClN2O,2,1,2,4.719900000000003,310.08729078,22,45.75,0.4808743169398907,0,Media,0.68,0.2615384615384615,0.8938629535010415,0.7357818305103965,NC(=N)NC1=CC2=C(NC(=N2)C2=CC=C(C=C2)C2=CC=CC=C2)C=C1,0.7597,0.563,1.3228,1.2456782
923827,N-(2-phenylethyl)-1H-benzimidazol-2-amine,C1=CC=C(C=C1)CCNC2=NC3=CC=CC=C3N2,C15H15N3,2,2,4,3.217500000000001,237.12659748,18,40.71,0.4421518054532056,0,Media,0.68,0.2033898305084746,0.8871147748935173,0.7161835387972566,CN1C(NCC2=CC(Br)=CC=C2O)=NC2=C1C=CC=C2,0.8147,0.5662,1.3809,1.5685178
164613995,2-[2-(4-benzyloxyphenyl)-3H-benzimidazol-5-yl]guanidine,C1=CC=C(C=C1)COC2=CC=C(C=C2)C3=NC4=C(N3)C=C(C=C4)N=C(N)N,C21H19N5O,3,3,5,3.713800000000001,357.1589602280001,27,102.31,0.2639038217183071,0,Media,0.678,0.365079365079365,0.947387855250176,0.8018107327074732,NC(=N)NC1=CC2=C(NC(=N2)C2=CC=C(C=C2)C2=CC=CC=C2)C=C1,0.6785,0.4314,1.1099,1.1692295
135421622,2-[(E)-1H-benzimidazol-2-yliminomethyl]-4-bromo-phenol,C1=CC=C2C(=C1)NC(=N2)N=CC3=C(C=CC(=C3)Br)O,C14H10BrN3O,3,2,2,3.781600000000001,315.00072404,19,61.27,0.3101028235678146,0,Media,0.678,0.3166666666666666,0.96886306809052,0.8058139677345566,CN1C(NCC2=CC(Br)=CC=C2O)=NC2=C1C=CC=C2,0.5058,0.4113,0.9172,1.2220633
44376998,"2-(5,6-dimethyl-2-pyridyl)-1H-benzimidazole",CC1=C(N=C(C=C1)C2=NC3=CC=CC=C3N2)C,C14H13N3,2,1,1,3.241740000000001,223.110947416,17,41.57,0.4089487611258118,0,Media,0.678,0.2777777777777778,0.8797921246854083,0.7292885379585007,CC1=CC2=C(NC(=N2)C2=CC=C(O2)N(=O)=O)C=C1,0.8091,0.7636,1.5728,1.5201738
56688666,"2-(2,3,5-trichlorophenyl)-1H-benzimidazole",C1=CC=C2C(=C1)NC(=N2)C3=C(C(=CC(=C3)Cl)Cl)Cl,C13H7Cl3N2,1,1,1,5.190100000000001,295.967481264,18,28.68,0.6276150627615062,1,Media,0.678,0.2456140350877192,0.718119989454417,0.5999935008627426,CC1=CC2=C(NC(=N2)C2=CC=C(O2)N(=O)=O)C=C1,0.8735,0.6548,1.5283,1.4428521
17993508,2-imidazol-1-yl-1H-benzimidazole,C1=CC=C2C(=C1)NC(=N2)N3C=CN=C3,C10H8N4,3,1,1,1.7486,184.074896256,14,46.5,0.3010752688172043,0,Media,0.678,0.1694915254237288,0.9091432020230714,0.7242302828732358,CC1=CC2=C(NC(=N2)C2=CC=C(O2)N(=O)=O)C=C1,0.8502,0.5456,1.3958,1.5308285
9638289,N-[(E)-(2-fluorophenyl)methyleneamino]-2-[1-(p-tolylmethyl)benzimidazol-2-yl]sulfanyl-acetamide,CC1=CC=C(C=C1)CN2C3=CC=CC=C3N=C2SCC(=O)NN=CC4=CC=CC=C4F,C24H21FN4OS,5,1,7,4.774520000000003,432.142010512,31,59.28,0.5229419703103914,0,Media,0.676,0.3928571428571428,0.9483966756026878,0.8095117924163016,COC(=O)C1=CC=C(NC(=O)CSC2=NC3=C(C=C(Cl)C=C3)N2CC2=CC(C)=CC(C)=C2)C(Cl)=C1,0.7948,0.6368,1.4316,1.3663474
102268663,[5-(1H-benzimidazol-2-yl)-2-furyl]methanol,C1=CC=C2C(=C1)NC(=N2)C3=CC=C(O3)CO,C12H10N2O2,3,2,2,2.3152,214.07422756,16,62.05,0.257856567284448,0,Media,0.676,0.3584905660377358,0.8926231073371114,0.7590899720122676,CC1=CC2=C(NC(=N2)C2=CC=C(O2)N(=O)=O)C=C1,0.8554,0.675,1.5304,1.5620869
58191004,N-[4-[3-(4-methylsulfonylphenyl)propanoyl]-6-phenyl-1H-benzimidazol-2-yl]isoquinoline-3-carboxamide,CS(=O)(=O)C1=CC=C(C=C1)CCC(=O)C2=C3C(=CC(=C2)C4=CC=CC=C4)NC(=N3)NC(=O)C5=CC6=CC=CC=C6C=N5,C33H26N4O4S,6,2,8,6.249400000000005,574.1674763120001,42,121.88,0.3446012471283229,2,Media,0.676,0.3333333333333333,0.3985801997166737,0.3822684831208385,CC1=CC2=C(NC(NC(=O)C3=NC=CC=C3)=N2)C=C1,0.4747,0.6005,1.0752,1.0725195
924715,2-methoxy-4-(6-methyl-1H-benzimidazol-2-yl)phenol,CC1=CC2=C(C=C1)N=C(N2)C3=CC(=C(C=C3)O)OC,C15H14N2O2,3,2,2,3.252520000000001,254.105527688,19,58.14,0.326797385620915,0,Media,0.676,0.3050847457627119,0.9202522872059556,0.7664604018451446,CC1=CC2=C(NC(=N2)C2=CC=C(O2)N(=O)=O)C=C1,0.6842,0.6202,1.3044,1.3485701
135995578,3-(1H-benzimidazol-2-yl)isoxazole,C1=CC=C2C(=C1)NC(=N2)C3=NOC=C3,C10H7N3O,3,1,1,2.217899999999999,185.058911844,14,54.71,0.2558947176019009,0,Media,0.676,0.2592592592592592,0.948294563771991,0.776035737643808,CC1=CC2=C(NC(=N2)C2=CC=C(O2)N(=O)=O)C=C1,0.8409,0.7762,1.617,1.5595783
49749,6-methoxy-2-(6-methyl-2-pyridyl)-1H-benzimidazole,CC1=NC(=CC=C1)C2=NC3=C(N2)C=C(C=C3)OC,C14H13N3O,3,1,2,2.941920000000001,239.105862036,18,50.8,0.3543307086614173,0,Media,0.676,0.25,0.9621088266712404,0.7840816200034302,CC1=CC2=C(NC(=N2)C2=CC=C(O2)N(=O)=O)C=C1,0.8148,0.688,1.5028,1.369256
49747,2-(6-ethyl-2-pyridyl)-1H-benzimidazole,CCC1=NC(=CC=C1)C2=NC3=CC=CC=C3N2,C14H13N3,2,1,2,3.187300000000002,223.110947416,17,41.57,0.4089487611258118,0,Media,0.676,0.2456140350877192,0.890701328170113,0.7294295048995145,CC1=CC2=C(NC(=N2)C2=CC=C(O2)N(=O)=O)C=C1,0.7896,0.6881,1.4777,1.4539477
161580586,"7-(1-cyclohexyl-3-methyl-benzimidazol-3-ium-2-yl)-2-(2,6-dimethyl-4-phenyl-phenyl)-6-methyl-1,3-benzoxazole",CC1=C(C2=C(C=C1)N=C(O2)C3=C(C=C(C=C3C)C4=CC=CC=C4)C)C5=[N+](C6=CC=CC=C6N5C7CCCCC7)C,C36H36N3O+,3,0,4,9.03846,526.2852891920901,40,34.84,1.148105625717566,2,Media,0.676,0.1627906976744186,0.3738362314825336,0.3210748480305049,O=C(NC1=CC(=CC=C1)C1=NC2=C(N1)C=CC=C2)C1=CC=C(C=C1)C1=CC=CC=C1,0.4087,0.1977,0.6064,0.57248235
793690,2-[(1-methylbenzimidazol-2-yl)methyleneamino]phenol,CN1C2=CC=CC=C2N=C1C=NC3=CC=CC=C3O,C15H13N3O,4,1,2,3.029500000000002,251.105862036,19,50.41,0.3769093433842492,0,Media,0.674,0.3703703703703703,0.9478181628128822,0.8034562147022543,CN1C(NCC2=CC(Br)=CC=C2O)=NC2=C1C=CC=C2,0.5893,0.5113,1.1006,1.2611152
58026405,N-[4-(1H-imidazol-2-ylcarbamoyl)-6-phenyl-1H-benzimidazol-2-yl]isoquinoline-3-carboxamide,C1=CC=C(C=C1)C2=CC(=C3C(=C2)NC(=N3)NC(=O)C4=CC5=CC=CC=C5C=N4)C(=O)NC6=NC=CN6,C27H19N7O2,5,4,5,5.005800000000002,473.1600228480001,36,128.45,0.2802646944336317,1,Media,0.674,0.3623188405797101,0.8016146225615426,0.6917906770660844,CC1=CC2=C(NC(NC(=O)C3=NC=CC=C3)=N2)C=C1,0.5608,0.5299,1.0907,1.0436239
58724433,N-[4-[(4-methylsulfonylphenyl)methylcarbamoyl]-6-(3-thienyl)-1H-benzimidazol-2-yl]isoquinoline-3-carboxamide,CS(=O)(=O)C1=CC=C(C=C1)CNC(=O)C2=C3C(=CC(=C2)C4=CSC=C4)NC(=N3)NC(=O)C5=CC6=CC=CC=C6C=N5,C30H23N5O4S2,7,3,7,5.425400000000004,581.119146216,41,133.9100000000001,0.3061757897095063,2,Media,0.674,0.3132530120481928,0.5668984942139448,0.5034871236725068,CC1=CC2=C(NC(NC(=O)C3=NC=CC=C3)=N2)C=C1,0.4855,0.563,1.0486,1.0102527
58724414,N-[6-(3-furyl)-4-[(4-methylsulfonylphenyl)methylcarbamoyl]-1H-benzimidazol-2-yl]isoquinoline-3-carboxamide,CS(=O)(=O)C1=CC=C(C=C1)CNC(=O)C2=C3C(=CC(=C2)C4=COC=C4)NC(=N3)NC(=O)C5=CC6=CC=CC=C6C=N5,C30H23N5O5S,7,3,7,4.956900000000003,565.141989836,41,147.05,0.2788167290037402,1,Media,0.674,0.2976190476190476,0.5659550942106986,0.4988710825627858,CC1=CC2=C(NC(NC(=O)C3=NC=CC=C3)=N2)C=C1,0.4804,0.53,1.0104,0.92122316
70323633,"N-[6-(2,3-dihydrofuran-4-yl)-4-[(4-methylsulfonylphenyl)methylcarbamoyl]-1H-benzimidazol-2-yl]isoquinoline-3-carboxamide",CS(=O)(=O)C1=CC=C(C=C1)CNC(=O)C2=C3C(=CC(=C2)C4=COCC4)NC(=N3)NC(=O)C5=CC6=CC=CC=C6C=N5,C30H25N5O5S,7,3,7,4.458100000000003,567.1576399,41,143.14,0.2864328629313958,1,Media,0.674,0.2873563218390804,0.5553523499780415,0.4883533429433012,CC1=CC2=C(NC(NC(=O)C3=NC=CC=C3)=N2)C=C1,0.4658,0.53,0.9958,0.90996075
102500395,2-[6-(1H-benzimidazol-2-yl)-2-pyridyl]propan-2-ol,CC(C)(C1=CC=CC(=N1)C2=NC3=CC=CC=C3N2)O,C15H15N3O,3,2,2,2.852300000000001,253.1215121,19,61.8,0.3074433656957929,0,Media,0.674,0.2372881355932203,0.9213978190640568,0.7503703981963477,CC1=CC2=C(NC(=N2)C2=CC=C(O2)N(=O)=O)C=C1,0.7082,0.6444,1.3526,1.2951071
82947313,"4,6-dimethyl-2-(2-pyridyl)-1H-benzimidazole",CC1=CC(=C2C(=C1)NC(=N2)C3=CC=CC=N3)C,C14H13N3,2,1,1,3.241740000000001,223.110947416,17,41.57,0.4089487611258118,0,Media,0.674,0.2372881355932203,0.8797921246854083,0.7191661274123613,CC1=CC2=C(NC(=N2)C2=CC=C(O2)N(=O)=O)C=C1,0.7857,0.7636,1.5493,1.4988035
6451571,2-(1H-benzimidazol-2-yl)thiazole,C1=CC=C2C(=C1)NC(=N2)C3=NC=CS3,C10H7N3S,3,1,1,2.686400000000001,201.036068224,14,41.57,0.336781332691845,0,Media,0.674,0.2321428571428571,0.9195410596601888,0.7476915090308559,CC1=CC2=C(NC(=N2)C2=CC=C(O2)N(=O)=O)C=C1,0.8613,0.7759,1.6372,1.5376828
936788,N-[(4-chlorophenyl)methyl]-1-methyl-benzimidazol-2-amine,CN1C2=CC=CC=C2N=C1NCC3=CC=C(C=C3)Cl,C15H14ClN3,3,1,3,3.838800000000002,271.087625128,19,29.85,0.6365159128978224,0,Media,0.672,0.5102040816326531,0.9693119261114194,0.8545349649917278,CN1C(NCC2=CC(Br)=CC=C2O)=NC2=C1C=CC=C2,0.9522,0.6673,1.6194,1.6184604
4385218,2-(3-chlorophenyl)-6-methyl-1H-benzimidazole,CC1=CC2=C(C=C1)N=C(N2)C3=CC(=CC=C3)Cl,C14H11ClN2,1,1,1,4.191720000000002,242.061076032,17,28.68,0.592747559274756,0,Media,0.672,0.3272727272727272,0.7303676435831946,0.6295939145055778,CC1=CC2=C(NC(=N2)C2=CC=C(O2)N(=O)=O)C=C1,0.7633,0.6544,1.4176,1.3758888
72949526,"3-[3-(1H-benzimidazol-2-yl)-4-chloro-phenyl]-7-[4-(trifluoromethyl)phenyl]-2H-1,3-benzoxazin-4-one",C1N(C(=O)C2=C(O1)C=C(C=C2)C3=CC=C(C=C3)C(F)(F)F)C4=CC(=C(C=C4)Cl)C5=NC6=CC=CC=C6N5,C28H17ClF3N3O2,3,1,3,7.565800000000004,519.096139124,37,58.22000000000001,0.6355204397114393,2,Media,0.672,0.3037974683544304,0.7873716340462973,0.6664780926233305,O=C(NC1=CC(=CC=C1)C1=NC2=C(N1)C=CC=C2)C1=CC=C(C=C1)C1=CC=CC=C1,0.8235,0.4326,1.2561,1.2731864
6953409,4-(6-chloro-1H-benzimidazol-2-yl)benzoate,C1=CC(=CC=C1C2=NC3=C(N2)C=C(C=C3)Cl)C(=O)[O-],C14H8ClN2O2-,3,1,2,2.246799999999999,271.02797875591,19,68.81,0.2761226565906118,0,Media,0.672,0.25,0.966211326366344,0.7871584947747581,CC1=CC2=C(NC(=N2)C2=CC=C(O2)N(=O)=O)C=C1,0.7949,0.5696,1.3645,1.4351913
72949347,2-amino-N-[3-(1H-benzimidazol-2-yl)-4-chloro-phenyl]-4-[4-(trifluoromethyl)phenyl]benzamide,C1=CC=C2C(=C1)NC(=N2)C3=C(C=CC(=C3)NC(=O)C4=C(C=C(C=C4)C5=CC=C(C=C5)C(F)(F)F)N)Cl,C27H18ClF3N4O,3,3,4,7.403600000000004,506.112123536,36,83.8,0.4295942720763723,2,Media,0.67,0.463768115942029,0.9836791181674668,0.8537013676111073,O=C(NC1=CC(=CC=C1)C1=NC2=C(N1)C=CC=C2)C1=CC=C(C=C1)C1=CC=CC=C1,0.7346,0.6579,1.3925,1.3837259
9634245,"N-[(E)-(2,3-dichlorophenyl)methyleneamino]-2-[1-(p-tolylmethyl)benzimidazol-2-yl]sulfanyl-acetamide",CC1=CC=C(C=C1)CN2C3=CC=CC=C3N=C2SCC(=O)NN=CC4=C(C(=CC=C4)Cl)Cl,C24H20Cl2N4OS,5,1,7,5.942220000000003,482.07348762,32,59.28,0.5398110661268556,1,Media,0.67,0.4166666666666667,0.986765500107533,0.8442407917473164,COC(=O)C1=CC=C(NC(=O)CSC2=NC3=C(C=C(Cl)C=C3)N2CC2=CC(C)=CC(C)=C2)C(Cl)=C1,0.7968,0.6369,1.4338,1.473548
3640001,1-butyl-N-[(4-chlorophenyl)methyl]benzimidazol-2-amine,CCCCN1C2=CC=CC=C2N=C1NCC3=CC=C(C=C3)Cl,C18H20ClN3,3,1,6,5.101900000000004,313.13457532,22,29.85,0.7370184254606365,1,Media,0.67,0.3793103448275862,0.8897424745825406,0.7621344421438021,CN1C(NCC2=CC(Br)=CC=C2O)=NC2=C1C=CC=C2,0.7681,0.6007,1.3688,1.5823448
90032004,"N-[3-(1H-benzimidazol-2-yl)-4-chloro-phenyl]-N,2-dimethyl-4-[4-(trifluoromethyl)phenyl]benzamide",CC1=C(C=CC(=C1)C2=CC=C(C=C2)C(F)(F)F)C(=O)N(C)C3=CC(=C(C=C3)Cl)C4=NC5=CC=CC=C5N4,C29H21ClF3N3O,2,1,4,8.154120000000004,519.132524632,37,48.99,0.7552561747295367,2,Media,0.67,0.36,0.8076921074161841,0.695769080562138,O=C(NC1=CC(=CC=C1)C1=NC2=C(N1)C=CC=C2)C1=CC=C(C=C1)C1=CC=CC=C1,0.8143,0.5648,1.3791,1.3565459
2773160,1-methyl-2-styryl-benzimidazole,CN1C2=CC=CC=C2N=C1C=CC3=CC=CC=C3,C16H14N2,2,0,2,3.743700000000002,234.115698448,18,17.82,1.01010101010101,0,Media,0.67,0.3269230769230769,0.6690498455849119,0.5835181534194532,CN1C(NCC2=CC(Br)=CC=C2O)=NC2=C1C=CC=C2,0.6084,0.4004,1.0089,0.9507667
5708370,1-methyl-2-[(E)-styryl]benzimidazole,CN1C2=CC=CC=C2N=C1C=CC3=CC=CC=C3,C16H14N2,2,0,2,3.743700000000002,234.115698448,18,17.82,1.01010101010101,0,Media,0.67,0.3269230769230769,0.6690498455849119,0.5835181534194532,CN1C(NCC2=CC(Br)=CC=C2O)=NC2=C1C=CC=C2,0.6084,0.4004,1.0089,0.9507667
54056180,4-(1H-benzimidazol-2-yl)oxadiazole,C1=CC=C2C(=C1)NC(=N2)C3=CON=N3,C9H6N4O,4,1,1,1.6129,186.054160812,14,67.6,0.2071005917159763,0,Media,0.67,0.2545454545454545,0.8934344630261122,0.7337122109059477,CC1=CC2=C(NC(=N2)C2=CC=C(O2)N(=O)=O)C=C1,0.8256,0.6993,1.5249,1.5791923
76325013,"methyl 3-chloro-4-[[2-[1-[(3,5-dimethylphenyl)methyl]benzimidazol-2-yl]sulfanylacetyl]amino]benzoate",CC1=CC(=CC(=C1)CN2C3=CC=CC=C3N=C2SCC(=O)NC4=C(C=C(C=C4)C(=O)OC)Cl)C,C26H24ClN3O3S,6,1,7,5.872240000000005,493.1226903079999,34,73.22,0.4643540016388965,1,Media,0.668,0.8307692307692308,0.9936776262105244,0.9529505273502012,COC(=O)C1=CC=C(NC(=O)CSC2=NC3=C(C=C(Cl)C=C3)N2CC2=CC(C)=CC(C)=C2)C(Cl)=C1,1.0,1.0,2.0,1.944572
35261173,2-(5-iodo-2-furyl)-1H-benzimidazole,C1=CC=C2C(=C1)NC(=N2)C3=CC=C(O3)I,C11H7IN2O,2,1,1,3.427500000000001,309.960310844,15,41.82,0.3586800573888092,0,Media,0.668,0.38,0.8386180259582714,0.7239635194687035,CC1=CC2=C(NC(=N2)C2=CC=C(O2)N(=O)=O)C=C1,0.8818,0.6995,1.5813,1.6232932
52941877,2-[4-(2-fluorophenyl)phenyl]-3H-benzimidazole-5-sulfonamide,C1=CC=C(C(=C1)C2=CC=C(C=C2)C3=NC4=C(N3)C=C(C=C4)S(=O)(=O)N)F,C19H14FN3O2S,3,2,3,3.683400000000002,367.0790759079999,26,88.84,0.2926609635299415,0,Media,0.668,0.3278688524590163,0.9265997286942946,0.776917009635475,NC(=N)NC1=CC2=C(NC(=N2)C2=CC=C(C=C2)C2=CC=CC=C2)C=C1,0.7482,0.5005,1.2487,1.1529735
49804933,"5,6-difluoro-2-(2-pyridyl)-1H-benzimidazole",C1=CC=NC(=C1)C2=NC3=CC(=C(C=C3N2)F)F,C12H7F2N3,2,1,1,2.9031,231.060803664,17,41.57,0.4089487611258118,0,Media,0.668,0.2456140350877192,0.8962940255321898,0.7336240279210722,CC1=CC2=C(NC(=N2)C2=CC=C(O2)N(=O)=O)C=C1,0.8802,0.7636,1.6438,1.4987519
11665659,6-fluoro-2-(2-pyridyl)-1H-benzimidazole,C1=CC=NC(=C1)C2=NC3=C(N2)C=C(C=C3)F,C12H8FN3,2,1,1,2.764,213.070225476,16,41.57,0.3848929516478229,0,Media,0.668,0.2203389830508474,0.9004319983545319,0.7304087445286108,CC1=CC2=C(NC(=N2)C2=CC=C(O2)N(=O)=O)C=C1,0.8736,0.7635,1.6372,1.522774
1087007,N-[(4-methoxyphenyl)methyl]-1-methyl-benzimidazol-2-amine,CN1C2=CC=CC=C2N=C1NCC3=CC=C(C=C3)OC,C16H17N3O,4,1,4,3.194000000000002,267.137162164,20,39.08,0.5117707267144319,0,Media,0.666,0.4901960784313725,0.95089161396002,0.8357177300778581,CN1C(NCC2=CC(Br)=CC=C2O)=NC2=C1C=CC=C2,0.8872,0.6008,1.488,1.5347462
67891558,N-[6-isopropyl-4-[(4-methylsulfinylphenyl)methylcarbamoyl]-1H-benzimidazol-2-yl]isoquinoline-3-carboxamide,CC(C)C1=CC(=C2C(=C1)NC(=N2)NC(=O)C3=CC4=CC=CC=C4C=N3)C(=O)NCC5=CC=C(C=C5)S(=O)C,C29H27N5O3S,5,3,7,5.154200000000004,525.183460724,38,116.84,0.3252310852447792,2,Media,0.666,0.3164556962025316,0.628481935511303,0.5504753756841102,CC1=CC2=C(NC(NC(=O)C3=NC=CC=C3)=N2)C=C1,0.4811,0.6006,1.0817,1.1112205
784980,3-(1H-benzimidazol-2-yl)-1H-pyridazin-6-one,C1=CC=C2C(=C1)NC(=N2)C3=NNC(=O)C=C3,C11H8N4O,3,2,1,1.3132,212.069810876,16,74.43,0.2149670831653903,0,Media,0.666,0.25,0.794793404155556,0.658595053116667,CC1=CC2=C(NC(=N2)C2=CC=C(O2)N(=O)=O)C=C1,0.8777,0.641,1.5187,1.4856447
352929,2-pyrazin-2-yl-1H-benzimidazole,C1=CC=C2C(=C1)NC(=N2)C3=NC=CN=C3,C11H8N4,3,1,1,2.0199,196.074896256,15,54.46,0.2754315093646713,0,Media,0.666,0.2321428571428571,0.9580758277439484,0.7765925850936756,CC1=CC2=C(NC(=N2)C2=CC=C(O2)N(=O)=O)C=C1,0.8779,0.6891,1.5669,1.5393053
53567772,methyl 6-[(5-chloro-1-methyl-benzimidazol-2-yl)carbamoyl]pyridine-2-carboxylate,CN1C2=C(C=C(C=C2)Cl)N=C1NC(=O)C3=NC(=CC=C3)C(=O)OC,C16H13ClN4O3,6,1,3,2.660600000000001,344.0676179559999,24,86.11,0.2787132737196609,0,Media,0.664,0.3064516129032258,0.0409676662629072,0.1073386529229869,ClC1=CC2=C(NC(NC(=O)C3=NC=CC=C3)N2)C=C1,0.5379,0.3791,0.9169,1.0786393
54358392,4-(1H-benzimidazol-2-yl)thiadiazole,C1=CC=C2C(=C1)NC(=N2)C3=CSN=N3,C9H6N4S,4,1,1,2.081399999999999,202.031317192,14,54.46,0.2570694087403599,0,Media,0.664,0.2321428571428571,0.9321781285922386,0.7571693107298932,CC1=CC2=C(NC(=N2)C2=CC=C(O2)N(=O)=O)C=C1,0.8268,0.7041,1.5309,1.5426381
129884778,2-(6-chloropyrazin-2-yl)-1H-benzimidazole,C1=CC=C2C(=C1)NC(=N2)C3=CN=CC(=N3)Cl,C11H7ClN4,3,1,1,2.6733,230.035923904,16,54.46,0.2937936099889827,0,Media,0.664,0.2280701754385964,0.9703233733036696,0.7847600738374013,CC1=CC2=C(NC(=N2)C2=CC=C(O2)N(=O)=O)C=C1,0.8821,0.689,1.5711,1.5147876
155561476,benzyl N-[3-[5-carbamoyl-7-methoxy-2-(quinoline-2-carbonylamino)benzimidazol-1-yl]propyl]carbamate,COC1=CC(=CC2=C1N(C(=N2)NC(=O)C3=NC4=CC=CC=C4C=C3)CCCNC(=O)OCC5=CC=CC=C5)C(=O)N,C30H28N6O5,8,3,10,4.260800000000001,552.212117996,41,150.46,0.2724976738003456,1,Media,0.664,0.2,0.5156512569539216,0.4367384427154411,CC1=CC2=C(NC(NC(=O)C3=NC=CC=C3)=N2)C=C1,0.4416,0.4086,0.8502,0.6861687
12509518,4-chloro-2-(2-pyridyl)-1H-benzimidazole,C1=CC=NC(=C1)C2=NC3=C(N2)C=CC=C3Cl,C12H8ClN3,2,1,1,3.278300000000002,229.040674936,16,41.57,0.3848929516478229,0,Media,0.664,0.1639344262295081,0.8761218472206436,0.6980749919728598,CC1=CC2=C(NC(=N2)C2=CC=C(O2)N(=O)=O)C=C1,0.8696,0.7635,1.6331,1.5134919
161188723,"7-[1-(2,6-diisopropyl-4-phenyl-phenyl)-3-methyl-benzimidazol-3-ium-2-yl]-2-(2,6-dimethyl-4-phenyl-phenyl)-6-methyl-1,3-benzoxazole",CC1=C(C2=C(C=C1)N=C(O2)C3=C(C=C(C=C3C)C4=CC=CC=C4)C)C5=[N+](C6=CC=CC=C6N5C7=C(C=C(C=C7C(C)C)C8=CC=CC=C8)C(C)C)C,C48H46N3O+,3,0,7,12.43625999999998,680.3635395120901,52,34.84,1.492537313432836,2,Media,0.664,0.1627906976744186,0.3946021647141829,0.3366492979542418,O=C(NC1=CC(=CC=C1)C1=NC2=C(N1)C=CC=C2)C1=CC=C(C=C1)C1=CC=CC=C1,0.4391,0.1658,0.6049,0.6157642
951158,2-[[(1-allylbenzimidazol-2-yl)amino]methyl]-4-chloro-phenol,C=CCN1C2=CC=CC=C2N=C1NCC3=C(C=CC(=C3)Cl)O,C17H16ClN3O,4,2,5,4.193400000000003,313.0981898119999,22,50.08,0.4392971246006389,0,Media,0.662,0.5087719298245614,0.9898647715701666,0.8695915611337652,CN1C(NCC2=CC(Br)=CC=C2O)=NC2=C1C=CC=C2,0.9125,0.8004,1.7129,1.6621045
787413,2-[(1H-benzimidazol-2-ylamino)methyl]-4-chloro-phenol,C1=CC=C2C(=C1)NC(=N2)NCC3=C(C=CC(=C3)Cl)O,C14H12ClN3O,3,3,3,3.534000000000001,273.066889684,19,60.94,0.3117820807351493,0,Media,0.662,0.3859649122807017,0.931396708584378,0.7950387595084588,CN1C(NCC2=CC(Br)=CC=C2O)=NC2=C1C=CC=C2,0.9342,0.8002,1.7344,1.6453226
166345660,"N-[5-chloro-1-(3-phenylpropyl)benzimidazol-2-yl]-3',6'-dihydroxy-3-oxo-spiro[isobenzofuran-1,9'-xanthene]-5-carboxamide",C1=CC=C(C=C1)CCCN2C3=C(C=C(C=C3)Cl)N=C2NC(=O)C4=CC5=C(C=C4)C6(C7=C(C=C(C=C7)O)OC8=C6C=CC(=C8)O)OC5=O,C37H26ClN3O6,8,3,6,7.554000000000008,643.1510132320001,47,122.91,0.3823936213489544,2,Media,0.662,0.3181818181818182,0.0,0.0795454545454545,CCCCC1=CC=C(C=C1)C(=O)NC1=NC2=C(N1)C=CC(Cl)=C2,0.5107,0.2737,0.7843,0.8032552
23827739,"5,6-dichloro-2-(3-methoxyphenyl)-1H-benzimidazole",COC1=CC=CC(=C1)C2=NC3=CC(=C(C=C3N2)Cl)Cl,C14H10Cl2N2O,2,1,2,4.545300000000001,292.0170183,19,37.91,0.5011870218939595,0,Media,0.662,0.25,0.8235545344076951,0.6801659008057713,CC1=CC2=C(NC(=N2)C2=CC=C(O2)N(=O)=O)C=C1,0.7166,0.6807,1.3973,1.3472712
66602356,[2-(5-methoxy-2-pyridyl)-3H-benzimidazol-5-yl]methanol,COC1=CN=C(C=C1)C2=NC3=C(N2)C=C(C=C3)CO,C14H13N3O2,4,2,3,2.1258,255.100776656,19,71.03,0.2674926087568633,0,Media,0.662,0.2121212121212121,0.910089227393278,0.7355972235752615,CC1=CC2=C(NC(=N2)C2=CC=C(O2)N(=O)=O)C=C1,0.7854,0.6114,1.3968,1.410808
102300714,6-(1-butyl-6-methyl-benzimidazol-2-yl)pyridine-2-carbaldehyde,CCCCN1C2=C(C=CC(=C2)C)N=C1C3=CC=CC(=N3)C=O,C18H19N3O,4,0,5,4.019320000000003,293.152812228,22,47.78,0.4604437002930096,0,Media,0.662,0.1857142857142857,0.8389928266895232,0.6756731914457139,CC1=CC2=C(NC(=N2)C2=CC=C(O2)N(=O)=O)C=C1,0.601,0.6383,1.2393,1.0527108
874005,2-(5-bromo-2-furyl)-1H-benzimidazole,C1=CC=C2C(=C1)NC(=N2)C3=CC=C(O3)Br,C11H7BrN2O,2,1,1,3.585400000000001,261.974174944,15,41.82,0.3586800573888092,0,Media,0.66,0.38,0.8542781906838548,0.7357086430128911,CC1=CC2=C(NC(=N2)C2=CC=C(O2)N(=O)=O)C=C1,0.8834,0.6994,1.5828,1.6307894
135449547,4-chloro-2-[(E)-(1-methylbenzimidazol-2-yl)iminomethyl]phenol,CN1C2=CC=CC=C2N=C1N=CC3=C(C=CC(=C3)Cl)O,C15H12ClN3O,4,1,2,3.682900000000002,285.0668896839999,20,50.41,0.3967466772465781,0,Media,0.66,0.3728813559322034,0.9583089366284814,0.8119520414544119,CN1C(NCC2=CC(Br)=CC=C2O)=NC2=C1C=CC=C2,0.5309,0.4816,1.0125,1.2238572
658375,4-chloro-2-[(1-methylbenzimidazol-2-yl)iminomethyl]phenol,CN1C2=CC=CC=C2N=C1N=CC3=C(C=CC(=C3)Cl)O,C15H12ClN3O,4,1,2,3.682900000000002,285.0668896839999,20,50.41,0.3967466772465781,0,Media,0.66,0.3728813559322034,0.9583089366284814,0.8119520414544119,CN1C(NCC2=CC(Br)=CC=C2O)=NC2=C1C=CC=C2,0.5309,0.4816,1.0125,1.2238572
3065145,5-(6-chloro-1H-benzimidazol-2-yl)furan-2-carbaldehyde,C1=CC2=C(C=C1Cl)NC(=N2)C3=CC=C(O3)C=O,C12H7ClN2O2,3,1,2,3.288800000000001,246.019605144,17,58.89,0.2886737986075734,0,Media,0.66,0.3571428571428571,0.9658782641742132,0.8136944124163741,CC1=CC2=C(NC(=N2)C2=CC=C(O2)N(=O)=O)C=C1,0.9117,0.8884,1.8001,1.4484618
155814099,3-(6-chloro-1H-benzimidazol-2-yl)-5-isopropyl-isoxazole,CC(C)C1=CC(=NO1)C2=NC3=C(N2)C=C(C=C3)Cl,C13H12ClN3O,3,1,2,3.994700000000002,261.066889684,18,54.71,0.3290074940595869,0,Media,0.66,0.2459016393442623,0.9280706705555316,0.7575284127527142,CC1=CC2=C(NC(=N2)C2=CC=C(O2)N(=O)=O)C=C1,0.6576,0.6987,1.3563,1.4187894
159866353,"2-(2,6-dimethyl-4-phenyl-phenyl)-6-methyl-7-(1-methyl-3-phenyl-benzimidazol-1-ium-2-yl)-1,3-benzoxazole",CC1=C(C2=C(C=C1)N=C(O2)C3=C(C=C(C=C3C)C4=CC=CC=C4)C)C5=[N+](C6=CC=CC=C6N5C7=CC=CC=C7)C,C36H30N3O+,3,0,4,8.522460000000004,520.23833900009,40,34.84,1.148105625717566,2,Media,0.66,0.175,0.3729462222387748,0.3234596666790811,O=C(NC1=CC(=CC=C1)C1=NC2=C(N1)C=CC=C2)C1=CC=C(C=C1)C1=CC=CC=C1,0.4627,0.1972,0.6599,0.5667671
13004838,6-chloro-2-(5-chloro-2-furyl)-1H-benzimidazole,C1=CC2=C(C=C1Cl)NC(=N2)C3=CC=C(O3)Cl,C11H6Cl2N2O,2,1,1,4.129700000000001,251.985718172,16,41.82,0.3825920612147298,0,Media,0.658,0.3653846153846153,0.8364942965432753,0.7187168762536104,CC1=CC2=C(NC(=N2)C2=CC=C(O2)N(=O)=O)C=C1,0.8789,0.7769,1.6558,1.6205232
53498342,2-(4-pyrrolidin-1-ylphenyl)-3H-benzimidazole-5-sulfonamide,C1CCN(C1)C2=CC=C(C=C2)C3=NC4=C(N3)C=C(C=C4)S(=O)(=O)N,C17H18N4O2S,4,2,3,2.4775,342.115046816,24,92.08,0.260642919200695,0,Media,0.658,0.3064516129032258,0.8874541223776804,0.7422034950090668,NC(=N)NC1=CC2=C(NC(=N2)C2=CC=C(C=C2)C2=CC=CC=C2)C=C1,0.7566,0.4954,1.252,1.3207405
23655818,"2-(2,4,5-trimethoxyphenyl)-1H-benzimidazole",COC1=CC(=C(C=C1C2=NC3=CC=CC=C3N2)OC)OC,C16H16N2O3,4,1,4,3.255700000000001,284.116092372,21,56.37,0.3725385843533794,0,Media,0.658,0.2678571428571428,0.9331676308502485,0.7668400088519719,CC1=CC2=C(NC(=N2)C2=CC=C(O2)N(=O)=O)C=C1,0.6543,0.678,1.3323,1.2363783
278820,2-(2-chloro-5-fluoro-phenyl)-1H-benzimidazole,C1=CC=C2C(=C1)NC(=N2)C3=C(C=CC(=C3)F)Cl,C13H8ClFN2,1,1,1,4.022400000000001,246.036004156,17,28.68,0.592747559274756,0,Media,0.658,0.2413793103448276,0.7350622110903366,0.6116414859039594,CC1=CC2=C(NC(=N2)C2=CC=C(O2)N(=O)=O)C=C1,0.8759,0.6548,1.5307,1.4117117
46886441,"2-(3,5-dimethoxyphenyl)-6-(trifluoromethyl)-1H-benzimidazole",COC1=CC(=CC(=C1)C2=NC3=C(N2)C=C(C=C3)C(F)(F)F)OC,C16H13F3N2O2,3,1,3,4.265900000000002,322.092912316,23,47.14,0.487908358082308,0,Media,0.6577999999999999,0.2258064516129032,0.8799296043235051,0.7163988161458545,CC1=CC2=C(NC(=N2)C2=CC=C(O2)N(=O)=O)C=C1,0.7226,0.6692,1.3918,1.2806065
76332262,"2-[6-chloro-1-[(3,5-dimethylphenyl)methyl]benzimidazol-2-yl]sulfanyl-N-(2-chloro-4-sulfamoyl-phenyl)acetamide",CC1=CC(=CC(=C1)CN2C3=C(C=CC(=C3)Cl)N=C2SCC(=O)NC4=C(C=C(C=C4)S(=O)(=O)N)Cl)C,C24H22Cl2N4O3S2,6,2,7,5.386440000000004,548.0510379240001,35,107.08,0.326858423608517,2,Media,0.656,0.7285714285714285,0.8400045274076009,0.8121462526985579,COC(=O)C1=CC=C(NC(=O)CSC2=NC3=C(C=C(Cl)C=C3)N2CC2=CC(C)=CC(C)=C2)C(Cl)=C1,0.9205,0.8069,1.7274,1.781364
44377278,[6-(1H-benzimidazol-2-yl)-2-pyridyl]methanol,C1=CC=C2C(=C1)NC(=N2)C3=CC=CC(=N3)CO,C13H11N3O,3,2,2,2.1172,225.090211972,17,61.8,0.2750809061488673,0,Media,0.656,0.2241379310344827,0.8850333520289382,0.7198094967803242,CC1=CC2=C(NC(=N2)C2=CC=C(O2)N(=O)=O)C=C1,0.7993,0.7095,1.5088,1.4639539
49805063,"4,6-dichloro-2-(2-pyridyl)-1H-benzimidazole",C1=CC=NC(=C1)C2=NC3=C(N2)C=C(C=C3Cl)Cl,C12H7Cl2N3,2,1,1,3.931700000000001,263.001702584,17,41.57,0.4089487611258118,0,Media,0.656,0.1774193548387097,0.8477407451150152,0.6801603975459388,CC1=CC2=C(NC(=N2)C2=CC=C(O2)N(=O)=O)C=C1,0.8643,0.7636,1.6279,1.4746093
157228756,"7-[1-(4-tert-butylphenyl)-3-methyl-benzimidazol-3-ium-2-yl]-2-(2,6-dimethyl-4-phenyl-phenyl)-6-methyl-1,3-benzoxazole",CC1=C(C2=C(C=C1)N=C(O2)C3=C(C=C(C=C3C)C4=CC=CC=C4)C)C5=[N+](C6=CC=CC=C6N5C7=CC=C(C=C7)C(C)(C)C)C,C40H38N3O+,3,0,4,9.819959999999996,576.3009392560901,44,34.84,1.262916188289323,2,Media,0.6553333333333333,0.1744186046511628,0.3647549723674054,0.3171708804383448,O=C(NC1=CC(=CC=C1)C1=NC2=C(N1)C=CC=C2)C1=CC=C(C=C1)C1=CC=CC=C1,0.4404,0.2141,0.6544,0.58049476
49803861,N-(6-phenyl-1H-benzimidazol-2-yl)isoquinoline-3-carboxamide,C1=CC=C(C=C1)C2=CC3=C(C=C2)N=C(N3)NC(=O)C4=CC5=CC=CC=C5C=N4,C23H16N4O,3,2,3,5.030400000000003,364.132411132,28,70.67,0.3962077260506579,1,Media,0.654,0.4482758620689655,0.6785217646367426,0.6209602889947983,CC1=CC2=C(NC(NC(=O)C3=NC=CC=C3)=N2)C=C1,0.6659,0.8183,1.4842,1.5283139
58026612,N-[4-(1H-imidazol-2-ylcarbamoyl)-6-methyl-1H-benzimidazol-2-yl]isoquinoline-3-carboxamide,CC1=CC(=C2C(=C1)NC(=N2)NC(=O)C3=CC4=CC=CC=C4C=N3)C(=O)NC5=NC=CN5,C22H17N7O2,5,4,4,3.647220000000001,411.1443727840001,31,128.45,0.2413390424289606,0,Media,0.654,0.4307692307692308,0.8557945572910146,0.7495382256605687,CC1=CC2=C(NC(NC(=O)C3=NC=CC=C3)=N2)C=C1,0.6339,0.563,1.1969,1.1015191
975300,N-[(4-chlorophenyl)methyl]-1-isopropyl-benzimidazol-2-amine,CC(C)N1C2=CC=CC=C2N=C1NCC3=CC=C(C=C3)Cl,C17H18ClN3,3,1,4,4.882700000000003,299.118925256,21,29.85,0.7035175879396984,0,Media,0.654,0.375,0.9247590799989563,0.7873193099992173,CN1C(NCC2=CC(Br)=CC=C2O)=NC2=C1C=CC=C2,0.8498,0.6008,1.4506,1.4355946
137552905,2-(4-oxazol-5-ylphenyl)-3H-benzimidazole-5-carbonitrile,C1=CC(=CC=C1C2=CN=CO2)C3=NC4=C(N3)C=C(C=C4)C#N,C17H10N4O,4,1,2,3.756580000000002,286.08546094,22,78.5,0.2802547770700637,0,Media,0.654,0.2698412698412698,0.7618301590666019,0.6388329367602689,NC(=N)NC1=CC2=C(NC(=N2)C2=CC=C(C=C2)C2=CC=CC=C2)C=C1,0.7574,0.5312,1.2885,1.3201389
157769449,"2-(2,6-dimethyl-4-phenyl-phenyl)-6-methyl-7-[1-methyl-3-(1-naphthyl)benzimidazol-1-ium-2-yl]-1,3-benzoxazole",CC1=C(C2=C(C=C1)N=C(O2)C3=C(C=C(C=C3C)C4=CC=CC=C4)C)C5=[N+](C6=CC=CC=C6N5C7=CC=CC8=CC=CC=C87)C,C40H32N3O+,3,0,4,9.675659999999995,570.2539890640901,44,34.84,1.262916188289323,2,Media,0.654,0.1785714285714285,0.3649703797212613,0.3183706419338031,O=C(NC1=CC(=CC=C1)C1=NC2=C(N1)C=CC=C2)C1=CC=C(C=C1)C1=CC=CC=C1,0.5329,0.2355,0.7684,0.57641566
160208418,"7-[1-(2,6-diisopropylphenyl)-3-methyl-benzimidazol-3-ium-2-yl]-2-(2,6-dimethyl-4-phenyl-phenyl)-6-methyl-1,3-benzoxazole",CC1=C(C2=C(C=C1)N=C(O2)C3=C(C=C(C=C3C)C4=CC=CC=C4)C)C5=[N+](C6=CC=CC=C6N5C7=C(C=CC=C7C(C)C)C(C)C)C,C42H42N3O+,3,0,6,10.76925999999999,604.3322393840901,46,34.84,1.320321469575201,2,Media,0.654,0.1744186046511628,0.3952742978105775,0.3400603745207238,O=C(NC1=CC(=CC=C1)C1=NC2=C(N1)C=CC=C2)C1=CC=C(C=C1)C1=CC=CC=C1,0.4041,0.1742,0.5783,0.5742252
827976,2-(5-methyl-2-furyl)-1H-benzimidazole,CC1=CC=C(O1)C2=NC3=CC=CC=C3N2,C12H10N2O,2,1,1,3.131320000000001,198.07931294,15,41.82,0.3586800573888092,0,Media,0.652,0.4375,0.8708313074723943,0.7624984806042958,CC1=CC2=C(NC(=N2)C2=CC=C(O2)N(=O)=O)C=C1,0.904,0.7768,1.6808,1.5997089
137921158,N-(5-cyano-1-ethyl-benzimidazol-2-yl)pyridine-2-carboxamide,CCN1C2=C(C=C(C=C2)C#N)N=C1NC(=O)C3=CC=CC=N3,C16H13N5O,5,1,3,2.57518,291.1120100360001,22,83.60000000000001,0.2631578947368421,0,Media,0.652,0.3968253968253968,0.2343492573501438,0.2749682922189571,CC1=CC2=C(NC(NC(=O)C3=NC=CC=C3)=N2)C=C1,0.7458,0.6302,1.376,1.1994115
129738182,[2-methoxy-4-(6-methyl-1H-benzimidazol-2-yl)phenyl] acetate,CC1=CC2=C(C=C1)N=C(N2)C3=CC(=C(C=C3)OC(=O)C)OC,C17H16N2O3,4,1,3,3.472220000000002,296.116092372,22,64.21,0.3426257592275347,0,Media,0.652,0.3225806451612903,0.9557081020501867,0.7974262378279627,CC1=CC2=C(NC(=N2)C2=CC=C(O2)N(=O)=O)C=C1,0.6592,0.6697,1.3289,1.2400098
164618357,2-[2-[5-(4-chlorophenyl)isoxazol-3-yl]-3H-benzimidazol-5-yl]guanidine,C1=CC(=CC=C1C2=CC(=NO2)C3=NC4=C(N3)C=C(C=C4)N=C(N)N)Cl,C17H13ClN6O,4,3,3,3.4432,352.0839367160001,25,119.11,0.2098900176307615,0,Media,0.652,0.2647058823529412,0.930500812117904,0.7640520796766634,NC(=N)NC1=CC2=C(NC(=N2)C2=CC=C(C=C2)C2=CC=CC=C2)C=C1,0.7525,0.4363,1.1887,1.0037603
132585889,"2-(2-bromo-4,5-dimethoxy-phenyl)-1H-benzimidazole",COC1=C(C=C(C(=C1)C2=NC3=CC=CC=C3N2)Br)OC,C15H13BrN2O2,3,1,3,4.009600000000002,332.016039756,20,47.14,0.4242681374628765,0,Media,0.652,0.2542372881355932,0.8868665509830806,0.7287092352712088,CC1=CC2=C(NC(=N2)C2=CC=C(O2)N(=O)=O)C=C1,0.6993,0.6824,1.3818,1.3055556
171447188,"3-[(E)-4-[5-carbamoyl-7-(3-morpholinopropoxy)-2-(pyridine-2-carbonylamino)benzimidazol-1-yl]but-2-enyl]-2-(pyridine-2-carbonylamino)imidazo[4,5-b]pyridine-6-carboxamide",C1COCCN1CCCOC2=CC(=CC3=C2N(C(=N3)NC(=O)C4=CC=CC=N4)CC=CCN5C6=C(C=C(C=N6)C(=O)N)N=C5NC(=O)C7=CC=CC=N7)C(=O)N,C38H38N12O6,14,4,15,2.6309,758.303726936,56,240.39,0.2329547818128873,2,Media,0.652,0.2527472527472527,0.3974297297064047,0.3612591104666167,CC1=CC2=C(NC(NC(=O)C3=NC=CC=C3)=N2)C=C1,0.3071,0.2575,0.5647,0.49904636
174227220,"3-[4-[5-carbamoyl-7-(3-morpholinopropoxy)-2-(pyridine-2-carbonylamino)benzimidazol-1-yl]but-2-enyl]-2-(pyridine-2-carbonylamino)imidazo[4,5-b]pyridine-6-carboxamide",C1COCCN1CCCOC2=CC(=CC3=C2N(C(=N3)NC(=O)C4=CC=CC=N4)CC=CCN5C6=C(C=C(C=N6)C(=O)N)N=C5NC(=O)C7=CC=CC=N7)C(=O)N,C38H38N12O6,14,4,15,2.6309,758.303726936,56,240.39,0.2329547818128873,2,Media,0.652,0.2527472527472527,0.3974297297064047,0.3612591104666167,CC1=CC2=C(NC(NC(=O)C3=NC=CC=C3)=N2)C=C1,0.3071,0.2575,0.5647,0.49904636
13018814,N-(2-pyridylmethyl)-1H-benzimidazol-2-amine,C1=CC=C2C(=C1)NC(=N2)NCC3=CC=CC=N3,C13H12N4,3,2,3,2.57,224.106196384,17,53.6,0.3171641791044776,0,Media,0.652,0.2166666666666666,0.9413824318560292,0.7602034905586885,CN1C(NCC2=CC(Br)=CC=C2O)=NC2=C1C=CC=C2,0.9006,0.5781,1.4787,1.3801018
157844996,"6-(4,6-diphenylpyrimidin-2-yl)-3-phenyl-2-(2-phenylphenyl)imidazo[4,5-c]carbazole;6-(4,6-diphenylpyrimidin-2-yl)-3-phenyl-2-(3-phenylphenyl)imidazo[4,5-c]carbazole;6-(4,6-diphenylpyrimidin-2-yl)-3-phenyl-2-(4-phenylphenyl)imidazo[4,5-c]carbazole",C1=CC=C(C=C1)C2=CC=C(C=C2)C3=NC4=C(N3C5=CC=CC=C5)C=CC6=C4C7=CC=CC=C7N6C8=NC(=CC(=N8)C9=CC=CC=C9)C1=CC=CC=C1.C1=CC=C(C=C1)C2=CC(=CC=C2)C3=NC4=C(N3C5=CC=CC=C5)C=CC6=C4C7=CC=CC=C7N6C8=NC(=CC(=N8)C9=CC=CC=C9)C1=CC=CC=C1.C1=CC=C(C=C1)C2=CC=CC=C2C3=NC4=C(N3C5=CC=CC=C5)C=CC6=C4C7=CC=CC=C7N6C8=NC(=CC(=N8)C9=CC=CC=C9)C1=CC=CC=C1,C141H93N15,15,0,18,34.74180000000005,1995.773837976,156,145.5899999999999,1.071502163610139,3,Media,0.652,0.1645569620253164,0.3645269501601295,0.3145344531264262,NC(=N)NC1=CC2=C(NC(=N2)C2=CC=C(C=C2)C2=CC=CC=C2)C=C1,0.4293,0.1703,0.5996,0.6674509
173805280,"tert-butyl N-[[[2-[4-[4-[6-[[N,N'-bis(tert-butoxycarbonyl)carbamimidoyl]amino]-1H-benzimidazol-2-yl]phenyl]phenyl]-3H-benzimidazol-5-yl]amino]-(tert-butoxycarbonylamino)methylene]carbamate",CC(C)(C)OC(=O)NC(=NC(=O)OC(C)(C)C)NC1=CC2=C(C=C1)N=C(N2)C3=CC=C(C=C3)C4=CC=C(C=C4)C5=NC6=C(N5)C=C(C=C6)NC(=NC(=O)OC(C)(C)C)NC(=O)OC(C)(C)C,C48H56N10O8,10,6,5,10.89559999999999,900.428258752,66,235.3999999999999,0.280373831775701,3,Media,0.65,0.3692307692307692,0.8607196007966167,0.7378473929051549,NC(=N)NC1=CC2=C(NC(=N2)C2=CC=C(C=C2)C2=CC=CC=C2)C=C1,0.2615,0.1042,0.3657,0.5133562
58724501,N-[6-isopropyl-4-[(4-methylsulfonylphenyl)methylcarbamoyl]-1H-benzimidazol-2-yl]isoquinoline-3-carboxamide,CC(C)C1=CC(=C2C(=C1)NC(=N2)NC(=O)C3=CC4=CC=CC=C4C=N3)C(=O)NCC5=CC=C(C=C5)S(=O)(=O)C,C29H27N5O4S,6,3,7,4.820300000000003,541.178375344,39,133.91,0.2912403853334329,1,Media,0.65,0.3164556962025316,0.5993747948503249,0.5286450201883766,CC1=CC2=C(NC(NC(=O)C3=NC=CC=C3)=N2)C=C1,0.4698,0.563,1.0329,0.9996655
102300713,6-(1-methylbenzimidazol-2-yl)pyridine-2-carbaldehyde,CN1C2=CC=CC=C2N=C1C3=CC=CC(=N3)C=O,C14H11N3O,4,0,2,2.4478,237.090211972,18,47.78,0.3767266638760987,0,Media,0.65,0.140625,0.908378236955148,0.7164399277163609,CC1=CC2=C(NC(=N2)C2=CC=C(O2)N(=O)=O)C=C1,0.8255,0.7059,1.5314,1.4110007
58026492,N-[4-(1H-imidazol-2-ylcarbamoyl)-6-(trifluoromethyl)-1H-benzimidazol-2-yl]isoquinoline-3-carboxamide,C1=CC=C2C=NC(=CC2=C1)C(=O)NC3=NC4=C(C=C(C=C4N3)C(F)(F)F)C(=O)NC5=NC=CN5,C22H14F3N7O2,5,4,4,4.357600000000001,465.1161073480001,34,128.45,0.2646944336317633,0,Media,0.6487999999999999,0.3571428571428571,0.8197518447612843,0.7040995978566775,CC1=CC2=C(NC(NC(=O)C3=NC=CC=C3)=N2)C=C1,0.6375,0.563,1.2005,1.0997328
828723,1-methyl-N-(2-pyridylmethyl)benzimidazol-2-amine,CN1C2=CC=CC=C2N=C1NCC3=CC=CC=N3,C14H14N4,4,1,3,2.5804,238.121846448,18,42.74,0.4211511464670098,0,Media,0.648,0.5102040816326531,0.9383068791016248,0.8312811797343818,CN1C(NCC2=CC(Br)=CC=C2O)=NC2=C1C=CC=C2,0.9596,0.6361,1.5957,1.5347539
59300747,"N-(7,7-dimethyl-6-oxo-5-pentyl-1H-pyrrolo[2,3-f]benzimidazol-2-yl)pyridine-2-carboxamide",CCCCCN1C2=CC3=C(C=C2C(C1=O)(C)C)NC(=N3)NC(=O)C4=CC=CC=N4,C22H25N5O2,4,2,6,4.024600000000002,391.20082504,29,90.98,0.3187513739283358,0,Media,0.648,0.5,0.6037132096393082,0.5777849072294812,CC1=CC2=C(NC(NC(=O)C3=NC=CC=C3)=N2)C=C1,0.5265,0.2356,0.7622,1.3131232
13004837,6-chloro-2-(5-ethyl-2-furyl)-1H-benzimidazole,CCC1=CC=C(O1)C2=NC3=C(N2)C=C(C=C3)Cl,C13H11ClN2O,2,1,2,4.038700000000001,246.055990652,17,41.82,0.4065040650406504,0,Media,0.648,0.3571428571428571,0.8527723760007895,0.7288649962863064,CC1=CC2=C(NC(=N2)C2=CC=C(O2)N(=O)=O)C=C1,0.8177,0.6995,1.5171,1.4655461
3065144,[5-(6-chloro-1H-benzimidazol-2-yl)-2-furyl]methanol,C1=CC2=C(C=C1Cl)NC(=N2)C3=CC=C(O3)CO,C12H9ClN2O2,3,2,2,2.968600000000001,248.035255208,17,62.05,0.273972602739726,0,Media,0.648,0.3333333333333333,0.922856288333248,0.7754755495832694,CC1=CC2=C(NC(=N2)C2=CC=C(O2)N(=O)=O)C=C1,0.8513,0.6749,1.5262,1.4478103
650450,2-(4-chloro-1-methyl-pyrazol-3-yl)-1H-benzimidazole,CN1C=C(C(=N1)C2=NC3=CC=CC=C3N2)Cl,C11H9ClN4,3,1,1,2.6168,232.051573968,16,46.5,0.3440860215053763,0,Media,0.648,0.2413793103448276,0.9536341010747192,0.7755704033922461,CC1=CC2=C(NC(=N2)C2=CC=C(O2)N(=O)=O)C=C1,0.8981,0.7765,1.6746,1.4485159
136275329,2-(1H-benzimidazol-2-ylmethyleneamino)-4-chloro-phenol,C1=CC=C2C(=C1)NC(=N2)C=NC3=C(C=CC(=C3)Cl)O,C14H10ClN3O,3,2,2,3.672500000000002,271.05123962,19,61.27,0.3101028235678146,0,Media,0.648,0.2153846153846154,0.9620899171971412,0.7754135917440098,CN1C(NCC2=CC(Br)=CC=C2O)=NC2=C1C=CC=C2,0.5402,0.4698,1.01,1.1744393
156021233,[(E)-1-(1H-benzimidazol-2-yl)ethylideneamino] 2-chloroacetate,CC(=NOC(=O)CCl)C1=NC2=CC=CC=C2N1,C11H10ClN3O2,4,1,3,2.0689,251.04615424,17,67.34,0.2524502524502524,0,Media,0.648,0.1818181818181818,0.9543994963720012,0.7612541677335464,CC1=CC2=C(NC(=N2)C2=CC=C(O2)N(=O)=O)C=C1,0.8311,0.762,1.5931,1.43674
639420,2-pyrazol-1-yl-1H-benzimidazole,C1=CC=C2C(=C1)NC(=N2)N3C=CC=N3,C10H8N4,3,1,1,1.7486,184.074896256,14,46.5,0.3010752688172043,0,Media,0.648,0.1724137931034483,0.9091432020230714,0.7249608497931657,CC1=CC2=C(NC(=N2)C2=CC=C(O2)N(=O)=O)C=C1,0.8714,0.7729,1.6443,1.5329359
66940413,methyl 2-(isoquinoline-3-carbonylamino)-6-(trifluoromethyl)-1H-benzimidazole-4-carboxylate,COC(=O)C1=C2C(=CC(=C1)C(F)(F)F)NC(=N2)NC(=O)C3=CC4=CC=CC=C4C=N3,C20H13F3N4O3,5,2,3,4.168800000000002,414.093974936,30,96.97,0.3093740332061462,0,Media,0.6477999999999999,0.373134328358209,0.6110777758546876,0.551591913980568,CC1=CC2=C(NC(NC(=O)C3=NC=CC=C3)=N2)C=C1,0.697,0.8184,1.5154,1.2608584
58191028,N-[4-[2-(1H-imidazol-2-yl)acetyl]-6-(trifluoromethyl)-1H-benzimidazol-2-yl]isoquinoline-3-carboxamide,C1=CC=C2C=NC(=CC2=C1)C(=O)NC3=NC4=C(C=C(C=C4N3)C(F)(F)F)C(=O)CC5=NC=CN5,C23H15F3N6O2,5,3,5,4.530700000000001,464.1208583800001,34,116.42,0.2920460401992784,0,Media,0.6467999999999999,0.3513513513513513,0.7138684605838597,0.6232391832757326,CC1=CC2=C(NC(NC(=O)C3=NC=CC=C3)=N2)C=C1,0.6336,0.6006,1.2342,1.1614592
172445179,"N-[6-cyano-1-(2,2,2-trifluoroethyl)benzimidazol-2-yl]pyridine-2-carboxamide",C1=CC=NC(=C1)C(=O)NC2=NC3=C(N2CC(F)(F)F)C=C(C=C3)C#N,C16H10F3N5O,5,1,3,3.117580000000001,345.0837446,25,83.6,0.2990430622009569,0,Media,0.646,0.3636363636363636,0.2163743083130011,0.2531898221438418,CC1=CC2=C(NC(NC(=O)C3=NC=CC=C3)=N2)C=C1,0.8022,0.6302,1.4324,1.1452233
21101171,"methyl 4-(5,6-dichloro-1H-benzimidazol-2-yl)benzoate",COC(=O)C1=CC=C(C=C1)C2=NC3=CC(=C(C=C3N2)Cl)Cl,C15H10Cl2N2O2,3,1,2,4.323300000000001,320.01193292,21,54.98,0.3819570753001091,0,Media,0.646,0.2622950819672131,0.903035863421013,0.7428506680575631,CC1=CC2=C(NC(=N2)C2=CC=C(O2)N(=O)=O)C=C1,0.6892,0.5899,1.2791,1.3650613
85662837,6-(1H-benzimidazol-2-yl)pyridine-2-carboxylic acid,C1=CC=C2C(=C1)NC(=N2)C3=NC(=CC=C3)C(=O)O,C13H9N3O2,3,2,2,2.3231,239.069476528,18,78.87,0.2282236591860022,0,Media,0.646,0.2413793103448276,0.91986287911523,0.7502419869226294,CC1=CC2=C(NC(=N2)C2=CC=C(O2)N(=O)=O)C=C1,0.8439,0.7462,1.5901,1.3844836
134833081,"1-[4-(1H-benzimidazol-2-yl)thiazol-2-yl]-2,2,2-trifluoro-ethanone",C1=CC=C2C(=C1)NC(=N2)C3=CSC(=N3)C(=O)C(F)(F)F,C12H6F3N3OS,4,1,2,3.431400000000001,297.018367472,20,58.64,0.3410641200545702,0,Media,0.646,0.21875,0.9578452107693352,0.7730714080770014,CC1=CC2=C(NC(=N2)C2=CC=C(O2)N(=O)=O)C=C1,0.8507,0.8845,1.7352,1.3451006
166454189,methyl 6-[[1-[5-(tert-butoxycarbonylamino)pentyl]-5-formyl-benzimidazol-2-yl]carbamoyl]pyridine-2-carboxylate,CC(C)(C)OC(=O)NCCCCCN1C2=C(C=C(C=C2)C=O)N=C1NC(=O)C3=NC(=CC=C3)C(=O)OC,C26H31N5O6,9,2,10,3.977700000000003,509.227433712,37,141.51,0.2614656208041834,1,Media,0.646,0.2068965517241379,0.3489037416058542,0.3134019441354251,CC1=CC2=C(NC(NC(=O)C3=NC=CC=C3)=N2)C=C1,0.4,0.4631,0.8631,0.7746651
117784644,"6-(4,6-diphenylpyrimidin-2-yl)-3-phenyl-2-(4-phenylphenyl)imidazo[4,5-c]carbazole",C1=CC=C(C=C1)C2=CC=C(C=C2)C3=NC4=C(N3C5=CC=CC=C5)C=CC6=C4C7=CC=CC=C7N6C8=NC(=CC(=N8)C9=CC=CC=C9)C1=CC=CC=C1,C47H31N5,5,0,6,11.58059999999998,665.257945992,52,48.53,1.071502163610138,2,Media,0.646,0.1857142857142857,0.331322379415482,0.2949203559901829,NC(=N)NC1=CC2=C(NC(=N2)C2=CC=C(C=C2)C2=CC=CC=C2)C=C1,0.4293,0.1703,0.5996,0.48742023
102268666,5-(6-methyl-1H-benzimidazol-2-yl)furan-2-carbaldehyde,CC1=CC2=C(C=C1)N=C(N2)C3=CC=C(O3)C=O,C13H10N2O2,3,1,2,2.943820000000001,226.07422756,17,58.89,0.2886737986075734,0,Media,0.644,0.4901960784313725,0.9785413960715303,0.856455066661491,CC1=CC2=C(NC(=N2)C2=CC=C(O2)N(=O)=O)C=C1,0.8632,0.8883,1.7515,1.5980711
677973,2-[(1-methylbenzimidazol-2-yl)iminomethyl]phenol,CN1C2=CC=CC=C2N=C1N=CC3=CC=CC=C3O,C15H13N3O,4,1,2,3.029500000000002,251.105862036,19,50.41,0.3769093433842492,0,Media,0.644,0.3636363636363636,0.9478181628128822,0.8017727130187526,CN1C(NCC2=CC(Br)=CC=C2O)=NC2=C1C=CC=C2,0.5252,0.4816,1.0068,1.2614933
135641156,2-[(E)-(1-methylbenzimidazol-2-yl)iminomethyl]phenol,CN1C2=CC=CC=C2N=C1N=CC3=CC=CC=C3O,C15H13N3O,4,1,2,3.029500000000002,251.105862036,19,50.41,0.3769093433842492,0,Media,0.644,0.3636363636363636,0.9478181628128822,0.8017727130187526,CN1C(NCC2=CC(Br)=CC=C2O)=NC2=C1C=CC=C2,0.5252,0.4816,1.0068,1.2614933
655776,1-allyl-N-benzyl-benzimidazol-2-amine,C=CCN1C2=CC=CC=C2N=C1NCC3=CC=CC=C3,C17H17N3,3,1,5,3.834400000000002,263.142247544,20,29.85,0.6700167504187604,0,Media,0.644,0.3636363636363636,0.941815344971026,0.7972705996373606,CN1C(NCC2=CC(Br)=CC=C2O)=NC2=C1C=CC=C2,0.8775,0.6007,1.4783,1.4806817
72949527,"2-[3-(1H-benzimidazol-2-yl)-4-chloro-phenyl]-6-phenyl-3,4-dihydroisoquinolin-1-one",C1CN(C(=O)C2=C1C=C(C=C2)C3=CC=CC=C3)C4=CC(=C(C=C4)Cl)C5=NC6=CC=CC=C6N5,C28H20ClN3O,2,1,3,6.753200000000004,449.12948994,33,48.99,0.6736068585425596,1,Media,0.644,0.352112676056338,0.8788857472812615,0.7471924794750306,O=C(NC1=CC(=CC=C1)C1=NC2=C(N1)C=CC=C2)C1=CC=C(C=C1)C1=CC=CC=C1,0.7401,0.5958,1.3359,1.1157172
9795161,2-(1-methyl-4-piperidyl)-6-nitro-1H-benzimidazole,CN1CCC(CC1)C2=NC3=C(N2)C=C(C=C3)[N+](=O)[O-],C13H16N4O2,4,1,2,2.2803,260.127325752,19,75.06,0.253130828670397,0,Media,0.644,0.2741935483870967,0.9779638007993972,0.802021237696322,CC1=CC2=C(NC(=N2)C2=CC=C(O2)N(=O)=O)C=C1,0.7661,0.444,1.2101,1.4254696
68322676,"N-(6-chloro-1H-benzimidazol-2-yl)-10-oxo-1,3,11-triazatricyclo[7.5.0.02,7]tetradeca-2(7),3,5,8-tetraene-4-carboxamide",C1CNC(=O)C2=CC3=C(N2C1)N=C(C=C3)C(=O)NC4=NC5=C(N4)C=C(C=C5)Cl,C19H15ClN6O2,5,3,2,2.9518,394.0945014000001,28,104.7,0.2674307545367717,0,Media,0.644,0.24,0.4791986638290763,0.4193989978718072,ClC1=CC2=C(NC(NC(=O)C3=NC=CC=C3)N2)C=C1,0.5086,0.2752,0.7838,0.981624
13004845,2-(5-chloro-2-thienyl)-1H-benzimidazole,C1=CC=C2C(=C1)NC(=N2)C3=CC=C(S3)Cl,C11H7ClN2S,2,1,1,3.944800000000001,234.001846904,15,28.68,0.5230125523012552,0,Media,0.644,0.2321428571428571,0.7903617536152528,0.650807029497154,CC1=CC2=C(NC(=N2)C2=CC=C(O2)N(=O)=O)C=C1,0.8511,0.6635,1.5147,1.4716299
135665564,4-(6-chloro-1H-benzimidazol-2-yl)-2-methoxy-phenol,COC1=C(C=CC(=C1)C2=NC3=C(N2)C=C(C=C3)Cl)O,C14H11ClN2O2,3,2,2,3.597500000000001,274.050905272,19,58.14,0.326797385620915,0,Media,0.644,0.21875,0.9189057821328778,0.7438668365996584,CC1=CC2=C(NC(=N2)C2=CC=C(O2)N(=O)=O)C=C1,0.6939,0.6202,1.3141,1.233307
808020,1-methyl-N-(4-pyridylmethyl)benzimidazol-2-amine,CN1C2=CC=CC=C2N=C1NCC3=CC=NC=C3,C14H14N4,4,1,3,2.580400000000001,238.121846448,18,42.74,0.4211511464670098,0,Media,0.642,0.5208333333333334,0.9383068791016248,0.8339384926595519,CN1C(NCC2=CC(Br)=CC=C2O)=NC2=C1C=CC=C2,0.9664,0.6008,1.5672,1.559745
7342829,1-allyl-N-(p-tolylmethyl)benzimidazol-2-amine,CC1=CC=C(C=C1)CNC2=NC3=CC=CC=C3N2CC=C,C18H19N3,3,1,5,4.142820000000003,277.157897608,21,29.85,0.7035175879396984,0,Media,0.642,0.3620689655172414,0.9322414858082256,0.7896983557354795,CN1C(NCC2=CC(Br)=CC=C2O)=NC2=C1C=CC=C2,0.8543,0.6008,1.4551,1.4720297
3878101,4-bromo-2-[[(3-hexyl-1H-benzimidazol-3-ium-2-yl)amino]methyl]phenolate,CCCCCC[N+]1=C(NC2=CC=CC=C21)NCC3=C(C=CC(=C3)Br)[O-],C20H24BrN3O,2,2,8,4.483900000000003,401.110274488,25,54.75999999999999,0.4565376186997809,0,Media,0.642,0.2714285714285714,0.8371011932867246,0.6956830378221863,CN1C(NCC2=CC(Br)=CC=C2O)=NC2=C1C=CC=C2,0.6751,0.5758,1.2509,1.2520311
4647637,4-bromo-2-[[(3-heptyl-1H-benzimidazol-3-ium-2-yl)amino]methyl]phenolate,CCCCCCC[N+]1=C(NC2=CC=CC=C21)NCC3=C(C=CC(=C3)Br)[O-],C21H26BrN3O,2,2,9,4.874000000000004,415.125924552,26,54.75999999999999,0.4747991234477722,0,Media,0.642,0.2714285714285714,0.8171557404788146,0.6807239482162537,CN1C(NCC2=CC(Br)=CC=C2O)=NC2=C1C=CC=C2,0.6348,0.5758,1.2106,1.2091012
3978842,4-bromo-2-[[(3-octyl-1H-benzimidazol-3-ium-2-yl)amino]methyl]phenolate,CCCCCCCC[N+]1=C(NC2=CC=CC=C21)NCC3=C(C=CC(=C3)Br)[O-],C22H28BrN3O,2,2,10,5.264100000000004,429.141574616,27,54.75999999999999,0.4930606281957634,1,Media,0.642,0.2714285714285714,0.7971058757637723,0.6656865496799721,CN1C(NCC2=CC(Br)=CC=C2O)=NC2=C1C=CC=C2,0.6016,0.5317,1.1333,1.1978796
4016874,4-bromo-2-[[(3-nonyl-1H-benzimidazol-3-ium-2-yl)amino]methyl]phenolate,CCCCCCCCC[N+]1=C(NC2=CC=CC=C21)NCC3=C(C=CC(=C3)Br)[O-],C23H30BrN3O,2,2,11,5.654200000000005,443.15722468,28,54.75999999999999,0.5113221329437546,1,Media,0.642,0.2714285714285714,0.7774292248007151,0.6509290614576791,CN1C(NCC2=CC(Br)=CC=C2O)=NC2=C1C=CC=C2,0.5641,0.6277,1.1918,1.1808054
3905491,4-bromo-2-[[(3-decyl-1H-benzimidazol-3-ium-2-yl)amino]methyl]phenolate,CCCCCCCCCC[N+]1=C(NC2=CC=CC=C21)NCC3=C(C=CC(=C3)Br)[O-],C24H32BrN3O,2,2,12,6.044300000000006,457.172874744,29,54.75999999999999,0.5295836376917459,1,Media,0.642,0.2714285714285714,0.7584276729410424,0.6366778975629246,CN1C(NCC2=CC(Br)=CC=C2O)=NC2=C1C=CC=C2,0.5376,0.6277,1.1653,1.1647009
4644694,4-bromo-2-[[(3-hexadecyl-1H-benzimidazol-3-ium-2-yl)amino]methyl]phenolate,CCCCCCCCCCCCCCCC[N+]1=C(NC2=CC=CC=C21)NCC3=C(C=CC(=C3)Br)[O-],C30H44BrN3O,2,2,18,8.384900000000005,541.266775128,35,54.75999999999999,0.6391526661796934,2,Media,0.642,0.2714285714285714,0.663789448531208,0.5656992292555488,CN1C(NCC2=CC(Br)=CC=C2O)=NC2=C1C=CC=C2,0.4086,0.6277,1.0363,0.90895236
102081788,1-[6-(1H-benzimidazol-2-yl)-2-pyridyl]ethanone,CC(=O)C1=CC=CC(=N1)C2=NC3=CC=CC=C3N2,C14H11N3O,3,1,2,2.827500000000001,237.090211972,18,58.64,0.3069577080491132,0,Media,0.642,0.2586206896551724,0.979743202752134,0.7994625744778936,CC1=CC2=C(NC(=N2)C2=CC=C(O2)N(=O)=O)C=C1,0.804,0.8049,1.6089,1.4211144
145975743,[4-(6-chloro-1H-benzimidazol-2-yl)-2-methoxy-phenyl] acetate,CC(=O)OC1=C(C=C(C=C1)C2=NC3=C(N2)C=C(C=C3)Cl)OC,C16H13ClN2O3,4,1,3,3.817200000000002,316.061469956,22,64.21,0.3426257592275347,0,Media,0.642,0.2388059701492537,0.9469013063268252,0.7698774722824324,CC1=CC2=C(NC(=N2)C2=CC=C(O2)N(=O)=O)C=C1,0.6795,0.6728,1.3523,1.271605
86766118,[2-(2-pyridyl)-3H-benzimidazol-5-yl]methanethiol,C1=CC=NC(=C1)C2=NC3=C(N2)C=C(C=C3)CS,C13H11N3S,3,2,2,3.054700000000001,241.067368352,17,41.57,0.4089487611258118,0,Media,0.642,0.2096774193548387,0.8754696508956252,0.7090215930104286,CC1=CC2=C(NC(=N2)C2=CC=C(O2)N(=O)=O)C=C1,0.8149,0.7634,1.5782,1.466562
330939,4-methoxy-2-(2-pyridyl)-1H-benzimidazole,COC1=CC=CC2=C1N=C(N2)C3=CC=CC=N3,C13H11N3O,3,1,2,2.633500000000001,225.090211972,17,50.8,0.3346456692913386,0,Media,0.642,0.1746031746031746,0.9718062205607548,0.7725054590713597,CC1=CC2=C(NC(=N2)C2=CC=C(O2)N(=O)=O)C=C1,0.7809,0.688,1.469,1.4465921
76328588,"N-(2-chloro-4-methylsulfonyl-phenyl)-2-[1-[(3,5-dimethylphenyl)methyl]benzimidazol-2-yl]sulfanyl-acetamide",CC1=CC(=CC(=C1)CN2C3=CC=CC=C3N=C2SCC(=O)NC4=C(C=C(C=C4)S(=O)(=O)C)Cl)C,C25H24ClN3O3S2,6,1,7,5.489140000000004,513.094761308,34,81.06,0.4194423883543054,2,Media,0.64,0.6081081081081081,0.9830838353596916,0.8893399035467957,COC(=O)C1=CC=C(NC(=O)CSC2=NC3=C(C=C(Cl)C=C3)N2CC2=CC(C)=CC(C)=C2)C(Cl)=C1,0.9116,0.8875,1.7992,1.5898441
870214,2-(5-methyl-2-thienyl)-1H-benzimidazole,CC1=CC=C(S1)C2=NC3=CC=CC=C3N2,C12H10N2S,2,1,1,3.599820000000002,214.05646932,15,28.68,0.5230125523012552,0,Media,0.64,0.2830188679245283,0.7997497699240617,0.6705670444241784,CC1=CC2=C(NC(=N2)C2=CC=C(O2)N(=O)=O)C=C1,0.7944,0.6635,1.4579,1.4113997
145977430,[4-(6-fluoro-1H-benzimidazol-2-yl)-2-methoxy-phenyl] acetate,CC(=O)OC1=C(C=C(C=C1)C2=NC3=C(N2)C=C(C=C3)F)OC,C16H13FN2O3,4,1,3,3.302900000000002,300.091020496,22,64.21,0.3426257592275347,0,Media,0.64,0.2388059701492537,0.9544562094020737,0.7755436495888686,CC1=CC2=C(NC(=N2)C2=CC=C(O2)N(=O)=O)C=C1,0.6784,0.6698,1.3482,1.2708905
16653127,N-(p-tolylmethyl)-1H-benzimidazol-2-amine,CC1=CC=C(C=C1)CNC2=NC3=CC=CC=C3N2,C15H15N3,2,2,3,3.483420000000002,237.12659748,18,40.71,0.4421518054532056,0,Media,0.64,0.2372881355932203,0.8910652978427946,0.727621007280401,CN1C(NCC2=CC(Br)=CC=C2O)=NC2=C1C=CC=C2,0.8678,0.6007,1.4685,1.5494578
7013069,N-[(4-bromophenyl)methyl]-1-isopropyl-benzimidazol-2-amine,CC(C)N1C2=CC=CC=C2N=C1NCC3=CC=C(C=C3)Br,C17H18BrN3,3,1,4,4.991800000000003,343.068409676,21,29.85,0.7035175879396984,0,Media,0.638,0.4807692307692308,0.9155105971754482,0.806825255573894,CN1C(NCC2=CC(Br)=CC=C2O)=NC2=C1C=CC=C2,0.8485,0.5463,1.3947,1.5094119
709563,1-allyl-N-[(2-methoxyphenyl)methyl]benzimidazol-2-amine,COC1=CC=CC=C1CNC2=NC3=CC=CC=C3N2CC=C,C18H19N3O,4,1,6,3.843000000000002,293.152812228,22,39.08,0.5629477993858751,0,Media,0.638,0.3833333333333333,0.9330666279645554,0.7956333043067499,CN1C(NCC2=CC(Br)=CC=C2O)=NC2=C1C=CC=C2,0.865,0.7006,1.5656,1.4244697
49748,6-methyl-2-(6-methyl-2-pyridyl)-1H-benzimidazole,CC1=CC2=C(C=C1)N=C(N2)C3=CC=CC(=N3)C,C14H13N3,2,1,1,3.241740000000001,223.110947416,17,41.57,0.4089487611258118,0,Media,0.638,0.3396226415094339,0.8797921246854083,0.7447497538914147,CC1=CC2=C(NC(=N2)C2=CC=C(O2)N(=O)=O)C=C1,0.8213,0.7637,1.585,1.5002469
58724448,N-[4-[(4-methylsulfonylphenyl)methylcarbamoyl]-6-propyl-1H-benzimidazol-2-yl]isoquinoline-3-carboxamide,CCCC1=CC(=C2C(=C1)NC(=N2)NC(=O)C3=CC4=CC=CC=C4C=N3)C(=O)NCC5=CC=C(C=C5)S(=O)(=O)C,C29H27N5O4S,6,3,8,4.649400000000003,541.178375344,39,133.91,0.2912403853334329,1,Media,0.638,0.3164556962025316,0.584946122441323,0.5178235158816252,CC1=CC2=C(NC(NC(=O)C3=NC=CC=C3)=N2)C=C1,0.4607,0.563,1.0237,0.9816561
72949348,"3-[3-(1H-benzimidazol-2-yl)-4-chloro-phenyl]-7-[4-(trifluoromethyl)phenyl]-1H-quinazoline-2,4-dione",C1=CC=C2C(=C1)NC(=N2)C3=C(C=CC(=C3)N4C(=O)C5=C(C=C(C=C5)C6=CC=C(C=C6)C(F)(F)F)NC4=O)Cl,C28H16ClF3N4O2,4,2,3,6.561500000000004,532.091388092,38,83.53999999999999,0.4548719176442423,2,Media,0.638,0.3157894736842105,0.901347123133009,0.7549577107708094,O=C(NC1=CC(=CC=C1)C1=NC2=C(N1)C=CC=C2)C1=CC=C(C=C1)C1=CC=CC=C1,0.6348,0.5303,1.1651,1.1316025
132549338,"2-[6-(3,5-dimethylpyrazol-1-yl)-2-pyridyl]-5,6-dimethyl-1H-benzimidazole",CC1=CC2=C(C=C1C)N=C(N2)C3=NC(=CC=C3)N4C(=CC(=N4)C)C,C19H19N5,4,1,2,4.044280000000001,317.164045608,24,59.39,0.4041084357635965,0,Media,0.638,0.25,0.9293201948020646,0.7594901461015484,CC1=CC2=C(NC(=N2)C2=CC=C(O2)N(=O)=O)C=C1,0.6281,0.7291,1.3572,1.2300726
68519685,methyl 6-(1H-benzimidazol-2-yl)pyridine-2-carboxylate,COC(=O)C1=CC=CC(=N1)C2=NC3=CC=CC=C3N2,C14H11N3O2,4,1,2,2.4115,253.085126592,19,67.87,0.2799469574185944,0,Media,0.638,0.2459016393442623,0.9814166973667344,0.7975379328611165,CC1=CC2=C(NC(=N2)C2=CC=C(O2)N(=O)=O)C=C1,0.776,0.8048,1.5808,1.4102699
563446,N-benzyl-1H-benzimidazol-2-amine,C1=CC=C(C=C1)CNC2=NC3=CC=CC=C3N2,C14H13N3,2,2,3,3.175000000000001,223.110947416,17,40.71,0.4175878162613608,0,Media,0.638,0.2321428571428571,0.8770497597705642,0.7158230341136375,CN1C(NCC2=CC(Br)=CC=C2O)=NC2=C1C=CC=C2,0.8977,0.6006,1.4983,1.552471
66940584,2-(isoquinoline-3-carbonylamino)-6-(trifluoromethyl)-1H-benzimidazole-4-carboxylic acid,C1=CC=C2C=NC(=CC2=C1)C(=O)NC3=NC4=C(C=C(C=C4N3)C(F)(F)F)C(=O)O,C19H11F3N4O3,4,3,3,4.080400000000001,400.078324872,29,107.97,0.2685931277206631,0,Media,0.6377999999999999,0.3692307692307692,0.8329337106285809,0.717007975279128,CC1=CC2=C(NC(NC(=O)C3=NC=CC=C3)=N2)C=C1,0.7551,0.6922,1.4473,1.2340407
9634946,N-[(E)-(2-chloro-6-fluoro-phenyl)methyleneamino]-2-[1-(p-tolylmethyl)benzimidazol-2-yl]sulfanyl-acetamide,CC1=CC=C(C=C1)CN2C3=CC=CC=C3N=C2SCC(=O)NN=CC4=C(C=CC=C4Cl)F,C24H20ClFN4OS,5,1,7,5.427920000000003,466.10303816,32,59.28,0.5398110661268556,1,Media,0.636,0.3908045977011494,0.9896798271054116,0.839961019754346,COC(=O)C1=CC=C(NC(=O)CSC2=NC3=C(C=C(Cl)C=C3)N2CC2=CC(C)=CC(C)=C2)C(Cl)=C1,0.7943,0.6369,1.4312,1.4543258
828727,1-propyl-N-(2-pyridylmethyl)benzimidazol-2-amine,CCCN1C2=CC=CC=C2N=C1NCC3=CC=CC=N3,C16H18N4,4,1,5,3.453400000000001,266.153146576,20,42.74,0.4679457182966776,0,Media,0.636,0.3859649122807017,0.9465450961071564,0.8064000501505427,CN1C(NCC2=CC(Br)=CC=C2O)=NC2=C1C=CC=C2,0.8394,0.5772,1.4166,1.3756558
7013067,N-[(4-chlorophenyl)methyl]-1-ethyl-benzimidazol-2-amine,CCN1C2=CC=CC=C2N=C1NCC3=CC=C(C=C3)Cl,C16H16ClN3,3,1,4,4.321700000000003,285.103275192,20,29.85,0.6700167504187604,0,Media,0.636,0.3818181818181818,0.9473913355664711,0.8059980471293988,CN1C(NCC2=CC(Br)=CC=C2O)=NC2=C1C=CC=C2,0.9007,0.6673,1.568,1.4600574
49750,6-chloro-2-(6-methyl-2-pyridyl)-1H-benzimidazole,CC1=NC(=CC=C1)C2=NC3=C(N2)C=C(C=C3)Cl,C13H10ClN3,2,1,1,3.586720000000001,243.056325,17,41.57,0.4089487611258118,0,Media,0.636,0.2586206896551724,0.8642045556414397,0.712808589144873,CC1=CC2=C(NC(=N2)C2=CC=C(O2)N(=O)=O)C=C1,0.8645,0.7637,1.6282,1.496774
1090103,N-[(4-ethoxyphenyl)methyl]-1-methyl-benzimidazol-2-amine,CCOC1=CC=C(C=C1)CNC2=NC3=CC=CC=C3N2C,C17H19N3O,4,1,5,3.584100000000002,281.152812228,21,39.08,0.5373592630501536,0,Media,0.634,0.4716981132075472,0.945171767534095,0.8268033539524581,CN1C(NCC2=CC(Br)=CC=C2O)=NC2=C1C=CC=C2,0.8152,0.6008,1.4159,1.4753253
3926207,N-[(4-methoxyphenyl)methyl]-1-propyl-benzimidazol-2-amine,CCCN1C2=CC=CC=C2N=C1NCC3=CC=C(C=C3)OC,C18H21N3O,4,1,6,4.067000000000003,295.168462292,22,39.08,0.5629477993858751,0,Media,0.634,0.3793103448275862,0.9322117122276248,0.7939863703776151,CN1C(NCC2=CC(Br)=CC=C2O)=NC2=C1C=CC=C2,0.7867,0.5462,1.333,1.4078016
135804529,2-(5-methyl-1H-pyrazol-3-yl)-1H-benzimidazole,CC1=CC(=NN1)C2=NC3=CC=CC=C3N2,C11H10N4,2,2,1,2.26142,198.09054632,15,57.36,0.2615062761506276,0,Media,0.634,0.3018867924528302,0.8189247492004499,0.6896652600135449,CC1=CC2=C(NC(=N2)C2=CC=C(O2)N(=O)=O)C=C1,0.8176,0.6988,1.5165,1.4704214
20807233,2-(1H-benzimidazol-2-yl)oxazole,C1=CC=C2C(=C1)NC(=N2)C3=NC=CO3,C10H7N3O,3,1,1,2.2179,185.058911844,14,54.71,0.2558947176019009,0,Media,0.634,0.2777777777777778,0.9482945637719912,0.7806653672734377,CC1=CC2=C(NC(=N2)C2=CC=C(O2)N(=O)=O)C=C1,0.8604,0.6003,1.4607,1.5545673
136271501,2-(1H-benzimidazol-2-yl)-4-methyl-thiazole,CC1=CSC(=N1)C2=NC3=CC=CC=C3N2,C11H9N3S,3,1,1,2.994820000000001,215.051718288,15,41.57,0.360837142169834,0,Media,0.634,0.2727272727272727,0.9202268390105892,0.7583519474397602,CC1=CC2=C(NC(=N2)C2=CC=C(O2)N(=O)=O)C=C1,0.8877,0.7758,1.6635,1.4923623
155512778,N-(5-carbamoyl-7-methoxy-1-propyl-benzimidazol-2-yl)quinoline-2-carboxamide,CCCN1C2=C(C=C(C=C2OC)C(=O)N)N=C1NC(=O)C3=NC4=CC=CC=C4C=C3,C22H21N5O3,6,2,6,3.354300000000001,403.164439532,30,112.13,0.2675465976990992,0,Media,0.634,0.2307692307692307,0.5303941577546035,0.4554879260082604,CC1=CC2=C(NC(NC(=O)C3=NC=CC=C3)=N2)C=C1,0.5933,0.4628,1.0561,1.0621967
41766515,N-[1-(2-furylmethyl)-5-(trifluoromethyl)benzimidazol-2-yl]pyridine-2-carboxamide,C1=CC=NC(=C1)C(=O)NC2=NC3=C(N2CC4=CC=CO4)C=CC(=C3)C(F)(F)F,C19H13F3N4O2,5,1,4,4.343700000000002,386.099060316,28,72.95,0.3838245373543523,0,Media,0.6327999999999999,0.3194444444444444,0.2287675735170205,0.2514367912488765,CC1=CC2=C(NC(NC(=O)C3=NC=CC=C3)=N2)C=C1,0.6788,0.5781,1.2569,1.1430334
1087008,1-ethyl-N-[(4-methoxyphenyl)methyl]benzimidazol-2-amine,CCN1C2=CC=CC=C2N=C1NCC3=CC=C(C=C3)OC,C17H19N3O,4,1,5,3.676900000000002,281.152812228,21,39.08,0.5373592630501536,0,Media,0.632,0.3684210526315789,0.9449197991740252,0.8007951125384135,CN1C(NCC2=CC(Br)=CC=C2O)=NC2=C1C=CC=C2,0.8466,0.6007,1.4472,1.3927408
3569370,4-bromo-2-[[(3-methyl-1H-benzimidazol-3-ium-2-yl)amino]methyl]phenolate,C[N+]1=C(NC2=CC=CC=C21)NCC3=C(C=CC(=C3)Br)[O-],C15H14BrN3O,2,2,3,2.4406,331.032024168,20,54.75999999999999,0.3652300949598247,0,Media,0.632,0.3064516129032258,0.8979532246180084,0.7500778216893128,CN1C(NCC2=CC(Br)=CC=C2O)=NC2=C1C=CC=C2,0.9684,0.6898,1.6582,1.5057437
45077905,2-pyrrol-1-yl-1H-benzimidazole,C1=CC=C2C(=C1)NC(=N2)N3C=CC=C3,C11H9N3,2,1,1,2.3536,183.079647288,14,33.61,0.4165426956263017,0,Media,0.632,0.1851851851851851,0.8531481624236424,0.6861574181140281,CC1=CC2=C(NC(=N2)C2=CC=C(O2)N(=O)=O)C=C1,0.8676,0.6656,1.5331,1.5218538
60978000,4-fluoro-2-(2-pyridyl)-1H-benzimidazole,C1=CC=NC(=C1)C2=NC3=C(N2)C=CC=C3F,C12H8FN3,2,1,1,2.764,213.070225476,16,41.57,0.3848929516478229,0,Media,0.632,0.1639344262295081,0.9004319983545319,0.7163076053232761,CC1=CC2=C(NC(=N2)C2=CC=C(O2)N(=O)=O)C=C1,0.8736,0.7636,1.6371,1.5287449
44376973,6-methyl-2-(5-methyl-2-pyridyl)-1H-benzimidazole,CC1=CC2=C(C=C1)N=C(N2)C3=NC=C(C=C3)C,C14H13N3,2,1,1,3.241740000000001,223.110947416,17,41.57,0.4089487611258118,0,Media,0.6313333333333333,0.3461538461538461,0.8797921246854083,0.7463825550525178,CC1=CC2=C(NC(=N2)C2=CC=C(O2)N(=O)=O)C=C1,0.7778,0.7634,1.5413,1.4991803
58026554,N-[4-(cyclopentylcarbamoyl)-6-(4-pyridyl)-1H-benzimidazol-2-yl]isoquinoline-3-carboxamide,C1CCC(C1)NC(=O)C2=C3C(=CC(=C2)C4=CC=NC=C4)NC(=N3)NC(=O)C5=CC6=CC=CC=C6C=N5,C28H24N6O2,5,3,5,5.097800000000003,476.196074008,36,112.66,0.3195455352387715,1,Media,0.63,0.3561643835616438,0.6938786576690733,0.609450089142216,CC1=CC2=C(NC(NC(=O)C3=NC=CC=C3)=N2)C=C1,0.4982,0.6006,1.0989,1.1019787
583995,N-(1H-benzimidazol-2-yl)-2-hydroxy-benzamide,C1=CC=C(C(=C1)C(=O)NC2=NC3=CC=CC=C3N2)O,C14H11N3O2,3,3,2,2.5208,253.085126592,19,78.01,0.2435585181387001,0,Media,0.63,0.2131147540983606,0.9005596165741344,0.728698400955191,CN1C(NCC2=CC(Br)=CC=C2O)=NC2=C1C=CC=C2,0.4928,0.5479,1.0407,1.2335044
44274461,"3,5-dibromo-N-(6-chloro-1H-benzimidazol-2-yl)-2-hydroxy-benzamide",C1=CC2=C(C=C1Cl)NC(=N2)NC(=O)C3=C(C(=CC(=C3)Br)Br)O,C14H8Br2ClN3O2,3,3,2,4.699200000000001,442.867178376,22,78.01,0.2820151262658633,0,Media,0.63,0.1830985915492957,0.9253051397796952,0.7397535027220954,CN1C(NCC2=CC(Br)=CC=C2O)=NC2=C1C=CC=C2,0.5463,0.4647,1.011,0.9856906
21613155,2-(2-pyridyl)-4-(trifluoromethyl)-1H-benzimidazole,C1=CC=NC(=C1)C2=NC3=C(C=CC=C3N2)C(F)(F)F,C13H8F3N3,2,1,1,3.643700000000001,263.067031916,19,41.57,0.4570603800817897,0,Media,0.63,0.1746031746031746,0.860679976065319,0.6891607756997828,CC1=CC2=C(NC(=N2)C2=CC=C(O2)N(=O)=O)C=C1,0.8393,0.7636,1.6029,1.4812605
160169798,"7-(1-tert-butyl-3-methyl-benzimidazol-3-ium-2-yl)-2-(2,6-dimethyl-4-phenyl-phenyl)-6-methyl-1,3-benzoxazole",CC1=C(C2=C(C=C1)N=C(O2)C3=C(C=C(C=C3C)C4=CC=CC=C4)C)C5=[N+](C6=CC=CC=C6N5C(C)(C)C)C,C34H34N3O+,3,0,3,8.288260000000006,500.26963912809,38,34.84,1.090700344431688,2,Media,0.63,0.1728395061728395,0.3236632870079516,0.2859573417991735,O=C(NC1=CC(=CC=C1)C1=NC2=C(N1)C=CC=C2)C1=CC=C(C=C1)C1=CC=CC=C1,0.4143,0.1983,0.6126,0.54527336
58026422,N-[6-(1H-imidazol-2-ylcarbamoyl)-1H-benzimidazol-2-yl]isoquinoline-3-carboxamide,C1=CC=C2C=NC(=CC2=C1)C(=O)NC3=NC4=C(N3)C=C(C=C4)C(=O)NC5=NC=CN5,C21H15N7O2,5,4,4,3.3388,397.1287227200001,30,128.45,0.2335539120280264,0,Media,0.628,0.4354838709677419,0.8621743170638075,0.7555017055397911,CC1=CC2=C(NC(NC(=O)C3=NC=CC=C3)=N2)C=C1,0.6532,0.5629,1.2161,1.1246952
13004836,6-chloro-2-(5-methyl-2-furyl)-1H-benzimidazole,CC1=CC=C(O1)C2=NC3=C(N2)C=C(C=C3)Cl,C12H9ClN2O,2,1,1,3.784720000000001,232.040340588,16,41.82,0.3825920612147298,0,Media,0.628,0.4038461538461538,0.8511252340013574,0.7393054639625565,CC1=CC2=C(NC(=N2)C2=CC=C(O2)N(=O)=O)C=C1,0.8988,0.7769,1.6757,1.5835996
46347551,N-(4-methoxyphenyl)-2-[1-(3-pyridylmethyl)benzimidazol-2-yl]sulfanyl-acetamide,COC1=CC=C(C=C1)NC(=O)CSC2=NC3=CC=CC=C3N2CC4=CN=CC=C4,C22H20N4O2S,6,1,7,4.219000000000003,404.1306968800001,29,69.03999999999999,0.4200463499420626,0,Media,0.628,0.3975903614457831,0.7047903262470507,0.6279903350467338,COC(=O)C1=CC=C(NC(=O)CSC2=NC3=C(C=C(Cl)C=C3)N2CC2=CC(C)=CC(C)=C2)C(Cl)=C1,0.844,0.7721,1.6161,1.3025912
13004839,2-(5-bromo-2-furyl)-6-chloro-1H-benzimidazole,C1=CC2=C(C=C1Cl)NC(=N2)C3=CC=C(O3)Br,C11H6BrClN2O,2,1,1,4.238800000000001,295.935202592,16,41.82,0.3825920612147298,0,Media,0.628,0.3518518518518518,0.8272187634306949,0.7083770355359842,CC1=CC2=C(NC(=N2)C2=CC=C(O2)N(=O)=O)C=C1,0.8783,0.6995,1.5778,1.578306
58724476,N-[4-[(4-methylsulfonylphenyl)methylcarbamoyl]-6-(4-pyridyl)-1H-benzimidazol-2-yl]isoquinoline-3-carboxamide,CS(=O)(=O)C1=CC=C(C=C1)CNC(=O)C2=C3C(=CC(=C2)C4=CC=NC=C4)NC(=N3)NC(=O)C5=CC6=CC=CC=C6C=N5,C31H24N6O4S,7,3,7,4.758900000000003,576.1579742480001,42,146.8,0.2861035422343324,1,Media,0.628,0.3417721518987341,0.5507785689830473,0.498526964711969,CC1=CC2=C(NC(NC(=O)C3=NC=CC=C3)=N2)C=C1,0.4702,0.53,1.0001,1.0061094
44376953,2-(6-methoxy-2-pyridyl)-6-methyl-1H-benzimidazole,CC1=CC2=C(C=C1)N=C(N2)C3=NC(=CC=C3)OC,C14H13N3O,3,1,2,2.941920000000001,239.105862036,18,50.8,0.3543307086614173,0,Media,0.628,0.3157894736842105,0.9621088266712404,0.8005289884244828,CC1=CC2=C(NC(=N2)C2=CC=C(O2)N(=O)=O)C=C1,0.8134,0.8387,1.6522,1.3370984
130275021,5-bromo-N-(6-bromo-1H-benzimidazol-2-yl)-2-hydroxy-benzamide,C1=CC2=C(C=C1Br)NC(=N2)NC(=O)C3=C(C=CC(=C3)Br)O,C14H9Br2N3O2,3,3,2,4.045800000000002,408.906150728,21,78.01,0.2691962568901422,0,Media,0.628,0.2786885245901639,0.9296882764008148,0.7669383384481521,CN1C(NCC2=CC(Br)=CC=C2O)=NC2=C1C=CC=C2,0.5395,0.4673,1.0068,1.096744
60728915,N-(m-tolylmethyl)-1H-benzimidazol-2-amine,CC1=CC(=CC=C1)CNC2=NC3=CC=CC=C3N2,C15H15N3,2,2,3,3.483420000000002,237.12659748,18,40.71,0.4421518054532056,0,Media,0.628,0.2459016393442623,0.8910652978427946,0.7297743832181616,CN1C(NCC2=CC(Br)=CC=C2O)=NC2=C1C=CC=C2,0.881,0.6007,1.4817,1.5680711
145965013,"6-chloro-2-(2-chloro-3,4-dimethoxy-phenyl)-1H-benzimidazole",COC1=C(C(=C(C=C1)C2=NC3=C(N2)C=C(C=C3)Cl)Cl)OC,C15H12Cl2N2O2,3,1,3,4.553900000000001,322.0275829839999,21,47.14,0.4454815443360204,0,Media,0.628,0.2222222222222222,0.8783717103424827,0.7143343383124177,CC1=CC2=C(NC(=N2)C2=CC=C(O2)N(=O)=O)C=C1,0.7017,0.7334,1.4351,1.3064669
938000,N-[(3-methoxyphenyl)methyl]-1-methyl-benzimidazol-2-amine,CN1C2=CC=CC=C2N=C1NCC3=CC(=CC=C3)OC,C16H17N3O,4,1,4,3.194000000000002,267.137162164,20,39.08,0.5117707267144319,0,Media,0.626,0.490566037735849,0.95089161396002,0.8358102199039772,CN1C(NCC2=CC(Br)=CC=C2O)=NC2=C1C=CC=C2,0.9172,0.6009,1.5181,1.535514
53439061,5-(1H-benzimidazol-2-yl)furan-2-carboxylic acid,C1=CC=C2C(=C1)NC(=N2)C3=CC=C(O3)C(=O)O,C12H8N2O3,3,2,2,2.5211,228.053492116,17,79.12,0.2148634984833164,0,Media,0.626,0.3773584905660377,0.9273869433458076,0.789879830150865,CC1=CC2=C(NC(=N2)C2=CC=C(O2)N(=O)=O)C=C1,0.9066,0.8862,1.7928,1.5456564
67891554,N-[4-[(4-methylsulfinylphenyl)methylcarbamoyl]-6-propyl-1H-benzimidazol-2-yl]isoquinoline-3-carboxamide,CCCC1=CC(=C2C(=C1)NC(=N2)NC(=O)C3=CC4=CC=CC=C4C=N3)C(=O)NCC5=CC=C(C=C5)S(=O)C,C29H27N5O3S,5,3,8,4.983300000000003,525.183460724,38,116.84,0.3252310852447792,1,Media,0.626,0.3164556962025316,0.6135232978520484,0.5392563974396692,CC1=CC2=C(NC(NC(=O)C3=NC=CC=C3)=N2)C=C1,0.468,0.6005,1.0685,0.9624587
135641157,2-[(E)-(1-ethylbenzimidazol-2-yl)iminomethyl]phenol,CCN1C2=CC=CC=C2N=C1N=CC3=CC=CC=C3O,C16H15N3O,4,1,3,3.512400000000002,265.1215121,20,50.41,0.3967466772465781,0,Media,0.626,0.3,0.9545298315275568,0.7908973736456675,CN1C(NCC2=CC(Br)=CC=C2O)=NC2=C1C=CC=C2,0.5321,0.4828,1.0149,1.2127539
4399158,2-[(1-ethylbenzimidazol-2-yl)iminomethyl]phenol,CCN1C2=CC=CC=C2N=C1N=CC3=CC=CC=C3O,C16H15N3O,4,1,3,3.512400000000002,265.1215121,20,50.41,0.3967466772465781,0,Media,0.626,0.3,0.9545298315275568,0.7908973736456675,CN1C(NCC2=CC(Br)=CC=C2O)=NC2=C1C=CC=C2,0.5321,0.4828,1.0149,1.2127539
506600,2-(2-thienyl)-1H-benzimidazole,C1=CC=C2C(=C1)NC(=N2)C3=CC=CS3,C11H8N2S,2,1,1,3.291400000000001,200.040819256,14,28.68,0.4881450488145049,0,Media,0.626,0.2407407407407407,0.7991211911046335,0.6595260785136604,CC1=CC2=C(NC(=N2)C2=CC=C(O2)N(=O)=O)C=C1,0.8572,0.6636,1.5207,1.4569993
14006192,2-(3-methylimidazol-3-ium-1-yl)-1H-benzimidazole,C[N+]1=CN(C=C1)C2=NC3=CC=CC=C3N2,C11H11N4+,2,1,1,1.1781,199.09782277209,15,37.48999999999999,0.4001066951186984,0,Media,0.626,0.180327868852459,0.7860297661741299,0.6346042918437121,CC1=CC2=C(NC(=N2)C2=CC=C(O2)N(=O)=O)C=C1,0.8906,0.5989,1.4895,1.4774495
937645,N-[(4-bromophenyl)methyl]-1-methyl-benzimidazol-2-amine,CN1C2=CC=CC=C2N=C1NCC3=CC=C(C=C3)Br,C15H14BrN3,3,1,3,3.947900000000002,315.037109548,19,29.85,0.6365159128978224,0,Media,0.624,0.6444444444444445,0.9648805147431052,0.8847714971684401,CN1C(NCC2=CC(Br)=CC=C2O)=NC2=C1C=CC=C2,0.9504,0.6007,1.5511,1.7285155
975633,N-[[4-(dimethylamino)phenyl]methyl]-1-isopropyl-benzimidazol-2-amine,CC(C)N1C2=CC=CC=C2N=C1NCC3=CC=C(C=C3)N(C)C,C19H24N4,4,1,5,4.295300000000003,308.200096768,23,33.09,0.6950740404956179,0,Media,0.624,0.3620689655172414,0.92516189765028,0.7843886646170205,CN1C(NCC2=CC(Br)=CC=C2O)=NC2=C1C=CC=C2,0.738,0.6008,1.3388,1.4645307
60978493,3-(6-methyl-1H-benzimidazol-2-yl)benzonitrile,CC1=CC2=C(C=C1)N=C(N2)C3=CC=CC(=C3)C#N,C15H11N3,2,1,1,3.410000000000001,233.095297352,18,52.47,0.3430531732418524,0,Media,0.624,0.3103448275862069,0.903624696529037,0.7553047292933295,CC1=CC2=C(NC(=N2)C2=CC=C(O2)N(=O)=O)C=C1,0.7709,0.6119,1.3827,1.5402341
129794067,2-(3-bromo-2-furyl)-1H-benzimidazole,C1=CC=C2C(=C1)NC(=N2)C3=C(C=CO3)Br,C11H7BrN2O,2,1,1,3.585400000000001,261.974174944,15,41.82,0.3586800573888092,0,Media,0.624,0.25,0.8542781906838548,0.7032086430128911,CC1=CC2=C(NC(=N2)C2=CC=C(O2)N(=O)=O)C=C1,0.8696,0.6995,1.5691,1.5074492
932019,"N-[(2,4-dimethoxyphenyl)methyl]-1-methyl-benzimidazol-2-amine",CN1C2=CC=CC=C2N=C1NCC3=C(C=C(C=C3)OC)OC,C17H19N3O2,5,1,5,3.202600000000001,297.147726848,22,48.31,0.4553922583316083,0,Media,0.622,0.5283018867924528,0.926248990661825,0.826762214694482,CN1C(NCC2=CC(Br)=CC=C2O)=NC2=C1C=CC=C2,0.8561,0.7005,1.5567,1.501188
44377013,2-(6-chloro-2-pyridyl)-6-methyl-1H-benzimidazole,CC1=CC2=C(C=C1)N=C(N2)C3=NC(=CC=C3)Cl,C13H10ClN3,2,1,1,3.586720000000001,243.056325,17,41.57,0.4089487611258118,0,Media,0.622,0.3272727272727272,0.8642045556414397,0.7299715985492616,CC1=CC2=C(NC(=N2)C2=CC=C(O2)N(=O)=O)C=C1,0.8276,0.7635,1.591,1.5273454
44377277,ethyl 6-(1H-benzimidazol-2-yl)pyridine-2-carboxylate,CCOC(=O)C1=CC=CC(=N1)C2=NC3=CC=CC=C3N2,C15H13N3O2,4,1,3,2.801600000000001,267.100776656,20,67.87,0.2946810078090467,0,Media,0.622,0.2539682539682539,0.974179220646411,0.7941264789768718,CC1=CC2=C(NC(=N2)C2=CC=C(O2)N(=O)=O)C=C1,0.7025,0.8048,1.5072,1.3467441
159168436,"5-[2-[2-[2-hydroxy-5-[5-[2-[3-hydroxy-4-(5-methyl-1H-benzimidazol-2-yl)phenyl]-1,3-dioxo-isoindolin-5-yl]-1,3-dioxo-isoindolin-2-yl]phenyl]-3H-benzimidazol-5-yl]-1,3-dioxo-isoindolin-5-yl]-2-methyl-isoindoline-1,3-dione",CC1=CC2=C(C=C1)NC(=N2)C3=C(C=C(C=C3)N4C(=O)C5=C(C4=O)C=C(C=C5)C6=CC7=C(C=C6)C(=O)N(C7=O)C8=CC(=C(C=C8)O)C9=NC1=C(N9)C=C(C=C1)N1C(=O)C2=C(C1=O)C=C(C=C2)C1=CC2=C(C=C1)C(=O)N(C2=O)C)O,C60H34N8O10,12,4,7,9.454419999999995,1026.239789288,78,247.3399999999999,0.3153553812565699,3,Media,0.622,0.2375,0.7438319345484172,0.6172489509113128,O=C(NC1=CC(=CC=C1)C1=NC2=C(N1)C=CC=C2)C1=CC=C(C=C1)C1=CC=CC=C1,0.3832,0.1289,0.5122,0.66309714
59679865,6-(1H-benzimidazol-2-yl)pyridin-2-amine,C1=CC=C2C(=C1)NC(=N2)C3=NC(=CC=C3)N,C12H10N4,3,2,1,2.2071,210.09054632,16,67.59,0.2367214084923805,0,Media,0.622,0.2363636363636363,0.8841562658620721,0.7222081084874632,CC1=CC2=C(NC(=N2)C2=CC=C(O2)N(=O)=O)C=C1,0.885,0.7614,1.6464,1.4669671
145971832,6-chloro-2-(2-chloro-3-methoxy-phenyl)-1H-benzimidazole,COC1=CC=CC(=C1Cl)C2=NC3=C(N2)C=C(C=C3)Cl,C14H10Cl2N2O,2,1,2,4.545300000000002,292.0170183,19,37.91,0.5011870218939595,0,Media,0.622,0.2222222222222222,0.8235545344076951,0.6732214563613269,CC1=CC2=C(NC(=N2)C2=CC=C(O2)N(=O)=O)C=C1,0.7977,0.735,1.5327,1.37162
666751,N-benzyl-6-methoxy-1H-benzimidazol-2-amine,COC1=CC2=C(C=C1)N=C(N2)NCC3=CC=CC=C3,C15H15N3O,3,2,4,3.183600000000001,253.1215121,19,49.94,0.3804565478574289,0,Media,0.622,0.21875,0.9681050903408464,0.7807663177556349,CN1C(NCC2=CC(Br)=CC=C2O)=NC2=C1C=CC=C2,0.8148,0.5462,1.361,1.3763673
3051110,2-(6-ethyl-2-pyridyl)-6-methoxy-1H-benzimidazole,CCC1=NC(=CC=C1)C2=NC3=C(N2)C=C(C=C3)OC,C15H15N3O,3,1,3,3.195900000000001,253.1215121,19,50.8,0.374015748031496,0,Media,0.622,0.21875,0.9398459308656262,0.7595719481492196,CC1=CC2=C(NC(=N2)C2=CC=C(O2)N(=O)=O)C=C1,0.7478,0.626,1.3738,1.305615
71731010,2-[4-(3-pyridyl)phenyl]-6-(trifluoromethyl)-1H-benzimidazole,C1=CC(=CN=C1)C2=CC=C(C=C2)C3=NC4=C(N3)C=C(C=C4)C(F)(F)F,C19H12F3N3,2,1,2,5.310700000000002,339.098332044,25,41.57,0.6013952369497233,1,Media,0.621,0.3448275862068966,0.8335597556025722,0.7113767132536533,NC(=N)NC1=CC2=C(NC(=N2)C2=CC=C(C=C2)C2=CC=CC=C2)C=C1,0.6998,0.5827,1.2824,1.2575929
937758,"N-[(2,5-dimethoxyphenyl)methyl]-1-methyl-benzimidazol-2-amine",CN1C2=CC=CC=C2N=C1NCC3=C(C=CC(=C3)OC)OC,C17H19N3O2,5,1,5,3.202600000000001,297.147726848,22,48.31,0.4553922583316083,0,Media,0.62,0.5283018867924528,0.926248990661825,0.826762214694482,CN1C(NCC2=CC(Br)=CC=C2O)=NC2=C1C=CC=C2,0.8643,0.7006,1.5649,1.501188
929874,2-[[(1-allylbenzimidazol-2-yl)amino]methyl]-5-methoxy-phenol,COC1=CC(=C(C=C1)CNC2=NC3=CC=CC=C3N2CC=C)O,C18H19N3O2,5,2,6,3.548600000000002,309.147726848,23,59.31,0.3877929522846063,0,Media,0.62,0.4354838709677419,0.9796536885694752,0.8436112341690418,CN1C(NCC2=CC(Br)=CC=C2O)=NC2=C1C=CC=C2,0.8339,0.7278,1.5616,1.4993656
19224627,"2-(2,5-dimethoxyphenyl)-6-methyl-1H-benzimidazole",CC1=CC2=C(C=C1)N=C(N2)C3=C(C=CC(=C3)OC)OC,C16H16N2O2,3,1,3,3.555520000000001,268.121177752,20,47.14,0.4242681374628765,0,Media,0.62,0.3103448275862069,0.91726962109423,0.7655384227172242,CC1=CC2=C(NC(=N2)C2=CC=C(O2)N(=O)=O)C=C1,0.7278,0.6708,1.3986,1.2894894
102164755,"6-(1H-benzimidazol-2-yl)-N,N-dimethyl-pyridine-2-carboxamide",CN(C)C(=O)C1=CC=CC(=N1)C2=NC3=CC=CC=C3N2,C15H14N4O,3,1,2,2.3267,266.116761068,20,61.88,0.3232062055591467,0,Media,0.62,0.2459016393442623,0.9595494777147386,0.7811375181221195,CC1=CC2=C(NC(=N2)C2=CC=C(O2)N(=O)=O)C=C1,0.6462,0.8112,1.4574,1.3694873
12461041,4-methyl-2-(2-pyridyl)-1H-benzimidazole,CC1=C2C(=CC=C1)NC(=N2)C3=CC=CC=N3,C13H11N3,2,1,1,2.93332,209.095297352,16,41.57,0.3848929516478229,0,Media,0.62,0.2033898305084746,0.8907303842439573,0.7188952458100867,CC1=CC2=C(NC(=N2)C2=CC=C(O2)N(=O)=O)C=C1,0.83,0.7636,1.5936,1.5001916
49805441,4-ethoxy-2-(2-pyridyl)-1H-benzimidazole,CCOC1=CC=CC2=C1N=C(N2)C3=CC=CC=N3,C14H13N3O,3,1,3,3.0236,239.105862036,18,50.8,0.3543307086614173,0,Media,0.62,0.1692307692307692,0.9468580297930476,0.7524512146524779,CC1=CC2=C(NC(=N2)C2=CC=C(O2)N(=O)=O)C=C1,0.75,0.688,1.4381,1.3574905
828725,1-ethyl-N-(2-pyridylmethyl)benzimidazol-2-amine,CCN1C2=CC=CC=C2N=C1NCC3=CC=CC=N3,C15H16N4,4,1,4,3.063300000000001,252.137496512,19,42.74,0.4445484323818436,0,Media,0.618,0.3818181818181818,0.9477084759977006,0.806235902452821,CN1C(NCC2=CC(Br)=CC=C2O)=NC2=C1C=CC=C2,0.9129,0.6361,1.549,1.3653924
65017788,2-(5-bromo-2-furyl)-6-methoxy-1H-benzimidazole,COC1=CC2=C(C=C1)N=C(N2)C3=CC=C(O3)Br,C12H9BrN2O2,3,1,2,3.594000000000001,291.9847396280001,17,51.05,0.3330068560235064,0,Media,0.618,0.3571428571428571,0.9259684918246256,0.7837620831541834,CC1=CC2=C(NC(=N2)C2=CC=C(O2)N(=O)=O)C=C1,0.8302,0.6358,1.466,1.4061708
13004842,6-bromo-2-(5-chloro-2-furyl)-1H-benzimidazole,C1=CC2=C(C=C1Br)NC(=N2)C3=CC=C(O3)Cl,C11H6BrClN2O,2,1,1,4.238800000000001,295.935202592,16,41.82,0.3825920612147298,0,Media,0.618,0.3518518518518518,0.8272187634306949,0.7083770355359842,CC1=CC2=C(NC(=N2)C2=CC=C(O2)N(=O)=O)C=C1,0.8764,0.6995,1.5759,1.578306
102268664,[5-(6-fluoro-1H-benzimidazol-2-yl)-2-furyl]methanol,C1=CC2=C(C=C1F)NC(=N2)C3=CC=C(O3)CO,C12H9FN2O2,3,2,2,2.4543,232.064805748,17,62.05,0.273972602739726,0,Media,0.618,0.3333333333333333,0.9067072823193508,0.7633637950728464,CC1=CC2=C(NC(=N2)C2=CC=C(O2)N(=O)=O)C=C1,0.8555,0.6748,1.5303,1.4954976
58190825,N-[6-phenyl-4-[2-(3H-pyrrol-2-yl)acetyl]-1H-benzimidazol-2-yl]isoquinoline-3-carboxamide,C1C=CN=C1CC(=O)C2=C3C(=CC(=C2)C4=CC=CC=C4)NC(=N3)NC(=O)C5=CC6=CC=CC=C6C=N5,C29H21N5O2,5,2,6,5.961600000000005,471.1695249120001,36,100.1,0.3596403596403596,1,Media,0.618,0.3289473684210526,0.4970880026631147,0.4550528441025992,CC1=CC2=C(NC(NC(=O)C3=NC=CC=C3)=N2)C=C1,0.5587,0.6434,1.2021,1.109435
172462560,5-fluoro-N-[(4-fluorophenyl)methyl]-1-propyl-benzimidazol-2-amine,CCCN1C2=C(C=C(C=C2)F)N=C1NCC3=CC=C(C=C3)F,C17H17F2N3,3,1,5,4.336600000000002,301.139053984,22,29.85,0.7370184254606365,0,Media,0.618,0.3,0.921190757286528,0.7658930679648959,CN1C(NCC2=CC(Br)=CC=C2O)=NC2=C1C=CC=C2,0.8307,0.6007,1.4314,1.4730027
64723114,"2-(2,5-dimethoxyphenyl)-6-fluoro-1H-benzimidazole",COC1=CC(=C(C=C1)OC)C2=NC3=C(N2)C=C(C=C3)F,C15H13FN2O2,3,1,3,3.386200000000001,272.096105876,20,47.14,0.4242681374628765,0,Media,0.618,0.2222222222222222,0.9200242062088022,0.7455737102121572,CC1=CC2=C(NC(=N2)C2=CC=C(O2)N(=O)=O)C=C1,0.7542,0.6708,1.425,1.2723958
166454381,methyl 6-[[1-[5-(tert-butoxycarbonylamino)pentyl]-5-(triisopropylsilyloxymethyl)benzimidazol-2-yl]carbamoyl]pyridine-2-carboxylate,CC(C)[Si](C(C)C)(C(C)C)OCC1=CC2=C(C=C1)N(C(=N2)NC(=O)C3=NC(=CC=C3)C(=O)OC)CCCCCNC(=O)OC(C)(C)C,C35H53N5O6Si,9,2,15,7.857300000000009,667.376510946,47,133.67,0.3516121792474003,2,Media,0.618,0.1935483870967742,0.3185837950108828,0.2873249430323557,CC1=CC2=C(NC(NC(=O)C3=NC=CC=C3)=N2)C=C1,0.2765,0.4088,0.6853,0.7654443
161427680,"6-[3,5-bis(4-pyridyl)phenyl]-2,3-diphenyl-imidazo[4,5-c]carbazole;6-[2,6-bis(4-pyridyl)-4-pyridyl]-2,3-diphenyl-imidazo[4,5-c]carbazole;6-(4,6-diphenylpyrimidin-2-yl)-3-phenyl-2-(4-phenylphenyl)imidazo[4,5-c]carbazole",C1=CC=C(C=C1)C2=CC=C(C=C2)C3=NC4=C(N3C5=CC=CC=C5)C=CC6=C4C7=CC=CC=C7N6C8=NC(=CC(=N8)C9=CC=CC=C9)C1=CC=CC=C1.C1=CC=C(C=C1)C2=NC3=C(N2C4=CC=CC=C4)C=CC5=C3C6=CC=CC=C6N5C7=CC(=CC(=C7)C8=CC=NC=C8)C9=CC=NC=C9.C1=CC=C(C=C1)C2=NC3=C(N2C4=CC=CC=C4)C=CC5=C3C6=CC=CC=C6N5C7=CC(=NC(=C7)C8=CC=NC=C8)C9=CC=NC=C9,C128H84N16,16,0,16,30.80280000000011,1844.706486688,144,158.48,0.9086320040383646,3,Media,0.618,0.1585365853658536,0.381819328665998,0.3259986428409618,NC(=N)NC1=CC2=C(NC(=N2)C2=CC=C(C=C2)C2=CC=CC=C2)C=C1,0.4293,0.1703,0.5996,0.63737285
3065147,5-[6-(trifluoromethyl)-1H-benzimidazol-2-yl]furan-2-carbaldehyde,C1=CC2=C(C=C1C(F)(F)F)NC(=N2)C3=CC=C(O3)C=O,C13H7F3N2O2,3,1,2,3.654200000000002,280.045962124,20,58.89,0.3396162336559687,0,Media,0.6167999999999999,0.3389830508474576,0.9437003038835112,0.7925209906244979,CC1=CC2=C(NC(=N2)C2=CC=C(O2)N(=O)=O)C=C1,0.8743,0.8883,1.7626,1.3512911
929923,4-chloro-2-[[(1-isopropylbenzimidazol-2-yl)amino]methyl]phenol,CC(C)N1C2=CC=CC=C2N=C1NCC3=C(C=CC(=C3)Cl)O,C17H18ClN3O,4,2,4,4.588300000000004,315.1138398759999,22,50.08,0.4392971246006389,0,Media,0.616,0.5660377358490566,0.9909957292415736,0.8847562308934444,CN1C(NCC2=CC(Br)=CC=C2O)=NC2=C1C=CC=C2,0.8854,0.8004,1.6858,1.7267854
164615291,2-[2-(4-phenylphenyl)-3H-benzimidazol-5-yl]guanidine,C1=CC=C(C=C1)C2=CC=C(C=C2)C3=NC4=C(N3)C=C(C=C4)N=C(N)N,C20H17N5,2,3,3,3.801800000000001,327.1483955440001,25,93.08,0.268586162440911,0,Media,0.616,0.4901960784313725,0.988152306787256,0.8636632496982851,NC(=N)NC1=CC2=C(NC(=N2)C2=CC=C(C=C2)C2=CC=CC=C2)C=C1,0.7712,0.5628,1.334,1.2648809
886111,N-benzyl-1-isopropyl-benzimidazol-2-amine,CC(C)N1C2=CC=CC=C2N=C1NCC3=CC=CC=C3,C17H19N3,3,1,4,4.229300000000003,265.157897608,20,29.85,0.6700167504187604,0,Media,0.616,0.4038461538461538,0.9461603123834844,0.8105817727491519,CN1C(NCC2=CC(Br)=CC=C2O)=NC2=C1C=CC=C2,0.8525,0.6008,1.4533,1.4793092
975900,N-[(4-chlorophenyl)methyl]-1-propyl-benzimidazol-2-amine,CCCN1C2=CC=CC=C2N=C1NCC3=CC=C(C=C3)Cl,C17H18ClN3,3,1,5,4.711800000000003,299.118925256,21,29.85,0.7035175879396984,0,Media,0.616,0.3928571428571428,0.9203166588903338,0.788451779882036,CN1C(NCC2=CC(Br)=CC=C2O)=NC2=C1C=CC=C2,0.8292,0.6007,1.4299,1.4620376
14265330,5-(6-fluoro-1H-benzimidazol-2-yl)furan-2-carbaldehyde,C1=CC2=C(C=C1F)NC(=N2)C3=CC=C(O3)C=O,C12H7FN2O2,3,1,2,2.774500000000001,230.049155684,17,58.89,0.2886737986075734,0,Media,0.616,0.3571428571428571,0.9830502717509084,0.8265734180988956,CC1=CC2=C(NC(=N2)C2=CC=C(O2)N(=O)=O)C=C1,0.9158,0.8883,1.8041,1.4581721
101542191,"2-(3,4,5,6-tetrachloro-2-pyridyl)-1H-benzimidazole",C1=CC=C2C(=C1)NC(=N2)C3=NC(=C(C(=C3Cl)Cl)Cl)Cl,C12H5Cl4N3,2,1,1,5.2385,330.92375788,19,41.57,0.4570603800817897,1,Media,0.616,0.2321428571428571,0.8004860031195442,0.6584002166253725,CC1=CC2=C(NC(=N2)C2=CC=C(O2)N(=O)=O)C=C1,0.815,0.7314,1.5464,1.4675891
13004829,2-(5-chloro-2-furyl)-6-methyl-1H-benzimidazole,CC1=CC2=C(C=C1)N=C(N2)C3=CC=C(O3)Cl,C12H9ClN2O,2,1,1,3.784720000000001,232.040340588,16,41.82,0.3825920612147298,0,Media,0.614,0.4897959183673469,0.8511252340013574,0.7607929050928548,CC1=CC2=C(NC(=N2)C2=CC=C(O2)N(=O)=O)C=C1,0.8334,0.7768,1.6102,1.5537813
889581,2-[[(1-isopropylbenzimidazol-2-yl)amino]methyl]-5-methoxy-phenol,CC(C)N1C2=CC=CC=C2N=C1NCC3=C(C=C(C=C3)OC)O,C18H21N3O2,5,2,5,3.943500000000003,311.163376912,23,59.31,0.3877929522846063,0,Media,0.614,0.4655172413793103,0.9843653415184976,0.8546533164837008,CN1C(NCC2=CC(Br)=CC=C2O)=NC2=C1C=CC=C2,0.8133,0.7278,1.5411,1.5773383
102268665,[5-(6-methyl-1H-benzimidazol-2-yl)-2-furyl]methanol,CC1=CC2=C(C=C1)N=C(N2)C3=CC=C(O3)CO,C13H12N2O2,3,2,2,2.62362,228.089877624,17,62.05,0.273972602739726,0,Media,0.614,0.4615384615384615,0.9129649883196946,0.8001083566243864,CC1=CC2=C(NC(=N2)C2=CC=C(O2)N(=O)=O)C=C1,0.7981,0.6881,1.4862,1.6446781
58026472,N-[6-cyano-4-(1H-imidazol-2-ylcarbamoyl)-1H-benzimidazol-2-yl]isoquinoline-3-carboxamide,C1=CC=C2C=NC(=CC2=C1)C(=O)NC3=NC4=C(C=C(C=C4N3)C#N)C(=O)NC5=NC=CN5,C22H14N8O2,6,4,4,3.21048,422.1239716880001,32,152.24,0.210194429847609,0,Media,0.614,0.3768115942028985,0.8088469153431066,0.7008380850580546,CC1=CC2=C(NC(NC(=O)C3=NC=CC=C3)=N2)C=C1,0.6451,0.5299,1.175,1.03828
5027514,"2,4-dibromo-6-[[(3-hexyl-1H-benzimidazol-3-ium-2-yl)amino]methyl]phenolate",CCCCCC[N+]1=C(NC2=CC=CC=C21)NCC3=C(C(=CC(=C3)Br)Br)[O-],C20H23Br2N3O,2,2,8,5.246400000000004,479.020786556,26,54.75999999999999,0.4747991234477722,1,Media,0.614,0.2328767123287671,0.8091986313839568,0.6651181516201593,CN1C(NCC2=CC(Br)=CC=C2O)=NC2=C1C=CC=C2,0.6697,0.5317,1.2015,1.3094677
3289087,"2,4-dibromo-6-[[(3-heptyl-1H-benzimidazol-3-ium-2-yl)amino]methyl]phenolate",CCCCCCC[N+]1=C(NC2=CC=CC=C21)NCC3=C(C(=CC(=C3)Br)Br)[O-],C21H25Br2N3O,2,2,9,5.636500000000004,493.03643662,27,54.75999999999999,0.4930606281957634,1,Media,0.614,0.2328767123287671,0.7907377471043933,0.6512724884104867,CN1C(NCC2=CC(Br)=CC=C2O)=NC2=C1C=CC=C2,0.6294,0.5317,1.1611,1.2498622
5192641,"2,4-dibromo-6-[[(3-octyl-1H-benzimidazol-3-ium-2-yl)amino]methyl]phenolate",CCCCCCCC[N+]1=C(NC2=CC=CC=C21)NCC3=C(C(=CC(=C3)Br)Br)[O-],C22H27Br2N3O,2,2,10,6.026600000000006,507.052086684,28,54.75999999999999,0.5113221329437546,2,Media,0.614,0.2328767123287671,0.7725233513831471,0.6376116916195521,CN1C(NCC2=CC(Br)=CC=C2O)=NC2=C1C=CC=C2,0.5927,0.4939,1.0866,1.1665736
5133042,"2,4-dibromo-6-[[(3-nonyl-1H-benzimidazol-3-ium-2-yl)amino]methyl]phenolate",CCCCCCCCC[N+]1=C(NC2=CC=CC=C21)NCC3=C(C(=CC(=C3)Br)Br)[O-],C23H29Br2N3O,2,2,11,6.416700000000006,521.067736748,29,54.75999999999999,0.5295836376917459,2,Media,0.614,0.2328767123287671,0.7548338850038573,0.6243445918350847,CN1C(NCC2=CC(Br)=CC=C2O)=NC2=C1C=CC=C2,0.5593,0.5757,1.135,1.123632
4024629,"2,4-dibromo-6-[[(3-hexadecyl-1H-benzimidazol-3-ium-2-yl)amino]methyl]phenolate",CCCCCCCCCCCCCCCC[N+]1=C(NC2=CC=CC=C21)NCC3=C(C(=CC(=C3)Br)Br)[O-],C30H43Br2N3O,2,2,18,9.1474,619.177287196,36,54.75999999999999,0.6574141709276845,2,Media,0.614,0.2328767123287671,0.6530305191676887,0.5479920674579584,CN1C(NCC2=CC(Br)=CC=C2O)=NC2=C1C=CC=C2,0.4042,0.5757,0.9799,0.9715593
102268668,[5-[6-(trifluoromethyl)-1H-benzimidazol-2-yl]-2-furyl]methanol,C1=CC2=C(C=C1C(F)(F)F)NC(=N2)C3=CC=C(O3)CO,C13H9F3N2O2,3,2,2,3.334000000000001,282.061612188,20,62.05,0.32232070910556,0,Media,0.6137999999999999,0.3166666666666666,0.9240172414276876,0.7721795977374324,CC1=CC2=C(NC(=N2)C2=CC=C(O2)N(=O)=O)C=C1,0.8091,0.6879,1.497,1.298395
58190895,"N-[6-[2-(1,3-benzothiazol-2-yl)acetyl]-1H-benzimidazol-2-yl]isoquinoline-3-carboxamide",C1=CC=C2C=NC(=CC2=C1)C(=O)NC3=NC4=C(N3)C=C(C=C4)C(=O)CC5=NC6=CC=CC=C6S5,C26H17N5O2S,6,2,5,5.398500000000003,463.1102957840001,34,100.63,0.3378714101162675,1,Media,0.612,0.3857142857142857,0.5122450272613848,0.48061234187461,CC1=CC2=C(NC(NC(=O)C3=NC=CC=C3)=N2)C=C1,0.5947,0.6427,1.2375,1.2336663
58724493,N-[4-(1H-imidazol-2-ylcarbamoyl)-6-(4-pyridyl)-1H-benzimidazol-2-yl]isoquinoline-3-carboxamide,C1=CC=C2C=NC(=CC2=C1)C(=O)NC3=NC4=C(C=C(C=C4N3)C5=CC=NC=C5)C(=O)NC6=NC=CN6,C26H18N8O2,6,4,5,4.400800000000001,474.1552718160001,36,141.34,0.2547049667468515,0,Media,0.612,0.3714285714285714,0.7822227776738633,0.6795242261125404,CC1=CC2=C(NC(NC(=O)C3=NC=CC=C3)=N2)C=C1,0.5687,0.5005,1.0692,0.94767344
9619084,N-[(E)-(3-methyl-2-thienyl)methyleneamino]-2-[1-(p-tolylmethyl)benzimidazol-2-yl]sulfanyl-acetamide,CC1=CC=C(C=C1)CN2C3=CC=CC=C3N=C2SCC(=O)NN=CC4=C(C=CS4)C,C23H22N4OS2,6,1,7,5.005340000000004,434.123503324,30,59.28,0.5060728744939271,1,Media,0.612,0.367816091954023,0.8783072544507295,0.750684463826553,COC(=O)C1=CC=C(NC(=O)CSC2=NC3=C(C=C(Cl)C=C3)N2CC2=CC(C)=CC(C)=C2)C(Cl)=C1,0.8067,0.6373,1.444,1.3140979
13004834,2-(5-chloro-2-furyl)-6-fluoro-1H-benzimidazole,C1=CC2=C(C=C1F)NC(=N2)C3=CC=C(O3)Cl,C11H6ClFN2O,2,1,1,3.615400000000001,236.015268712,16,41.82,0.3825920612147298,0,Media,0.612,0.3518518518518518,0.8601096860684583,0.7330452275143067,CC1=CC2=C(NC(=N2)C2=CC=C(O2)N(=O)=O)C=C1,0.8832,0.7769,1.6601,1.5845106
102432561,"hydroxy-[5-(10-oxa-3,5-diazatetracyclo[10.4.0.02,6.07,11]hexadeca-1(16),2(6),4,7(11),8,12,14-heptaen-4-yl)-2-furyl]-oxo-ammonium",C1=CC=C2C(=C1)C3=C(C4=C2OC=C4)N=C(N3)C5=CC=C(O5)[N+](=O)O,C17H10N3O4+,4,2,2,4.521900000000002,320.06658222009,24,95.27,0.2519156082712291,0,Media,0.612,0.3125,0.9649989073565016,0.8018741805173764,CC1=CC2=C(NC(=N2)C2=CC=C(O2)N(=O)=O)C=C1,0.7666,0.7236,1.4902,1.0999488
89585657,"N-(6-chloro-1H-benzimidazol-2-yl)-13,13-dimethyl-10-oxo-1,3,11-triazatricyclo[7.5.0.02,7]tetradeca-2(7),3,5,8-tetraene-4-carboxamide",CC1(CNC(=O)C2=CC3=C(N2C1)N=C(C=C3)C(=O)NC4=NC5=C(N4)C=C(C=C5)Cl)C,C21H19ClN6O2,5,3,2,3.587900000000001,422.1258015280001,30,104.7,0.2865329512893983,0,Media,0.612,0.2307692307692307,0.2970959580343056,0.2805142762180369,ClC1=CC2=C(NC(NC(=O)C3=NC=CC=C3)N2)C=C1,0.4482,0.2589,0.7071,0.896224
166454308,methyl 6-[[1-[5-(tert-butoxycarbonylamino)pentyl]-5-(hydroxymethyl)benzimidazol-2-yl]carbamoyl]pyridine-2-carboxylate,CC(C)(C)OC(=O)NCCCCCN1C2=C(C=C(C=C2)CO)N=C1NC(=O)C3=NC(=CC=C3)C(=O)OC,C26H33N5O6,9,3,10,3.657500000000002,511.243083776,37,144.67,0.2557544757033248,1,Media,0.612,0.2093023255813953,0.5251241407836867,0.4461686869831138,CC1=CC2=C(NC(NC(=O)C3=NC=CC=C3)=N2)C=C1,0.3985,0.4342,0.8327,0.7147149
13004828,2-(5-ethyl-2-furyl)-6-methyl-1H-benzimidazole,CCC1=CC=C(O1)C2=NC3=C(N2)C=C(C=C3)C,C14H14N2O,2,1,2,3.693720000000002,226.110613068,17,41.82,0.4065040650406504,0,Media,0.61,0.4705882352941176,0.8667600574217513,0.767717101889843,CC1=CC2=C(NC(=N2)C2=CC=C(O2)N(=O)=O)C=C1,0.7831,0.6994,1.4825,1.4781675
46347525,N-(p-tolyl)-2-[1-(3-pyridylmethyl)benzimidazol-2-yl]sulfanyl-acetamide,CC1=CC=C(C=C1)NC(=O)CSC2=NC3=CC=CC=C3N2CC4=CN=CC=C4,C22H20N4OS,5,1,6,4.518820000000003,388.13578226,28,59.81,0.4681491389399765,0,Media,0.61,0.4125,0.6228997832859539,0.5702998374644654,COC(=O)C1=CC=C(NC(=O)CSC2=NC3=C(C=C(Cl)C=C3)N2CC2=CC(C)=CC(C)=C2)C(Cl)=C1,0.8296,0.8002,1.6299,1.2953591
16488528,1-allyl-N-[(2-fluorophenyl)methyl]benzimidazol-2-amine,C=CCN1C2=CC=CC=C2N=C1NCC3=CC=CC=C3F,C17H16FN3,3,1,5,3.973500000000003,281.132825732,21,29.85,0.7035175879396984,0,Media,0.61,0.3793103448275862,0.9363177918859508,0.7970659301213596,CN1C(NCC2=CC(Br)=CC=C2O)=NC2=C1C=CC=C2,0.8981,0.6008,1.4989,1.5058817
13004833,2-(5-ethyl-2-furyl)-6-fluoro-1H-benzimidazole,CCC1=CC=C(O1)C2=NC3=C(N2)C=C(C=C3)F,C13H11FN2O,2,1,2,3.524400000000002,230.085541192,17,41.82,0.4065040650406504,0,Media,0.61,0.3571428571428571,0.8758187417020175,0.7461497705622274,CC1=CC2=C(NC(=N2)C2=CC=C(O2)N(=O)=O)C=C1,0.8213,0.6995,1.5207,1.4586716
58190737,N-[6-(2-oxo-3-phenyl-propyl)-4-[2-(3H-pyrrol-2-yl)acetyl]-1H-benzimidazol-2-yl]isoquinoline-3-carboxamide,C1C=CN=C1CC(=O)C2=C3C(=CC(=C2)CC(=O)CC4=CC=CC=C4)NC(=N3)NC(=O)C5=CC6=CC=CC=C6C=N5,C32H25N5O3,6,2,9,5.648900000000004,527.1957396600001,40,117.17,0.3413843133907996,2,Media,0.61,0.3164556962025316,0.4060408636321881,0.3836445717747739,CC1=CC2=C(NC(NC(=O)C3=NC=CC=C3)=N2)C=C1,0.4847,0.6006,1.0854,1.0593569
1418239,"N-[(3,4-dichlorophenyl)methyl]-1H-benzimidazol-2-amine",C1=CC=C2C(=C1)NC(=N2)NCC3=CC(=C(C=C3)Cl)Cl,C14H11Cl2N3,2,2,3,4.481800000000002,291.033002712,19,40.71,0.4667157946450503,0,Media,0.61,0.2258064516129032,0.8998540362306643,0.731342140076224,CN1C(NCC2=CC(Br)=CC=C2O)=NC2=C1C=CC=C2,0.9174,0.6008,1.5182,1.4139317
137638071,2-[6-(trifluoromethyl)-1H-benzimidazol-2-yl]quinoline,C1=CC=C2C(=C1)C=CC(=N2)C3=NC4=C(N3)C=C(C=C4)C(F)(F)F,C17H10F3N3,2,1,1,4.796900000000002,313.08268198,23,41.57,0.5532836179937455,0,Media,0.6081333333333334,0.2063492063492063,0.8135274682203315,0.6617329027525503,CC1=CC2=C(NC(=N2)C2=CC=C(O2)N(=O)=O)C=C1,0.781,0.6882,1.4692,1.3945608
1090102,1-methyl-N-(p-tolylmethyl)benzimidazol-2-amine,CC1=CC=C(C=C1)CNC2=NC3=CC=CC=C3N2C,C16H17N3,3,1,3,3.493820000000001,251.142247544,19,29.85,0.6365159128978224,0,Media,0.608,0.5208333333333334,0.9700912574920132,0.8577767764523432,CN1C(NCC2=CC(Br)=CC=C2O)=NC2=C1C=CC=C2,0.9241,0.6673,1.5914,1.6206262
13004827,6-methyl-2-(5-methyl-2-furyl)-1H-benzimidazole,CC1=CC2=C(C=C1)N=C(N2)C3=CC=C(O3)C,C13H12N2O,2,1,1,3.439740000000002,212.094963004,16,41.82,0.3825920612147298,0,Media,0.608,0.5106382978723404,0.8647121799292036,0.7761937094149878,CC1=CC2=C(NC(=N2)C2=CC=C(O2)N(=O)=O)C=C1,0.8536,0.7768,1.6304,1.5931318
3159770,1-propyl-N-(4-pyridylmethyl)benzimidazol-2-amine,CCCN1C2=CC=CC=C2N=C1NCC3=CC=NC=C3,C16H18N4,4,1,5,3.453400000000002,266.153146576,20,42.74,0.4679457182966776,0,Media,0.608,0.4,0.9465450961071564,0.8099088220803673,CN1C(NCC2=CC(Br)=CC=C2O)=NC2=C1C=CC=C2,0.8409,0.5463,1.3871,1.3798342
7342826,1-allyl-N-[(2-chlorophenyl)methyl]benzimidazol-2-amine,C=CCN1C2=CC=CC=C2N=C1NCC3=CC=CC=C3Cl,C17H16ClN3,3,1,5,4.487800000000003,297.103275192,21,29.85,0.7035175879396984,0,Media,0.608,0.3793103448275862,0.9263235887337736,0.7895702777572267,CN1C(NCC2=CC(Br)=CC=C2O)=NC2=C1C=CC=C2,0.8984,0.6008,1.4992,1.4736696
977629,N-[(4-ethoxyphenyl)methyl]-1-ethyl-benzimidazol-2-amine,CCN1C2=CC=CC=C2N=C1NCC3=CC=C(C=C3)OCC,C18H21N3O,4,1,6,4.067000000000003,295.168462292,22,39.08,0.5629477993858751,0,Media,0.608,0.3620689655172414,0.9322117122276248,0.7896760255500289,CN1C(NCC2=CC(Br)=CC=C2O)=NC2=C1C=CC=C2,0.7814,0.6007,1.3821,1.3899325
13004841,6-bromo-2-(5-ethyl-2-furyl)-1H-benzimidazole,CCC1=CC=C(O1)C2=NC3=C(N2)C=C(C=C3)Br,C13H11BrN2O,2,1,2,4.147800000000001,290.005475072,17,41.82,0.4065040650406504,0,Media,0.608,0.3571428571428571,0.8442524899096184,0.7224750817179281,CC1=CC2=C(NC(=N2)C2=CC=C(O2)N(=O)=O)C=C1,0.816,0.6361,1.452,1.4547359
37750224,5-bromo-N-(1-ethylbenzimidazol-2-yl)thiophene-3-carboxamide,CCN1C2=CC=CC=C2N=C1NC(=O)C3=CSC(=C3)Br,C14H12BrN3OS,4,1,3,4.132500000000002,348.988445104,20,46.92,0.4262574595055413,0,Media,0.608,0.3492063492063492,0.9581867501707664,0.8059416499296621,CN1C(NCC2=CC(Br)=CC=C2O)=NC2=C1C=CC=C2,0.6505,0.4171,1.0676,1.2472726
1386285,"2,4-dibromo-6-[[(3-methyl-1H-benzimidazol-3-ium-2-yl)amino]methyl]phenolate",C[N+]1=C(NC2=CC=CC=C21)NCC3=C(C(=CC(=C3)Br)Br)[O-],C15H13Br2N3O,2,2,3,3.203100000000002,408.942536236,21,54.75999999999999,0.383491599707816,0,Media,0.608,0.2615384615384615,0.8823738823443952,0.7271650271429118,CN1C(NCC2=CC(Br)=CC=C2O)=NC2=C1C=CC=C2,0.9616,0.6276,1.5892,1.3896749
4181358,"N-(1H-benzimidazol-2-yl)-3,5-dibromo-2-hydroxy-benzamide",C1=CC=C2C(=C1)NC(=N2)NC(=O)C3=C(C(=CC(=C3)Br)Br)O,C14H9Br2N3O2,3,3,2,4.045800000000001,408.906150728,21,78.01,0.2691962568901422,0,Media,0.608,0.2461538461538461,0.9296882764008148,0.7588046688390726,CN1C(NCC2=CC(Br)=CC=C2O)=NC2=C1C=CC=C2,0.4936,0.4688,0.9623,1.0322859
44376735,6-(1H-benzimidazol-2-yl)pyridine-2-carboxamide,C1=CC=C2C(=C1)NC(=N2)C3=NC(=CC=C3)C(=O)N,C13H10N4O,3,2,2,1.7238,238.08546094,18,84.66,0.2126151665485471,0,Media,0.608,0.2372881355932203,0.8733596172704372,0.7143417468511329,CC1=CC2=C(NC(=N2)C2=CC=C(O2)N(=O)=O)C=C1,0.85,0.7233,1.5733,1.4891684
168275571,"4-carbamothioyl-N-(1,5-dimethylbenzimidazol-2-yl)pyridine-2-carboxamide",CC1=CC2=C(C=C1)N(C(=N2)NC(=O)C3=NC=CC(=C3)C(=S)N)C,C16H15N5OS,5,2,3,2.16322,325.0997311,23,85.83,0.2679715717115228,0,Media,0.606,0.3809523809523809,0.7629693731535977,0.6674651251032935,CC1=CC2=C(NC(NC(=O)C3=NC=CC=C3)=N2)C=C1,0.7455,0.6303,1.3757,1.4679525
872071,N-(1-ethylbenzimidazol-2-yl)benzamide,CCN1C2=CC=CC=C2N=C1NC(=O)C3=CC=CC=C3,C16H15N3O,3,1,3,3.308500000000001,265.1215121,20,46.92,0.4262574595055413,0,Media,0.606,0.3333333333333333,0.9732349133236275,0.813259518326054,CN1C(NCC2=CC(Br)=CC=C2O)=NC2=C1C=CC=C2,0.6034,0.455,1.0584,1.2451769
43168729,2-(3-methyl-2-furyl)-1H-benzimidazole,CC1=C(OC=C1)C2=NC3=CC=CC=C3N2,C12H10N2O,2,1,1,3.131320000000001,198.07931294,15,41.82,0.3586800573888092,0,Media,0.606,0.2962962962962963,0.8708313074723943,0.7271975546783699,CC1=CC2=C(NC(=N2)C2=CC=C(O2)N(=O)=O)C=C1,0.8187,0.7768,1.5956,1.6077652
159168432,"5-[2-[4-hydroxy-3-(5-methyl-1H-benzimidazol-2-yl)phenyl]-1,3-dioxo-isoindolin-5-yl]-2-methyl-isoindoline-1,3-dione",CC1=CC2=C(C=C1)NC(=N2)C3=C(C=CC(=C3)N4C(=O)C5=C(C4=O)C=C(C=C5)C6=CC7=C(C=C6)C(=O)N(C7=O)C)O,C31H20N4O5,6,2,3,4.937320000000006,528.1433697399999,40,123.67,0.323441416673405,1,Media,0.606,0.24,0.780751089695797,0.6455633172718478,O=C(NC1=CC(=CC=C1)C1=NC2=C(N1)C=CC=C2)C1=CC=C(C=C1)C1=CC=CC=C1,0.7591,0.3939,1.153,1.0658146
62524743,N-[(5-methyl-2-furyl)methyl]-1H-benzimidazol-2-amine,CC1=CC=C(O1)CNC2=NC3=CC=CC=C3N2,C13H13N3O,3,2,3,3.076420000000001,227.105862036,17,53.85,0.3156917363045496,0,Media,0.606,0.2258064516129032,0.9471028059948294,0.7667787173993479,CN1C(NCC2=CC(Br)=CC=C2O)=NC2=C1C=CC=C2,0.8439,0.5605,1.4044,1.3585654
44376999,6-chloro-2-(6-ethyl-2-pyridyl)-1H-benzimidazole,CCC1=NC(=CC=C1)C2=NC3=C(N2)C=C(C=C3)Cl,C14H12ClN3,2,1,2,3.840700000000002,257.071975064,18,41.57,0.4330045706038008,0,Media,0.606,0.2258064516129032,0.8625214204322911,0.7033426782274441,CC1=CC2=C(NC(=N2)C2=CC=C(O2)N(=O)=O)C=C1,0.7848,0.6881,1.4729,1.4014196
145975978,"2-(2-bromo-4,5-dimethoxy-phenyl)-6-chloro-1H-benzimidazole",COC1=C(C=C(C(=C1)C2=NC3=C(N2)C=C(C=C3)Cl)Br)OC,C15H12BrClN2O2,3,1,3,4.663000000000002,365.977067404,21,47.14,0.4454815443360204,0,Media,0.606,0.2222222222222222,0.8618214450258705,0.7019216393249585,CC1=CC2=C(NC(=N2)C2=CC=C(O2)N(=O)=O)C=C1,0.6946,0.6824,1.377,1.3255826
43057409,4-chloro-N-[1-(2-furylmethyl)-5-(trifluoromethyl)benzimidazol-2-yl]pyridine-2-carboxamide,C1=COC(=C1)CN2C3=C(C=C(C=C3)C(F)(F)F)N=C2NC(=O)C4=NC=CC(=C4)Cl,C19H12ClF3N4O2,5,1,4,4.997100000000002,420.060087964,29,72.95,0.3975325565455792,0,Media,0.6048,0.2435897435897435,0.2357771772184304,0.2377303188112587,CC1=CC2=C(NC(NC(=O)C3=NC=CC=C3)=N2)C=C1,0.6748,0.5781,1.2529,1.123028
1086655,N-[[4-(dimethylamino)phenyl]methyl]-1-methyl-benzimidazol-2-amine,CN1C2=CC=CC=C2N=C1NCC3=CC=C(C=C3)N(C)C,C17H20N4,4,1,4,3.251400000000001,280.16879664,21,33.09,0.6346328195829555,0,Media,0.604,0.4901960784313725,0.9432751085736244,0.8300053510380615,CN1C(NCC2=CC(Br)=CC=C2O)=NC2=C1C=CC=C2,0.8053,0.6674,1.4726,1.5748125
16482036,1-allyl-N-[(3-bromophenyl)methyl]benzimidazol-2-amine,C=CCN1C2=CC=CC=C2N=C1NCC3=CC(=CC=C3)Br,C17H16BrN3,3,1,5,4.596900000000002,341.052759612,21,29.85,0.7035175879396984,0,Media,0.604,0.4310344827586206,0.918107120711968,0.7963389612236311,CN1C(NCC2=CC(Br)=CC=C2O)=NC2=C1C=CC=C2,0.8993,0.7005,1.5998,1.4893296
936066,"N-[(2,4-dimethoxyphenyl)methyl]-1-ethyl-benzimidazol-2-amine",CCN1C2=CC=CC=C2N=C1NCC3=C(C=C(C=C3)OC)OC,C18H21N3O2,5,1,6,3.685500000000002,311.163376912,23,48.31,0.4760919064375905,0,Media,0.604,0.4,0.922893423356904,0.792170067517678,CN1C(NCC2=CC(Br)=CC=C2O)=NC2=C1C=CC=C2,0.8192,0.7005,1.5197,1.3905284
20242515,2-[(1H-benzimidazol-2-ylamino)methyl]-4-methoxy-phenol,COC1=CC(=C(C=C1)O)CNC2=NC3=CC=CC=C3N2,C15H15N3O2,4,3,4,2.8892,269.11642672,20,70.17,0.2850220892119139,0,Media,0.604,0.3898305084745763,0.9619938070953008,0.8189529824401197,CN1C(NCC2=CC(Br)=CC=C2O)=NC2=C1C=CC=C2,0.8539,0.7276,1.5815,1.530913
2976105,1-ethyl-N-(4-pyridylmethyl)benzimidazol-2-amine,CCN1C2=CC=CC=C2N=C1NCC3=CC=NC=C3,C15H16N4,4,1,4,3.063300000000001,252.137496512,19,42.74,0.4445484323818436,0,Media,0.604,0.3888888888888889,0.9477084759977006,0.8080035792204977,CN1C(NCC2=CC(Br)=CC=C2O)=NC2=C1C=CC=C2,0.9153,0.6007,1.516,1.3680508
1090104,1-ethyl-N-[(3-methoxyphenyl)methyl]benzimidazol-2-amine,CCN1C2=CC=CC=C2N=C1NCC3=CC(=CC=C3)OC,C17H19N3O,4,1,5,3.676900000000002,281.152812228,21,39.08,0.5373592630501536,0,Media,0.604,0.3666666666666666,0.9449197991740252,0.8003565160471855,CN1C(NCC2=CC(Br)=CC=C2O)=NC2=C1C=CC=C2,0.8572,0.6005,1.4577,1.3919878
4272333,1-allyl-N-(2-thienylmethyl)benzimidazol-2-amine,C=CCN1C2=CC=CC=C2N=C1NCC3=CC=CS3,C15H15N3S,4,1,5,3.895900000000003,269.09866848,19,29.85,0.6365159128978224,0,Media,0.604,0.3278688524590163,0.9282909630032744,0.77818543536721,CN1C(NCC2=CC(Br)=CC=C2O)=NC2=C1C=CC=C2,0.7837,0.5993,1.383,1.4592278
787414,4-chloro-2-[[(1-methylbenzimidazol-2-yl)amino]methyl]phenol,CN1C2=CC=CC=C2N=C1NCC3=C(C=CC(=C3)Cl)O,C15H14ClN3O,4,2,3,3.544400000000002,287.0825397479999,20,50.08,0.3993610223642173,0,Media,0.602,0.7391304347826086,0.995698292260534,0.9315563278910528,CN1C(NCC2=CC(Br)=CC=C2O)=NC2=C1C=CC=C2,1.0,0.8891,1.8891,1.8985351
83317559,2-[(1H-benzimidazol-2-ylamino)methyl]-4-fluoro-phenol,C1=CC=C2C(=C1)NC(=N2)NCC3=C(C=CC(=C3)F)O,C14H12FN3O,3,3,3,3.019700000000001,257.096440224,19,60.94,0.3117820807351493,0,Media,0.602,0.3859649122807017,0.9236160888532164,0.7892032947100877,CN1C(NCC2=CC(Br)=CC=C2O)=NC2=C1C=CC=C2,0.9323,0.8002,1.7324,1.6758248
969846,N-[(4-ethoxyphenyl)methyl]-1-propyl-benzimidazol-2-amine,CCCN1C2=CC=CC=C2N=C1NCC3=CC=C(C=C3)OCC,C19H23N3O,4,1,7,4.457100000000003,309.184112356,23,39.08,0.5885363357215968,0,Media,0.602,0.3728813559322034,0.914949678310016,0.7794325977155628,CN1C(NCC2=CC(Br)=CC=C2O)=NC2=C1C=CC=C2,0.733,0.5462,1.2792,1.3782325
13004835,2-(5-bromo-2-furyl)-6-fluoro-1H-benzimidazole,C1=CC2=C(C=C1F)NC(=N2)C3=CC=C(O3)Br,C11H6BrFN2O,2,1,1,3.724500000000001,279.964753132,16,41.82,0.3825920612147298,0,Media,0.602,0.3518518518518518,0.8496804113938969,0.7252232715083857,CC1=CC2=C(NC(=N2)C2=CC=C(O2)N(=O)=O)C=C1,0.8827,0.6995,1.5822,1.5873231
13004855,6-chloro-2-(5-methyl-2-thienyl)-1H-benzimidazole,CC1=CC=C(S1)C2=NC3=C(N2)C=C(C=C3)Cl,C12H9ClN2S,2,1,1,4.253220000000002,248.017496968,16,28.68,0.5578800557880056,0,Media,0.602,0.2631578947368421,0.7865035371239741,0.6556671265271911,CC1=CC2=C(NC(=N2)C2=CC=C(O2)N(=O)=O)C=C1,0.8703,0.664,1.5344,1.4558605
4983998,2-(2-pyridyl)-3H-benzimidazol-5-ol,C1=CC=NC(=C1)C2=NC3=C(N2)C=C(C=C3)O,C12H9N3O,3,2,1,2.3305,211.074561908,16,61.8,0.2588996763754045,0,Media,0.602,0.2203389830508474,0.8837279782461565,0.7178807294473292,CC1=CC2=C(NC(=N2)C2=CC=C(O2)N(=O)=O)C=C1,0.8708,0.626,1.4968,1.4422041
102883692,6-chloro-2-(2-fluoro-4-methoxy-phenyl)-1H-benzimidazole,COC1=CC(=C(C=C1)C2=NC3=C(N2)C=C(C=C3)Cl)F,C14H10ClFN2O,2,1,2,4.031000000000001,276.04656884,19,37.91,0.5011870218939595,0,Media,0.602,0.21875,0.8422348374738307,0.686363628105373,CC1=CC2=C(NC(=N2)C2=CC=C(O2)N(=O)=O)C=C1,0.742,0.6475,1.3895,1.3956012
136683336,3-(1H-benzimidazol-2-ylazo)-4-hydroxy-benzaldehyde,C1=CC=C2C(=C1)NC(=N2)N=NC3=C(C=CC(=C3)C=O)O,C14H10N4O2,5,2,3,3.496400000000002,266.08037556,20,90.7,0.2205071664829107,0,Media,0.602,0.2153846153846154,0.9464886973044904,0.7637126768245217,CN1C(NCC2=CC(Br)=CC=C2O)=NC2=C1C=CC=C2,0.4917,0.4056,0.8973,1.2569218
923826,N-(2-furylmethyl)-1H-benzimidazol-2-amine,C1=CC=C2C(=C1)NC(=N2)NCC3=CC=CO3,C12H11N3O,3,2,3,2.768000000000001,213.090211972,16,53.85,0.2971216341689879,0,Media,0.602,0.2131147540983606,0.9285845607627656,0.7497171090966644,CN1C(NCC2=CC(Br)=CC=C2O)=NC2=C1C=CC=C2,0.7847,0.545,1.3297,1.4011035
645176,"N-[(2,5-dimethoxyphenyl)methyl]-1-ethyl-benzimidazol-2-amine",CCN1C2=CC=CC=C2N=C1NCC3=C(C=CC(=C3)OC)OC,C18H21N3O2,5,1,6,3.685500000000002,311.163376912,23,48.31,0.4760919064375905,0,Media,0.6,0.4,0.922893423356904,0.792170067517678,CN1C(NCC2=CC(Br)=CC=C2O)=NC2=C1C=CC=C2,0.8278,0.7005,1.5283,1.3905284
58190884,N-[6-methyl-4-[2-(3H-pyrrol-2-yl)acetyl]-1H-benzimidazol-2-yl]isoquinoline-3-carboxamide,CC1=CC(=C2C(=C1)NC(=N2)NC(=O)C3=CC4=CC=CC=C4C=N3)C(=O)CC5=NC=CC5,C24H19N5O2,5,2,5,4.603020000000003,409.153874848,31,100.1,0.3096903096903096,0,Media,0.6,0.3888888888888889,0.5825464291830456,0.5341320441095064,CC1=CC2=C(NC(NC(=O)C3=NC=CC=C3)=N2)C=C1,0.6232,0.6928,1.316,1.1972561
136026200,ethyl 2-(1H-benzimidazol-2-yl)thiazole-4-carboxylate,CCOC(=O)C1=CSC(=N1)C2=NC3=CC=CC=C3N2,C13H11N3O2S,5,1,3,2.863100000000001,273.057197592,19,67.87,0.2799469574185944,0,Media,0.6,0.2461538461538461,0.968027548247616,0.7875591227241735,CC1=CC2=C(NC(=N2)C2=CC=C(O2)N(=O)=O)C=C1,0.7155,0.8857,1.6011,1.379468
86819429,2-(6-methoxy-2-pyridyl)-3H-benzimidazole-5-carbonitrile,COC1=CC=CC(=N1)C2=NC3=C(N2)C=C(C=C3)C#N,C14H10N4O,4,1,2,2.50518,250.08546094,19,74.59,0.2547258345622737,0,Media,0.6,0.234375,0.9889931202965182,0.8003385902223886,CC1=CC2=C(NC(=N2)C2=CC=C(O2)N(=O)=O)C=C1,0.8405,0.7572,1.5977,1.4411861
20807156,"4,5,6,7-tetrafluoro-2-(2-pyridyl)-1H-benzimidazole",C1=CC=NC(=C1)C2=NC3=C(N2)C(=C(C(=C3F)F)F)F,C12H5F4N3,2,1,1,3.1813,267.04196004,19,41.57,0.4570603800817897,0,Media,0.6,0.1290322580645161,0.8743713476947433,0.6880365752871865,CC1=CC2=C(NC(=N2)C2=CC=C(O2)N(=O)=O)C=C1,0.8777,0.7636,1.6413,1.5093945
22332112,N-[(4-ethylphenyl)methyl]-1-methyl-benzimidazol-2-amine,CCC1=CC=C(C=C1)CNC2=NC3=CC=CC=C3N2C,C17H19N3,3,1,4,3.747800000000002,265.157897608,20,29.85,0.6700167504187604,0,Media,0.598,0.5208333333333334,0.9573431428586836,0.8482156904773461,CN1C(NCC2=CC(Br)=CC=C2O)=NC2=C1C=CC=C2,0.8502,0.6008,1.451,1.560915
16488542,1-allyl-N-[(3-methyl-2-thienyl)methyl]benzimidazol-2-amine,CC1=C(SC=C1)CNC2=NC3=CC=CC=C3N2CC=C,C16H17N3S,4,1,5,4.204320000000003,283.114318544,20,29.85,0.6700167504187604,0,Media,0.598,0.3333333333333333,0.9290052858312412,0.7800872977067643,CN1C(NCC2=CC(Br)=CC=C2O)=NC2=C1C=CC=C2,0.8707,0.5985,1.4692,1.4619068
948072,"2-[(1H-benzimidazol-2-ylamino)methyl]-4,6-dichloro-phenol",C1=CC=C2C(=C1)NC(=N2)NCC3=C(C(=CC(=C3)Cl)Cl)O,C14H11Cl2N3O,3,3,3,4.187400000000001,307.027917332,20,60.94,0.3281916639317361,0,Media,0.598,0.2903225806451613,0.9412213729854988,0.7784966749004144,CN1C(NCC2=CC(Br)=CC=C2O)=NC2=C1C=CC=C2,0.9305,0.8001,1.7306,1.4438779
11601120,4-(6-chloro-1H-benzimidazol-2-yl)thiazole,C1=CC2=C(C=C1Cl)NC(=N2)C3=CSC=N3,C10H6ClN3S,3,1,1,3.3398,234.997095872,15,41.57,0.360837142169834,0,Media,0.598,0.2166666666666666,0.906726180798264,0.7342113022653647,CC1=CC2=C(NC(=N2)C2=CC=C(O2)N(=O)=O)C=C1,0.8601,0.7748,1.6349,1.5315237
160296470,"2-tert-butyl-7-(1,3-dimethylbenzimidazol-3-ium-2-yl)-6-methyl-1,3-benzoxazole;2-cyclohexyl-7-(1,3-dimethylbenzimidazol-3-ium-2-yl)-6-methyl-1,3-benzoxazole;2-cyclopentyl-7-(1,3-dimethylbenzimidazol-3-ium-2-yl)-6-methyl-1,3-benzoxazole;7-(1,3-dimethylbenzimidazol-3-ium-2-yl)-2,6-dimethyl-1,3-benzoxazole;7-(1,3-dimethylbenzimidazol-3-ium-2-yl)-2-(2,6-dimethylphenyl)-6-methyl-1,3-benzoxazole;7-(1,3-dimethylbenzimidazol-3-ium-2-yl)-2-(2,6-dimethyl-4-phenyl-phenyl)-6-methyl-1,3-benzoxazole;7-(1,3-dimethylbenzimidazol-3-ium-2-yl)-2-isobutyl-6-methyl-1,3-benzoxazole;7-(1,3-dimethylbenzimidazol-3-ium-2-yl)-2-isopropyl-6-methyl-1,3-benzoxazole;7-(1,3-dimethylbenzimidazol-3-ium-2-yl)-6-methyl-2-phenyl-1,3-benzoxazole",CC1=C(C(=CC=C1)C)C2=NC3=C(O2)C(=C(C=C3)C)C4=[N+](C5=CC=CC=C5N4C)C.CC1=C(C2=C(C=C1)N=C(O2)C)C3=[N+](C4=CC=CC=C4N3C)C.CC1=C(C2=C(C=C1)N=C(O2)CC(C)C)C3=[N+](C4=CC=CC=C4N3C)C.CC1=C(C2=C(C=C1)N=C(O2)C3CCCCC3)C4=[N+](C5=CC=CC=C5N4C)C.CC1=C(C2=C(C=C1)N=C(O2)C3CCCC3)C4=[N+](C5=CC=CC=C5N4C)C.CC1=C(C2=C(C=C1)N=C(O2)C3=CC=CC=C3)C4=[N+](C5=CC=CC=C5N4C)C.CC1=C(C2=C(C=C1)N=C(O2)C3=C(C=C(C=C3C)C4=CC=CC=C4)C)C5=[N+](C6=CC=CC=C6N5C)C.CC1=C(C2=C(C=C1)N=C(O2)C(C)C)C3=[N+](C4=CC=CC=C4N3C)C.CC1=C(C2=C(C=C1)N=C(O2)C(C)(C)C)C3=[N+](C4=CC=CC=C4N3C)C,C204H210N27O9+9,27,0,18,43.60957999999991,3181.675549080811,240,313.5599999999999,0.7654037504783776,3,Media,0.598,0.1219512195121951,0.3498120467126807,0.2928468399125593,O=C(NC1=CC(=CC=C1)C1=NC2=C(N1)C=CC=C2)C1=CC=C(C=C1)C1=CC=CC=C1,0.4871,0.2114,0.6985,0.6391804
16488526,1-methyl-N-[[4-(trifluoromethyl)phenyl]methyl]benzimidazol-2-amine,CN1C2=CC=CC=C2N=C1NCC3=CC=C(C=C3)C(F)(F)F,C16H14F3N3,3,1,3,4.204200000000002,305.113982108,22,29.85,0.7370184254606365,0,Media,0.5971333333333334,0.4807692307692308,0.9392709612622336,0.8246455286389829,CN1C(NCC2=CC(Br)=CC=C2O)=NC2=C1C=CC=C2,0.9313,0.6674,1.5987,1.5970024
154712326,N-[dideuterio(phenyl)methyl]-1-methyl-benzimidazol-2-amine,CN1C2=CC=CC=C2N=C1NCC3=CC=CC=C3,C15H15N3,3,1,3,3.185400000000001,237.12659748,18,29.85,0.6030150753768844,0,Media,0.596,0.5555555555555556,0.9672855417290448,0.8643530451856725,CN1C(NCC2=CC(Br)=CC=C2O)=NC2=C1C=CC=C2,0.9545,0.6673,1.6218,1.6617672
923802,N-benzyl-1-methyl-benzimidazol-2-amine,CN1C2=CC=CC=C2N=C1NCC3=CC=CC=C3,C15H15N3,3,1,3,3.185400000000001,237.12659748,18,29.85,0.6030150753768844,0,Media,0.596,0.5555555555555556,0.9672855417290448,0.8643530451856725,CN1C(NCC2=CC(Br)=CC=C2O)=NC2=C1C=CC=C2,0.9545,0.6673,1.6218,1.6617672
13004830,2-(5-bromo-2-furyl)-6-methyl-1H-benzimidazole,CC1=CC2=C(C=C1)N=C(N2)C3=CC=C(O3)Br,C12H9BrN2O,2,1,1,3.893820000000001,275.989825008,16,41.82,0.3825920612147298,0,Media,0.596,0.4897959183673469,0.8442459860026787,0.7556334690938459,CC1=CC2=C(NC(=N2)C2=CC=C(O2)N(=O)=O)C=C1,0.8329,0.6994,1.5323,1.5387675
20347802,2-(3-methyl-2-pyridyl)-1H-benzimidazole,CC1=C(N=CC=C1)C2=NC3=CC=CC=C3N2,C13H11N3,2,1,1,2.933320000000001,209.095297352,16,41.57,0.3848929516478229,0,Media,0.596,0.2727272727272727,0.8907303842439573,0.7362296063647862,CC1=CC2=C(NC(=N2)C2=CC=C(O2)N(=O)=O)C=C1,0.753,0.7321,1.4851,1.5397121
161580577,"2-tert-butyl-7-(1-cyclohexyl-3-methyl-benzimidazol-3-ium-2-yl)-6-methyl-1,3-benzoxazole;2-cyclohexyl-7-(1-cyclohexyl-3-methyl-benzimidazol-3-ium-2-yl)-6-methyl-1,3-benzoxazole;7-(1-cyclohexyl-3-methyl-benzimidazol-3-ium-2-yl)-2-cyclopentyl-6-methyl-1,3-benzoxazole;7-(1-cyclohexyl-3-methyl-benzimidazol-3-ium-2-yl)-2,6-dimethyl-1,3-benzoxazole;7-(1-cyclohexyl-3-methyl-benzimidazol-3-ium-2-yl)-2-(2,6-dimethylphenyl)-6-methyl-1,3-benzoxazole;7-(1-cyclohexyl-3-methyl-benzimidazol-3-ium-2-yl)-2-(2,6-dimethyl-4-phenyl-phenyl)-6-methyl-1,3-benzoxazole;7-(1-cyclohexyl-3-methyl-benzimidazol-3-ium-2-yl)-2-isobutyl-6-methyl-1,3-benzoxazole;7-(1-cyclohexyl-3-methyl-benzimidazol-3-ium-2-yl)-2-isopropyl-6-methyl-1,3-benzoxazole;7-(1-cyclohexyl-3-methyl-benzimidazol-3-ium-2-yl)-6-methyl-2-phenyl-1,3-benzoxazole",CC1=C(C(=CC=C1)C)C2=NC3=C(O2)C(=C(C=C3)C)C4=[N+](C5=CC=CC=C5N4C6CCCCC6)C.CC1=C(C2=C(C=C1)N=C(O2)C)C3=[N+](C4=CC=CC=C4N3C5CCCCC5)C.CC1=C(C2=C(C=C1)N=C(O2)CC(C)C)C3=[N+](C4=CC=CC=C4N3C5CCCCC5)C.CC1=C(C2=C(C=C1)N=C(O2)C3CCCCC3)C4=[N+](C5=CC=CC=C5N4C6CCCCC6)C.CC1=C(C2=C(C=C1)N=C(O2)C3CCCC3)C4=[N+](C5=CC=CC=C5N4C6CCCCC6)C.CC1=C(C2=C(C=C1)N=C(O2)C3=CC=CC=C3)C4=[N+](C5=CC=CC=C5N4C6CCCCC6)C.CC1=C(C2=C(C=C1)N=C(O2)C3=C(C=C(C=C3C)C4=CC=CC=C4)C)C5=[N+](C6=CC=CC=C6N5C7CCCCC7)C.CC1=C(C2=C(C=C1)N=C(O2)C(C)C)C3=[N+](C4=CC=CC=C4N3C5CCCCC5)C.CC1=C(C2=C(C=C1)N=C(O2)C(C)(C)C)C3=[N+](C4=CC=CC=C4N3C5CCCCC5)C,C249H282N27O9+9,27,0,27,61.32337999999955,3794.238951384811,285,313.5599999999999,0.9089169536930736,3,Media,0.596,0.12,0.3730278775621144,0.3097709081715858,O=C(NC1=CC(=CC=C1)C1=NC2=C(N1)C=CC=C2)C1=CC=C(C=C1)C1=CC=CC=C1,0.4087,0.1977,0.6064,0.84234405
13004832,6-fluoro-2-(5-methyl-2-furyl)-1H-benzimidazole,CC1=CC=C(O1)C2=NC3=C(N2)C=C(C=C3)F,C12H9FN2O,2,1,1,3.270420000000001,216.069891128,16,41.82,0.3825920612147298,0,Media,0.594,0.4038461538461538,0.8752237247801407,0.7573793320466439,CC1=CC2=C(NC(=N2)C2=CC=C(O2)N(=O)=O)C=C1,0.9028,0.7769,1.6797,1.5459373
118740625,5-chloro-1-methyl-N-[(1-methylpyrazol-4-yl)methyl]benzimidazol-2-amine,CN1C=C(C=N1)CNC2=NC3=C(N2C)C=CC(=C3)Cl,C13H14ClN5,5,1,3,2.5723,275.093773128,19,47.67,0.3985735263268303,0,Media,0.594,0.3559322033898305,0.9195672725699422,0.7786585052749142,CN1C(NCC2=CC(Br)=CC=C2O)=NC2=C1C=CC=C2,0.9119,0.5968,1.5087,1.299047
61401980,N-[(2-bromophenyl)methyl]-1H-benzimidazol-2-amine,C1=CC=C(C(=C1)CNC2=NC3=CC=CC=C3N2)Br,C14H12BrN3,2,2,3,3.937500000000002,301.021459484,18,40.71,0.4421518054532056,0,Media,0.594,0.3035714285714285,0.9066677553633172,0.7558936736653451,CN1C(NCC2=CC(Br)=CC=C2O)=NC2=C1C=CC=C2,0.917,0.5464,1.4634,1.59741
4390121,4-bromo-2-[[(3-butyl-1H-benzimidazol-3-ium-2-yl)amino]methyl]phenolate,CCCC[N+]1=C(NC2=CC=CC=C21)NCC3=C(C=CC(=C3)Br)[O-],C18H20BrN3O,2,2,6,3.703700000000002,373.07897436,23,54.75999999999999,0.4200146092037984,0,Media,0.594,0.2794117647058823,0.8735266460314892,0.7249979257000875,CN1C(NCC2=CC(Br)=CC=C2O)=NC2=C1C=CC=C2,0.7811,0.6277,1.4088,1.4119564
160208409,"2-tert-butyl-7-[1-(2,6-diisopropylphenyl)-3-methyl-benzimidazol-3-ium-2-yl]-6-methyl-1,3-benzoxazole;2-cyclohexyl-7-[1-(2,6-diisopropylphenyl)-3-methyl-benzimidazol-3-ium-2-yl]-6-methyl-1,3-benzoxazole;2-cyclopentyl-7-[1-(2,6-diisopropylphenyl)-3-methyl-benzimidazol-3-ium-2-yl]-6-methyl-1,3-benzoxazole;7-[1-(2,6-diisopropylphenyl)-3-methyl-benzimidazol-3-ium-2-yl]-2,6-dimethyl-1,3-benzoxazole;7-[1-(2,6-diisopropylphenyl)-3-methyl-benzimidazol-3-ium-2-yl]-2-(2,6-dimethylphenyl)-6-methyl-1,3-benzoxazole;7-[1-(2,6-diisopropylphenyl)-3-methyl-benzimidazol-3-ium-2-yl]-2-(2,6-dimethyl-4-phenyl-phenyl)-6-methyl-1,3-benzoxazole;7-[1-(2,6-diisopropylphenyl)-3-methyl-benzimidazol-3-ium-2-yl]-2-isobutyl-6-methyl-1,3-benzoxazole;7-[1-(2,6-diisopropylphenyl)-3-methyl-benzimidazol-3-ium-2-yl]-2-isopropyl-6-methyl-1,3-benzoxazole;7-[1-(2,6-diisopropylphenyl)-3-methyl-benzimidazol-3-ium-2-yl]-6-methyl-2-phenyl-1,3-benzoxazole",CC1=C(C(=CC=C1)C)C2=NC3=C(O2)C(=C(C=C3)C)C4=[N+](C5=CC=CC=C5N4C6=C(C=CC=C6C(C)C)C(C)C)C.CC1=C(C2=C(C=C1)N=C(O2)C)C3=[N+](C4=CC=CC=C4N3C5=C(C=CC=C5C(C)C)C(C)C)C.CC1=C(C2=C(C=C1)N=C(O2)CC(C)C)C3=[N+](C4=CC=CC=C4N3C5=C(C=CC=C5C(C)C)C(C)C)C.CC1=C(C2=C(C=C1)N=C(O2)C3CCCCC3)C4=[N+](C5=CC=CC=C5N4C6=C(C=CC=C6C(C)C)C(C)C)C.CC1=C(C2=C(C=C1)N=C(O2)C3CCCC3)C4=[N+](C5=CC=CC=C5N4C6=C(C=CC=C6C(C)C)C(C)C)C.CC1=C(C2=C(C=C1)N=C(O2)C3=CC=CC=C3)C4=[N+](C5=CC=CC=C5N4C6=C(C=CC=C6C(C)C)C(C)C)C.CC1=C(C2=C(C=C1)N=C(O2)C3=C(C=C(C=C3C)C4=CC=CC=C4)C)C5=[N+](C6=CC=CC=C6N5C7=C(C=CC=C7C(C)C)C(C)C)C.CC1=C(C2=C(C=C1)N=C(O2)C(C)C)C3=[N+](C4=CC=CC=C4N3C5=C(C=CC=C5C(C)C)C(C)C)C.CC1=C(C2=C(C=C1)N=C(O2)C(C)(C)C)C3=[N+](C4=CC=CC=C4N3C5=C(C=CC=C5C(C)C)C(C)C)C,C303H336N27O9+9,27,0,45,76.90057999999999,4496.661503112813,339,313.5599999999999,1.081132797550708,3,Media,0.594,0.1181102362204724,0.3844497218715832,0.3178648504588056,O=C(NC1=CC(=CC=C1)C1=NC2=C(N1)C=CC=C2)C1=CC=C(C=C1)C1=CC=CC=C1,0.4041,0.1742,0.5783,1.3787291
161188714,"2-tert-butyl-7-[1-(2,6-diisopropyl-4-phenyl-phenyl)-3-methyl-benzimidazol-3-ium-2-yl]-6-methyl-1,3-benzoxazole;2-cyclohexyl-7-[1-(2,6-diisopropyl-4-phenyl-phenyl)-3-methyl-benzimidazol-3-ium-2-yl]-6-methyl-1,3-benzoxazole;2-cyclopentyl-7-[1-(2,6-diisopropyl-4-phenyl-phenyl)-3-methyl-benzimidazol-3-ium-2-yl]-6-methyl-1,3-benzoxazole;7-[1-(2,6-diisopropyl-4-phenyl-phenyl)-3-methyl-benzimidazol-3-ium-2-yl]-2,6-dimethyl-1,3-benzoxazole;7-[1-(2,6-diisopropyl-4-phenyl-phenyl)-3-methyl-benzimidazol-3-ium-2-yl]-2-(2,6-dimethylphenyl)-6-methyl-1,3-benzoxazole;7-[1-(2,6-diisopropyl-4-phenyl-phenyl)-3-methyl-benzimidazol-3-ium-2-yl]-2-(2,6-dimethyl-4-phenyl-phenyl)-6-methyl-1,3-benzoxazole;7-[1-(2,6-diisopropyl-4-phenyl-phenyl)-3-methyl-benzimidazol-3-ium-2-yl]-2-isobutyl-6-methyl-1,3-benzoxazole;7-[1-(2,6-diisopropyl-4-phenyl-phenyl)-3-methyl-benzimidazol-3-ium-2-yl]-2-isopropyl-6-methyl-1,3-benzoxazole;7-[1-(2,6-diisopropyl-4-phenyl-phenyl)-3-methyl-benzimidazol-3-ium-2-yl]-6-methyl-2-phenyl-1,3-benzoxazole",CC1=C(C(=CC=C1)C)C2=NC3=C(O2)C(=C(C=C3)C)C4=[N+](C5=CC=CC=C5N4C6=C(C=C(C=C6C(C)C)C7=CC=CC=C7)C(C)C)C.CC1=C(C2=C(C=C1)N=C(O2)C)C3=[N+](C4=CC=CC=C4N3C5=C(C=C(C=C5C(C)C)C6=CC=CC=C6)C(C)C)C.CC1=C(C2=C(C=C1)N=C(O2)CC(C)C)C3=[N+](C4=CC=CC=C4N3C5=C(C=C(C=C5C(C)C)C6=CC=CC=C6)C(C)C)C.CC1=C(C2=C(C=C1)N=C(O2)C3CCCCC3)C4=[N+](C5=CC=CC=C5N4C6=C(C=C(C=C6C(C)C)C7=CC=CC=C7)C(C)C)C.CC1=C(C2=C(C=C1)N=C(O2)C3CCCC3)C4=[N+](C5=CC=CC=C5N4C6=C(C=C(C=C6C(C)C)C7=CC=CC=C7)C(C)C)C.CC1=C(C2=C(C=C1)N=C(O2)C3=CC=CC=C3)C4=[N+](C5=CC=CC=C5N4C6=C(C=C(C=C6C(C)C)C7=CC=CC=C7)C(C)C)C.CC1=C(C2=C(C=C1)N=C(O2)C3=C(C=C(C=C3C)C4=CC=CC=C4)C)C5=[N+](C6=CC=CC=C6N5C7=C(C=C(C=C7C(C)C)C8=CC=CC=C8)C(C)C)C.CC1=C(C2=C(C=C1)N=C(O2)C(C)C)C3=[N+](C4=CC=CC=C4N3C5=C(C=C(C=C5C(C)C)C6=CC=CC=C6)C(C)C)C.CC1=C(C2=C(C=C1)N=C(O2)C(C)(C)C)C3=[N+](C4=CC=CC=C4N3C5=C(C=C(C=C5C(C)C)C6=CC=CC=C6)C(C)C)C,C357H372N27O9+9,27,0,54,91.90358000000064,5180.943204264813,393,313.5599999999999,1.253348641408344,3,Media,0.594,0.1171875,0.3863506332711042,0.3190598499533282,O=C(NC1=CC(=CC=C1)C1=NC2=C(N1)C=CC=C2)C1=CC=C(C=C1)C1=CC=CC=C1,0.4391,0.1658,0.6049,1.4171593
76314136,"N-(2-chloro-4-methyl-phenyl)-2-[1-[(3,5-dimethylphenyl)methyl]benzimidazol-2-yl]sulfanyl-acetamide",CC1=CC(=C(C=C1)NC(=O)CSC2=NC3=CC=CC=C3N2CC4=CC(=CC(=C4)C)C)Cl,C25H24ClN3OS,4,1,6,6.394060000000004,449.132861068,31,46.92,0.6606990622335891,1,Media,0.592,0.6617647058823529,0.8747499496890054,0.8215036387373423,COC(=O)C1=CC=C(NC(=O)CSC2=NC3=C(C=C(Cl)C=C3)N2CC2=CC(C)=CC(C)=C2)C(Cl)=C1,0.9283,0.8891,1.8175,1.6444452
157371209,"2-tert-butyl-6-methyl-7-[1-methyl-3-(4-phenylphenyl)benzimidazol-1-ium-2-yl]-1,3-benzoxazole;2-cyclohexyl-6-methyl-7-[1-methyl-3-(4-phenylphenyl)benzimidazol-1-ium-2-yl]-1,3-benzoxazole;2-cyclopentyl-6-methyl-7-[1-methyl-3-(4-phenylphenyl)benzimidazol-1-ium-2-yl]-1,3-benzoxazole;2,6-dimethyl-7-[1-methyl-3-(4-phenylphenyl)benzimidazol-1-ium-2-yl]-1,3-benzoxazole;2-(2,6-dimethylphenyl)-6-methyl-7-[1-methyl-3-(4-phenylphenyl)benzimidazol-1-ium-2-yl]-1,3-benzoxazole;2-(2,6-dimethyl-4-phenyl-phenyl)-6-methyl-7-[1-methyl-3-(4-phenylphenyl)benzimidazol-1-ium-2-yl]-1,3-benzoxazole;2-isobutyl-6-methyl-7-[1-methyl-3-(4-phenylphenyl)benzimidazol-1-ium-2-yl]-1,3-benzoxazole;2-isopropyl-6-methyl-7-[1-methyl-3-(4-phenylphenyl)benzimidazol-1-ium-2-yl]-1,3-benzoxazole;6-methyl-7-[1-methyl-3-(4-phenylphenyl)benzimidazol-1-ium-2-yl]-2-phenyl-1,3-benzoxazole",CC1=C(C(=CC=C1)C)C2=NC3=C(O2)C(=C(C=C3)C)C4=[N+](C5=CC=CC=C5N4C6=CC=C(C=C6)C7=CC=CC=C7)C.CC1=C(C2=C(C=C1)N=C(O2)C)C3=[N+](C4=CC=CC=C4N3C5=CC=C(C=C5)C6=CC=CC=C6)C.CC1=C(C2=C(C=C1)N=C(O2)CC(C)C)C3=[N+](C4=CC=CC=C4N3C5=CC=C(C=C5)C6=CC=CC=C6)C.CC1=C(C2=C(C=C1)N=C(O2)C3CCCCC3)C4=[N+](C5=CC=CC=C5N4C6=CC=C(C=C6)C7=CC=CC=C7)C.CC1=C(C2=C(C=C1)N=C(O2)C3CCCC3)C4=[N+](C5=CC=CC=C5N4C6=CC=C(C=C6)C7=CC=CC=C7)C.CC1=C(C2=C(C=C1)N=C(O2)C3=CC=CC=C3)C4=[N+](C5=CC=CC=C5N4C6=CC=C(C=C6)C7=CC=CC=C7)C.CC1=C(C2=C(C=C1)N=C(O2)C3=C(C=C(C=C3C)C4=CC=CC=C4)C)C5=[N+](C6=CC=CC=C6N5C7=CC=C(C=C7)C8=CC=CC=C8)C.CC1=C(C2=C(C=C1)N=C(O2)C(C)C)C3=[N+](C4=CC=CC=C4N3C5=CC=C(C=C5)C6=CC=CC=C6)C.CC1=C(C2=C(C=C1)N=C(O2)C(C)(C)C)C3=[N+](C4=CC=CC=C4N3C5=CC=C(C=C5)C6=CC=CC=C6)C,C303H264N27O9+9,27,0,36,71.68237999999977,4424.098100808813,339,313.5599999999999,1.081132797550708,3,Media,0.592,0.128,0.3768578973339621,0.3146434230004716,O=C(NC1=CC(=CC=C1)C1=NC2=C(N1)C=CC=C2)C1=CC=C(C=C1)C1=CC=CC=C1,0.3998,0.1865,0.5864,0.8798994
159866344,"2-tert-butyl-6-methyl-7-(1-methyl-3-phenyl-benzimidazol-1-ium-2-yl)-1,3-benzoxazole;2-cyclohexyl-6-methyl-7-(1-methyl-3-phenyl-benzimidazol-1-ium-2-yl)-1,3-benzoxazole;2-cyclopentyl-6-methyl-7-(1-methyl-3-phenyl-benzimidazol-1-ium-2-yl)-1,3-benzoxazole;2,6-dimethyl-7-(1-methyl-3-phenyl-benzimidazol-1-ium-2-yl)-1,3-benzoxazole;2-(2,6-dimethylphenyl)-6-methyl-7-(1-methyl-3-phenyl-benzimidazol-1-ium-2-yl)-1,3-benzoxazole;2-(2,6-dimethyl-4-phenyl-phenyl)-6-methyl-7-(1-methyl-3-phenyl-benzimidazol-1-ium-2-yl)-1,3-benzoxazole;2-isobutyl-6-methyl-7-(1-methyl-3-phenyl-benzimidazol-1-ium-2-yl)-1,3-benzoxazole;2-isopropyl-6-methyl-7-(1-methyl-3-phenyl-benzimidazol-1-ium-2-yl)-1,3-benzoxazole;6-methyl-7-(1-methyl-3-phenyl-benzimidazol-1-ium-2-yl)-2-phenyl-1,3-benzoxazole",CC1=C(C(=CC=C1)C)C2=NC3=C(O2)C(=C(C=C3)C)C4=[N+](C5=CC=CC=C5N4C6=CC=CC=C6)C.CC1=C(C2=C(C=C1)N=C(O2)C)C3=[N+](C4=CC=CC=C4N3C5=CC=CC=C5)C.CC1=C(C2=C(C=C1)N=C(O2)CC(C)C)C3=[N+](C4=CC=CC=C4N3C5=CC=CC=C5)C.CC1=C(C2=C(C=C1)N=C(O2)C3CCCCC3)C4=[N+](C5=CC=CC=C5N4C6=CC=CC=C6)C.CC1=C(C2=C(C=C1)N=C(O2)C3CCCC3)C4=[N+](C5=CC=CC=C5N4C6=CC=CC=C6)C.CC1=C(C2=C(C=C1)N=C(O2)C3=CC=CC=C3)C4=[N+](C5=CC=CC=C5N4C6=CC=CC=C6)C.CC1=C(C2=C(C=C1)N=C(O2)C3=C(C=C(C=C3C)C4=CC=CC=C4)C)C5=[N+](C6=CC=CC=C6N5C7=CC=CC=C7)C.CC1=C(C2=C(C=C1)N=C(O2)C(C)C)C3=[N+](C4=CC=CC=C4N3C5=CC=CC=C5)C.CC1=C(C2=C(C=C1)N=C(O2)C(C)(C)C)C3=[N+](C4=CC=CC=C4N3C5=CC=CC=C5)C,C249H228N27O9+9,27,0,27,56.67937999999961,3739.816399656811,285,313.5599999999999,0.9089169536930736,3,Media,0.592,0.12,0.3685949534047892,0.3064462150535919,O=C(NC1=CC(=CC=C1)C1=NC2=C(N1)C=CC=C2)C1=CC=C(C=C1)C1=CC=CC=C1,0.4627,0.1972,0.6599,0.69578934
44376972,6-chloro-2-(5-methyl-2-pyridyl)-1H-benzimidazole,CC1=CN=C(C=C1)C2=NC3=C(N2)C=C(C=C3)Cl,C13H10ClN3,2,1,1,3.586720000000001,243.056325,17,41.57,0.4089487611258118,0,Media,0.5913333333333333,0.2982456140350877,0.8642045556414397,0.7227148202398518,CC1=CC2=C(NC(=N2)C2=CC=C(O2)N(=O)=O)C=C1,0.8148,0.7635,1.5783,1.527053
715153,4-chloro-2-[[(1-ethylbenzimidazol-2-yl)amino]methyl]phenol,CCN1C2=CC=CC=C2N=C1NCC3=C(C=CC(=C3)Cl)O,C16H16ClN3O,4,2,4,4.027300000000003,301.0981898119999,21,50.08,0.4193290734824281,0,Media,0.59,0.5660377358490566,0.9950965476050656,0.8878318446660632,CN1C(NCC2=CC(Br)=CC=C2O)=NC2=C1C=CC=C2,0.9399,0.8891,1.829,1.7160989
889093,2-[[(1-allylbenzimidazol-2-yl)amino]methyl]-4-methyl-phenol,CC1=CC(=C(C=C1)O)CNC2=NC3=CC=CC=C3N2CC=C,C18H19N3O,4,2,5,3.848420000000002,293.152812228,22,50.08,0.4392971246006389,0,Media,0.59,0.5357142857142857,0.9880736747022344,0.874983827455247,CN1C(NCC2=CC(Br)=CC=C2O)=NC2=C1C=CC=C2,0.8771,0.8004,1.6775,1.659481
16488538,1-allyl-N-(o-tolylmethyl)benzimidazol-2-amine,CC1=CC=CC=C1CNC2=NC3=CC=CC=C3N2CC=C,C18H19N3,3,1,5,4.142820000000003,277.157897608,21,29.85,0.7035175879396984,0,Media,0.59,0.4035087719298245,0.9322414858082256,0.8000583073386253,CN1C(NCC2=CC(Br)=CC=C2O)=NC2=C1C=CC=C2,0.8913,0.6008,1.4922,1.4867926
1603670,4-bromo-2-[[(3-hexyl-1H-benzimidazol-3-ium-2-yl)amino]methyl]phenol,CCCCCC[N+]1=C(NC2=CC=CC=C21)NCC3=C(C=CC(=C3)Br)O,C20H25BrN3O+,2,3,8,5.115900000000004,402.11755094009,25,51.92999999999999,0.481417292509147,1,Media,0.59,0.390625,0.8419203807534085,0.7290965355650564,CN1C(NCC2=CC(Br)=CC=C2O)=NC2=C1C=CC=C2,0.6833,0.661,1.3443,1.4018182
1636915,4-bromo-2-[[(3-heptyl-1H-benzimidazol-3-ium-2-yl)amino]methyl]phenol,CCCCCCC[N+]1=C(NC2=CC=CC=C21)NCC3=C(C=CC(=C3)Br)O,C21H27BrN3O+,2,3,9,5.506000000000006,416.13320100409,26,51.92999999999999,0.5006739842095129,1,Media,0.59,0.390625,0.8294254480938911,0.7197253360704183,CN1C(NCC2=CC(Br)=CC=C2O)=NC2=C1C=CC=C2,0.6405,0.661,1.3014,1.3652917
1603306,4-bromo-2-[[(3-octyl-1H-benzimidazol-3-ium-2-yl)amino]methyl]phenol,CCCCCCCC[N+]1=C(NC2=CC=CC=C21)NCC3=C(C=CC(=C3)Br)O,C22H29BrN3O+,2,3,10,5.896100000000006,430.14885106809,27,51.92999999999999,0.5199306759098787,1,Media,0.59,0.390625,0.8158990333521192,0.7095805250140894,CN1C(NCC2=CC(Br)=CC=C2O)=NC2=C1C=CC=C2,0.609,0.6103,1.2193,1.3281302
1599998,4-bromo-2-[[(3-nonyl-1H-benzimidazol-3-ium-2-yl)amino]methyl]phenol,CCCCCCCCC[N+]1=C(NC2=CC=CC=C21)NCC3=C(C=CC(=C3)Br)O,C23H31BrN3O+,2,3,11,6.286200000000006,444.16450113209,28,51.92999999999999,0.5391873676102447,1,Media,0.59,0.390625,0.8017853465244171,0.6989952598933129,CN1C(NCC2=CC(Br)=CC=C2O)=NC2=C1C=CC=C2,0.5699,0.7207,1.2906,1.2906071
1608247,4-bromo-2-[[(3-decyl-1H-benzimidazol-3-ium-2-yl)amino]methyl]phenol,CCCCCCCCCC[N+]1=C(NC2=CC=CC=C21)NCC3=C(C=CC(=C3)Br)O,C24H33BrN3O+,2,3,12,6.676300000000007,458.18015119609,29,51.92999999999999,0.5584440593106105,1,Media,0.59,0.390625,0.7874275535814046,0.6882269151860534,CN1C(NCC2=CC(Br)=CC=C2O)=NC2=C1C=CC=C2,0.5403,0.7207,1.261,1.2604797
4644695,4-bromo-2-[[(3-hexadecyl-1H-benzimidazol-3-ium-2-yl)amino]methyl]phenol,CCCCCCCCCCCCCCCC[N+]1=C(NC2=CC=CC=C21)NCC3=C(C=CC(=C3)Br)O,C30H45BrN3O+,2,3,18,9.0169,542.2740515800899,35,51.92999999999999,0.6739842095128058,2,Media,0.59,0.390625,0.7064337461246211,0.6274815595934657,CN1C(NCC2=CC(Br)=CC=C2O)=NC2=C1C=CC=C2,0.4118,0.7207,1.1325,1.1332363
4398933,4-bromo-2-[[(3-pentyl-1H-benzimidazol-3-ium-2-yl)amino]methyl]phenolate,CCCCC[N+]1=C(NC2=CC=CC=C21)NCC3=C(C=CC(=C3)Br)[O-],C19H22BrN3O,2,2,7,4.093800000000003,387.094624424,24,54.75999999999999,0.4382761139517897,0,Media,0.59,0.2753623188405797,0.8562287798111416,0.7110121645685011,CN1C(NCC2=CC(Br)=CC=C2O)=NC2=C1C=CC=C2,0.7241,0.6277,1.3517,1.3069103
159168435,"2-[4-hydroxy-3-[5-[5-[2-[4-hydroxy-3-(5-methyl-1H-benzimidazol-2-yl)phenyl]-1,3-dioxo-isoindolin-5-yl]-1,3-dioxo-isoindolin-2-yl]-1H-benzimidazol-2-yl]phenyl]-6-methyl-pyrrolo[3,4-f]isoindole-1,3,5,7-tetrone",CC1=CC2=C(C=C1)NC(=N2)C3=C(C=CC(=C3)N4C(=O)C5=C(C4=O)C=C(C=C5)C6=CC7=C(C=C6)C(=O)N(C7=O)C8=CC9=C(C=C8)NC(=N9)C1=C(C=CC(=C1)N1C(=O)C2=C(C1=O)C=C1C(=C2)C(=O)N(C1=O)C)O)O,C54H30N8O10,14,4,6,6.513020000000006,950.20848916,72,250.72,0.2871729419272495,3,Media,0.59,0.2142857142857142,0.7058322262584112,0.5829455982652371,O=C(NC1=CC(=CC=C1)C1=NC2=C(N1)C=CC=C2)C1=CC=C(C=C1)C1=CC=CC=C1,0.427,0.109,0.536,0.5533588
12579889,N-(3-pyridylmethyl)-1H-benzimidazol-2-amine,C1=CC=C2C(=C1)NC(=N2)NCC3=CN=CC=C3,C13H12N4,3,2,3,2.57,224.106196384,17,53.6,0.3171641791044776,0,Media,0.59,0.2096774193548387,0.9413824318560292,0.7584561787307315,CN1C(NCC2=CC(Br)=CC=C2O)=NC2=C1C=CC=C2,0.9098,0.5464,1.4562,1.3742751
834883,4-chloro-2-phenyl-1H-benzimidazole,C1=CC=C(C=C1)C2=NC3=C(N2)C=CC=C3Cl,C13H9ClN2,1,1,1,3.883300000000001,228.045425968,16,28.68,0.5578800557880056,0,Media,0.59,0.175438596491228,0.730444456056012,0.5916929911648161,CC1=CC2=C(NC(=N2)C2=CC=C(O2)N(=O)=O)C=C1,0.8011,0.6541,1.4552,1.4344473
4669522,N-(cycloheptylideneamino)-1H-benzimidazol-2-amine,C1CCCC(=NNC2=NC3=CC=CC=C3N2)CC1,C14H18N4,3,2,2,3.685000000000001,242.153146576,18,53.07,0.3391746749576032,0,Media,0.59,0.1587301587301587,0.960147079240934,0.7597928491132403,CN1C(NCC2=CC(Br)=CC=C2O)=NC2=C1C=CC=C2,0.6344,0.5347,1.1691,1.182303
3410481,2-[[(1-allylbenzimidazol-2-yl)amino]methyl]-4-bromo-phenol,C=CCN1C2=CC=CC=C2N=C1NCC3=C(C=CC(=C3)Br)O,C17H16BrN3O,4,2,5,4.302500000000003,357.047674232,22,50.08,0.4392971246006389,0,Media,0.588,0.6862745098039216,0.9899267056228483,0.9140136566681168,CN1C(NCC2=CC(Br)=CC=C2O)=NC2=C1C=CC=C2,0.9123,0.9002,1.8125,1.7545921
3569371,4-bromo-2-[[(3-methyl-1H-benzimidazol-3-ium-2-yl)amino]methyl]phenol,C[N+]1=C(NC2=CC=CC=C21)NCC3=C(C=CC(=C3)Br)O,C15H15BrN3O+,2,3,3,3.072600000000002,332.03930062009,20,51.92999999999999,0.3851338340073176,0,Media,0.588,0.4464285714285714,0.8650982234129612,0.7604308104168638,CN1C(NCC2=CC(Br)=CC=C2O)=NC2=C1C=CC=C2,0.9805,0.7922,1.7727,1.7859685
58724462,methyl 2-(isoquinoline-3-carbonylamino)-6-(4-pyridyl)-1H-benzimidazole-4-carboxylate,COC(=O)C1=C2C(=CC(=C1)C3=CC=NC=C3)NC(=N2)NC(=O)C4=CC5=CC=CC=C5C=N4,C24H17N5O3,6,2,4,4.212000000000002,423.133139404,32,109.86,0.2912798106681231,0,Media,0.588,0.4029850746268656,0.5514530183343385,0.5143360324074703,CC1=CC2=C(NC(NC(=O)C3=NC=CC=C3)=N2)C=C1,0.6142,0.6928,1.307,1.2146022
24017613,"6-methyl-2-(2,3,4-trimethoxyphenyl)-1H-benzimidazole",CC1=CC2=C(C=C1)N=C(N2)C3=C(C(=C(C=C3)OC)OC)OC,C17H18N2O3,4,1,4,3.564120000000002,298.131742436,22,56.37,0.3902785169416355,0,Media,0.588,0.3103448275862069,0.9269900072603288,0.7728287123417983,CC1=CC2=C(NC(=N2)C2=CC=C(O2)N(=O)=O)C=C1,0.6185,0.6749,1.2934,1.2422104
23945542,N-(2-thienylmethyl)-1H-benzimidazol-2-amine,C1=CC=C2C(=C1)NC(=N2)NCC3=CC=CS3,C12H11N3S,3,2,3,3.236500000000001,229.067368352,16,40.71,0.3930238270695161,0,Media,0.588,0.2131147540983606,0.9448204344621278,0.7618940143711861,CN1C(NCC2=CC(Br)=CC=C2O)=NC2=C1C=CC=C2,0.7845,0.5995,1.3841,1.4556079
71344812,1-methyl-2-(6-methyl-2-pyridyl)benzimidazole,CC1=NC(=CC=C1)C2=NC3=CC=CC=C3N2C,C14H13N3,3,0,1,2.943720000000001,223.110947416,17,30.71,0.5535656138065776,0,Media,0.588,0.1333333333333333,0.8357598752744206,0.6601532397891489,CC1=CC2=C(NC(=N2)C2=CC=C(O2)N(=O)=O)C=C1,0.8241,0.6545,1.4786,1.2346143
6619020,N-[(4-bromophenyl)methyl]-1-ethyl-benzimidazol-2-amine,CCN1C2=CC=CC=C2N=C1NCC3=CC=C(C=C3)Br,C16H16BrN3,3,1,4,4.430800000000002,329.052759612,20,29.85,0.6700167504187604,0,Media,0.586,0.4901960784313725,0.940153486804894,0.8276641347115137,CN1C(NCC2=CC(Br)=CC=C2O)=NC2=C1C=CC=C2,0.8993,0.6007,1.5,1.5380435
38441,"2-(3,5-dimethylpyrazol-1-yl)-1H-benzimidazole",CC1=CC(=NN1C2=NC3=CC=CC=C3N2)C,C12H12N4,3,1,1,2.36544,212.106196384,16,46.5,0.3440860215053763,0,Media,0.586,0.2241379310344827,0.9571252039886092,0.7738783857500776,CC1=CC2=C(NC(=N2)C2=CC=C(O2)N(=O)=O)C=C1,0.842,0.7724,1.6144,1.4554255
157228747,"2-tert-butyl-7-[1-(4-tert-butylphenyl)-3-methyl-benzimidazol-3-ium-2-yl]-6-methyl-1,3-benzoxazole;7-[1-(4-tert-butylphenyl)-3-methyl-benzimidazol-3-ium-2-yl]-2-cyclohexyl-6-methyl-1,3-benzoxazole;7-[1-(4-tert-butylphenyl)-3-methyl-benzimidazol-3-ium-2-yl]-2-cyclopentyl-6-methyl-1,3-benzoxazole;7-[1-(4-tert-butylphenyl)-3-methyl-benzimidazol-3-ium-2-yl]-2,6-dimethyl-1,3-benzoxazole;7-[1-(4-tert-butylphenyl)-3-methyl-benzimidazol-3-ium-2-yl]-2-(2,6-dimethylphenyl)-6-methyl-1,3-benzoxazole;7-[1-(4-tert-butylphenyl)-3-methyl-benzimidazol-3-ium-2-yl]-2-(2,6-dimethyl-4-phenyl-phenyl)-6-methyl-1,3-benzoxazole;7-[1-(4-tert-butylphenyl)-3-methyl-benzimidazol-3-ium-2-yl]-2-isobutyl-6-methyl-1,3-benzoxazole;7-[1-(4-tert-butylphenyl)-3-methyl-benzimidazol-3-ium-2-yl]-2-isopropyl-6-methyl-1,3-benzoxazole;7-[1-(4-tert-butylphenyl)-3-methyl-benzimidazol-3-ium-2-yl]-6-methyl-2-phenyl-1,3-benzoxazole",CC1=C(C(=CC=C1)C)C2=NC3=C(O2)C(=C(C=C3)C)C4=[N+](C5=CC=CC=C5N4C6=CC=C(C=C6)C(C)(C)C)C.CC1=C(C2=C(C=C1)N=C(O2)C)C3=[N+](C4=CC=CC=C4N3C5=CC=C(C=C5)C(C)(C)C)C.CC1=C(C2=C(C=C1)N=C(O2)CC(C)C)C3=[N+](C4=CC=CC=C4N3C5=CC=C(C=C5)C(C)(C)C)C.CC1=C(C2=C(C=C1)N=C(O2)C3CCCCC3)C4=[N+](C5=CC=CC=C5N4C6=CC=C(C=C6)C(C)(C)C)C.CC1=C(C2=C(C=C1)N=C(O2)C3CCCC3)C4=[N+](C5=CC=CC=C5N4C6=CC=C(C=C6)C(C)(C)C)C.CC1=C(C2=C(C=C1)N=C(O2)C3=CC=CC=C3)C4=[N+](C5=CC=CC=C5N4C6=CC=C(C=C6)C(C)(C)C)C.CC1=C(C2=C(C=C1)N=C(O2)C3=C(C=C(C=C3C)C4=CC=CC=C4)C)C5=[N+](C6=CC=CC=C6N5C7=CC=C(C=C7)C(C)(C)C)C.CC1=C(C2=C(C=C1)N=C(O2)C(C)C)C3=[N+](C4=CC=CC=C4N3C5=CC=C(C=C5)C(C)(C)C)C.CC1=C(C2=C(C=C1)N=C(O2)C(C)(C)C)C3=[N+](C4=CC=CC=C4N3C5=CC=C(C=C5)C(C)(C)C)C,C285H300N27O9+9,27,0,27,68.35687999999963,4244.379801960812,321,313.5599999999999,1.02372751626483,3,Media,0.5853333333333334,0.125,0.3689665694791357,0.3079749271093518,O=C(NC1=CC(=CC=C1)C1=NC2=C(N1)C=CC=C2)C1=CC=C(C=C1)C1=CC=CC=C1,0.4404,0.2141,0.6544,0.74077296
44376987,"2-(5,6-dimethyl-2-pyridyl)-6-methyl-1H-benzimidazole",CC1=CC2=C(C=C1)N=C(N2)C3=NC(=C(C=C3)C)C,C15H15N3,2,1,1,3.550160000000002,237.12659748,18,41.57,0.4330045706038008,0,Media,0.584,0.3396226415094339,0.8667590595020319,0.7349749550038824,CC1=CC2=C(NC(=N2)C2=CC=C(O2)N(=O)=O)C=C1,0.77,0.7637,1.5336,1.4800807
44376966,2-(6-ethyl-2-pyridyl)-6-methyl-1H-benzimidazole,CCC1=NC(=CC=C1)C2=NC3=C(N2)C=C(C=C3)C,C15H15N3,2,1,2,3.495720000000001,237.12659748,18,41.57,0.4330045706038008,0,Media,0.584,0.3157894736842105,0.8777405009873055,0.7372527441615317,CC1=CC2=C(NC(=N2)C2=CC=C(O2)N(=O)=O)C=C1,0.752,0.6881,1.4401,1.4053594
160169789,"2-tert-butyl-7-(1-tert-butyl-3-methyl-benzimidazol-3-ium-2-yl)-6-methyl-1,3-benzoxazole;7-(1-tert-butyl-3-methyl-benzimidazol-3-ium-2-yl)-2-cyclohexyl-6-methyl-1,3-benzoxazole;7-(1-tert-butyl-3-methyl-benzimidazol-3-ium-2-yl)-2-cyclopentyl-6-methyl-1,3-benzoxazole;7-(1-tert-butyl-3-methyl-benzimidazol-3-ium-2-yl)-2,6-dimethyl-1,3-benzoxazole;7-(1-tert-butyl-3-methyl-benzimidazol-3-ium-2-yl)-2-(2,6-dimethylphenyl)-6-methyl-1,3-benzoxazole;7-(1-tert-butyl-3-methyl-benzimidazol-3-ium-2-yl)-2-(2,6-dimethyl-4-phenyl-phenyl)-6-methyl-1,3-benzoxazole;7-(1-tert-butyl-3-methyl-benzimidazol-3-ium-2-yl)-2-isobutyl-6-methyl-1,3-benzoxazole;7-(1-tert-butyl-3-methyl-benzimidazol-3-ium-2-yl)-2-isopropyl-6-methyl-1,3-benzoxazole;7-(1-tert-butyl-3-methyl-benzimidazol-3-ium-2-yl)-6-methyl-2-phenyl-1,3-benzoxazole",CC1=C(C(=CC=C1)C)C2=NC3=C(O2)C(=C(C=C3)C)C4=[N+](C5=CC=CC=C5N4C(C)(C)C)C.CC1=C(C2=C(C=C1)N=C(O2)C)C3=[N+](C4=CC=CC=C4N3C(C)(C)C)C.CC1=C(C2=C(C=C1)N=C(O2)CC(C)C)C3=[N+](C4=CC=CC=C4N3C(C)(C)C)C.CC1=C(C2=C(C=C1)N=C(O2)C3CCCCC3)C4=[N+](C5=CC=CC=C5N4C(C)(C)C)C.CC1=C(C2=C(C=C1)N=C(O2)C3CCCC3)C4=[N+](C5=CC=CC=C5N4C(C)(C)C)C.CC1=C(C2=C(C=C1)N=C(O2)C3=CC=CC=C3)C4=[N+](C5=CC=CC=C5N4C(C)(C)C)C.CC1=C(C2=C(C=C1)N=C(O2)C3=C(C=C(C=C3C)C4=CC=CC=C4)C)C5=[N+](C6=CC=CC=C6N5C(C)(C)C)C.CC1=C(C2=C(C=C1)N=C(O2)C(C)C)C3=[N+](C4=CC=CC=C4N3C(C)(C)C)C.CC1=C(C2=C(C=C1)N=C(O2)C(C)(C)C)C3=[N+](C4=CC=CC=C4N3C(C)(C)C)C,C231H264N27O9+9,27,0,18,54.57157999999969,3560.098100808812,267,313.5599999999999,0.851511672407195,3,Media,0.584,0.1209677419354838,0.3552004339914481,0.296642260977457,O=C(NC1=CC(=CC=C1)C1=NC2=C(N1)C=CC=C2)C1=CC=C(C=C1)C1=CC=CC=C1,0.4143,0.1983,0.6126,0.73592997
715148,2-[(1H-benzimidazol-2-ylamino)methyl]-4-bromo-phenol,C1=CC=C2C(=C1)NC(=N2)NCC3=C(C=CC(=C3)Br)O,C14H12BrN3O,3,3,3,3.643100000000001,317.016374104,19,60.94,0.3117820807351493,0,Media,0.582,0.5490196078431373,0.9404827857307128,0.8426169912588188,CN1C(NCC2=CC(Br)=CC=C2O)=NC2=C1C=CC=C2,0.9345,0.8997,1.8342,1.6746935
11535861,4-(6-methyl-1H-benzimidazol-2-yl)thiazole,CC1=CC2=C(C=C1)N=C(N2)C3=CSC=N3,C11H9N3S,3,1,1,2.994820000000001,215.051718288,15,41.57,0.360837142169834,0,Media,0.582,0.3272727272727272,0.9202268390105892,0.7719883110761238,CC1=CC2=C(NC(=N2)C2=CC=C(O2)N(=O)=O)C=C1,0.8159,0.7747,1.5905,1.4768888
83339638,2-[(1H-benzimidazol-2-ylamino)methyl]-5-methoxy-phenol,COC1=CC(=C(C=C1)CNC2=NC3=CC=CC=C3N2)O,C15H15N3O2,4,3,4,2.8892,269.11642672,20,70.17,0.2850220892119139,0,Media,0.582,0.3225806451612903,0.9619938070953008,0.8021405166117983,CN1C(NCC2=CC(Br)=CC=C2O)=NC2=C1C=CC=C2,0.8442,0.7276,1.5718,1.5374469
58190814,N-[6-(2-oxo-4-phenyl-butyl)-4-[2-(3H-pyrrol-2-yl)acetyl]-1H-benzimidazol-2-yl]isoquinoline-3-carboxamide,C1C=CN=C1CC(=O)C2=C3C(=CC(=C2)CC(=O)CCC4=CC=CC=C4)NC(=N3)NC(=O)C5=CC6=CC=CC=C6C=N5,C33H27N5O3,6,2,10,6.039000000000004,541.211389724,41,117.17,0.3499189212255696,2,Media,0.582,0.3012048192771084,0.3928888872087483,0.3699678702258383,CC1=CC2=C(NC(NC(=O)C3=NC=CC=C3)=N2)C=C1,0.4547,0.6006,1.0553,0.99465954
373876,"2-(1H-benzimidazol-2-yl)-4,5-dihydrothiazole",C1CSC(=N1)C2=NC3=CC=CC=C3N2,C10H9N3S,3,1,1,2.0563,203.051718288,14,41.04,0.341130604288499,0,Media,0.582,0.2280701754385964,0.9225554561466012,0.7489341359695999,CC1=CC2=C(NC(=N2)C2=CC=C(O2)N(=O)=O)C=C1,0.8381,0.7701,1.6082,1.5189683
145972827,"2-(2-chloro-3,4-dimethoxy-phenyl)-6-fluoro-1H-benzimidazole",COC1=C(C(=C(C=C1)C2=NC3=C(N2)C=C(C=C3)F)Cl)OC,C15H12ClFN2O2,3,1,3,4.039600000000002,306.057133524,21,47.14,0.4454815443360204,0,Media,0.582,0.2153846153846154,0.8944337366935706,0.7246714563663319,CC1=CC2=C(NC(=N2)C2=CC=C(O2)N(=O)=O)C=C1,0.7052,0.7334,1.4386,1.2900637
13004840,6-bromo-2-(5-methyl-2-furyl)-1H-benzimidazole,CC1=CC=C(O1)C2=NC3=C(N2)C=C(C=C3)Br,C12H9BrN2O,2,1,1,3.893820000000001,275.989825008,16,41.82,0.3825920612147298,0,Media,0.58,0.4038461538461538,0.8442459860026787,0.7341460279635476,CC1=CC2=C(NC(=N2)C2=CC=C(O2)N(=O)=O)C=C1,0.8962,0.6995,1.5957,1.5752634
13004843,6-bromo-2-(5-bromo-2-furyl)-1H-benzimidazole,C1=CC2=C(C=C1Br)NC(=N2)C3=CC=C(O3)Br,C11H6Br2N2O,2,1,1,4.347900000000001,339.884687012,16,41.82,0.3825920612147298,0,Media,0.58,0.3653846153846153,0.8095158055917511,0.6984830080399672,CC1=CC2=C(NC(=N2)C2=CC=C(O2)N(=O)=O)C=C1,0.8756,0.6361,1.5117,1.5640522
137921161,N-(5-cyano-1-ethyl-benzimidazol-2-yl)-3-methyl-pyridine-2-carboxamide,CCN1C2=C(C=C(C=C2)C#N)N=C1NC(=O)C3=C(C=CC=N3)C,C17H15N5O,5,1,3,2.883600000000001,305.1276601000001,23,83.60000000000001,0.2751196172248804,0,Media,0.58,0.2816901408450704,0.2492604702371711,0.2573678878891459,CC1=CC2=C(NC(NC(=O)C3=NC=CC=C3)=N2)C=C1,0.6399,0.6038,1.2437,1.2197841
20198181,"4,5-dimethyl-2-(2-pyridyl)-1H-benzimidazole",CC1=C(C2=C(C=C1)NC(=N2)C3=CC=CC=N3)C,C14H13N3,2,1,1,3.241740000000001,223.110947416,17,41.57,0.4089487611258118,0,Media,0.58,0.2203389830508474,0.8797921246854083,0.7149288392767681,CC1=CC2=C(NC(=N2)C2=CC=C(O2)N(=O)=O)C=C1,0.8908,0.7636,1.6544,1.4831203
977476,N-[(4-isopropylphenyl)methyl]-1-methyl-benzimidazol-2-amine,CC(C)C1=CC=C(C=C1)CNC2=NC3=CC=CC=C3N2C,C18H21N3,3,1,4,4.308800000000003,279.173547672,21,29.85,0.7035175879396984,0,Media,0.578,0.5,0.9399981166167908,0.829998587462593,CN1C(NCC2=CC(Br)=CC=C2O)=NC2=C1C=CC=C2,0.7954,0.6008,1.3961,1.5343637
145965737,2-(2-chloro-3-methoxy-phenyl)-6-fluoro-1H-benzimidazole,COC1=CC=CC(=C1Cl)C2=NC3=C(N2)C=C(C=C3)F,C14H10ClFN2O,2,1,2,4.031000000000001,276.04656884,19,37.91,0.5011870218939595,0,Media,0.578,0.21875,0.8422348374738308,0.6863636281053731,CC1=CC2=C(NC(=N2)C2=CC=C(O2)N(=O)=O)C=C1,0.8014,0.735,1.5364,1.3956012
64724525,2-(5-bromo-2-pyridyl)-6-chloro-1H-benzimidazole,C1=CC2=C(C=C1Cl)NC(=N2)C3=NC=C(C=C3)Br,C12H7BrClN3,2,1,1,4.040800000000001,306.951187004,17,41.57,0.4089487611258118,0,Media,0.5773333333333333,0.2131147540983606,0.8333597853076979,0.6782985275053637,CC1=CC2=C(NC(=N2)C2=CC=C(O2)N(=O)=O)C=C1,0.8683,0.688,1.5563,1.4263114
783547,"2-(2-furyl)-1,3-dimethyl-benzimidazol-3-ium",CN1C2=CC=CC=C2[N+](=C1C3=CC=CO3)C,C13H13N2O+,2,0,1,2.2628,213.10223945609,16,21.95,0.7289293849658315,0,Media,0.577,0.09375,0.7720731216996225,0.6024923412747168,CC1=CC2=C(NC(=N2)C2=CC=C(O2)N(=O)=O)C=C1,0.519,0.5495,1.0686,1.0167528
52788618,N-[1-(2-furylmethyl)-5-(trifluoromethyl)benzimidazol-2-yl]isoquinoline-1-carboxamide,C1=CC=C2C(=C1)C=CN=C2C(=O)NC3=NC4=C(N3CC5=CC=CO5)C=CC(=C4)C(F)(F)F,C23H15F3N4O2,5,1,4,5.496900000000002,436.11471038,32,72.95,0.4386566141192597,1,Media,0.5768,0.2073170731707317,0.2310678063813455,0.225130123078692,CC1=CC2=C(NC(NC(=O)C3=NC=CC=C3)=N2)C=C1,0.6241,0.5321,1.1562,1.1476028
933484,N-[(2-methoxyphenyl)methyl]-1-methyl-benzimidazol-2-amine,CN1C2=CC=CC=C2N=C1NCC3=CC=CC=C3OC,C16H17N3O,4,1,4,3.194000000000002,267.137162164,20,39.08,0.5117707267144319,0,Media,0.576,0.5510204081632653,0.95089161396002,0.8509238125108313,CN1C(NCC2=CC(Br)=CC=C2O)=NC2=C1C=CC=C2,0.9351,0.7783,1.7134,1.6141932
975935,N-[(4-bromophenyl)methyl]-1-propyl-benzimidazol-2-amine,CCCN1C2=CC=CC=C2N=C1NCC3=CC=C(C=C3)Br,C17H18BrN3,3,1,5,4.820900000000003,343.068409676,21,29.85,0.7035175879396984,0,Media,0.576,0.5,0.9119883839376086,0.8089912879532064,CN1C(NCC2=CC(Br)=CC=C2O)=NC2=C1C=CC=C2,0.8278,0.5462,1.374,1.495542
88487818,"methyl 6-[(1E)-1-[(Z)-2-aminovinyl]buta-1,3-dienyl]-2-(isoquinoline-3-carbonylamino)-1H-benzimidazole-4-carboxylate",COC(=O)C1=C2C(=CC(=C1)C(=CC=C)C=CN)NC(=N2)NC(=O)C3=CC4=CC=CC=C4C=N3,C25H21N5O3,6,3,6,4.191800000000002,439.164439532,33,122.99,0.2683144971135864,0,Media,0.576,0.3205128205128205,0.7060079846731688,0.6096341936330818,CC1=CC2=C(NC(NC(=O)C3=NC=CC=C3)=N2)C=C1,0.5502,0.6434,1.1936,1.1496136
19756,2-(2-furyl)-1H-benzimidazole,C1=CC=C2C(=C1)NC(=N2)C3=CC=CO3,C11H8N2O,2,1,1,2.822900000000001,184.063662876,14,41.82,0.3347680535628886,0,Media,0.576,0.3137254901960784,0.8700923008054168,0.7310005981530823,CC1=CC2=C(NC(=N2)C2=CC=C(O2)N(=O)=O)C=C1,0.877,0.7769,1.6538,1.6566834
13004857,6-chloro-2-(5-chloro-2-thienyl)-1H-benzimidazole,C1=CC2=C(C=C1Cl)NC(=N2)C3=CC=C(S3)Cl,C11H6Cl2N2S,2,1,1,4.598200000000001,267.962874552,16,28.68,0.5578800557880056,0,Media,0.576,0.2241379310344827,0.7762336911181916,0.6382097510972644,CC1=CC2=C(NC(=N2)C2=CC=C(O2)N(=O)=O)C=C1,0.8681,0.6641,1.5322,1.4821128
612049,4-(1-methylbenzimidazol-2-yl)thiazole,CN1C2=CC=CC=C2N=C1C3=CSC=N3,C11H9N3S,4,0,1,2.696800000000001,215.051718288,15,30.71,0.488440247476392,0,Media,0.576,0.1269841269841269,0.830223204734246,0.6544134352967163,CC1=CC2=C(NC(=N2)C2=CC=C(O2)N(=O)=O)C=C1,0.7606,0.6457,1.4063,1.28255
934050,N-[(3-bromophenyl)methyl]-1-methyl-benzimidazol-2-amine,CN1C2=CC=CC=C2N=C1NCC3=CC(=CC=C3)Br,C15H14BrN3,3,1,3,3.947900000000002,315.037109548,19,29.85,0.6365159128978224,0,Media,0.574,0.6382978723404256,0.9648805147431052,0.8832348541424353,CN1C(NCC2=CC(Br)=CC=C2O)=NC2=C1C=CC=C2,0.9806,0.7782,1.7588,1.7199541
10269199,2-[4-(2-chlorophenyl)phenyl]-3H-benzimidazole-5-carboxamide,C1=CC=C(C(=C1)C2=CC=C(C=C2)C3=NC4=C(N3)C=C(C=C4)C(=O)N)Cl,C20H14ClN3O,2,2,3,4.649200000000002,347.082539748,25,71.77,0.3483349588964748,0,Media,0.574,0.3728813559322034,0.9664070510311804,0.818025627256436,NC(=N)NC1=CC2=C(NC(=N2)C2=CC=C(C=C2)C2=CC=CC=C2)C=C1,0.6855,0.5384,1.2239,1.2381896
3163617,1-allyl-N-(2-furylmethyl)benzimidazol-2-amine,C=CCN1C2=CC=CC=C2N=C1NCC3=CC=CO3,C15H15N3O,4,1,5,3.427400000000001,253.1215121,19,42.99,0.4419632472668062,0,Media,0.574,0.3278688524590163,0.9421017488426704,0.7885435247467568,CN1C(NCC2=CC(Br)=CC=C2O)=NC2=C1C=CC=C2,0.7828,0.5423,1.3251,1.3487183
1608371,"2,4-dibromo-6-[[(3-hexyl-1H-benzimidazol-3-ium-2-yl)amino]methyl]phenol",CCCCCC[N+]1=C(NC2=CC=CC=C21)NCC3=C(C(=CC(=C3)Br)Br)O,C20H24Br2N3O+,2,3,8,5.878400000000005,480.02806300809,26,51.92999999999999,0.5006739842095129,1,Media,0.574,0.2676056338028169,0.8257746013300302,0.6862323594482269,CN1C(NCC2=CC(Br)=CC=C2O)=NC2=C1C=CC=C2,0.6786,0.6104,1.289,1.3323989
1638889,"2,4-dibromo-6-[[(3-heptyl-1H-benzimidazol-3-ium-2-yl)amino]methyl]phenol",CCCCCCC[N+]1=C(NC2=CC=CC=C21)NCC3=C(C(=CC(=C3)Br)Br)O,C21H26Br2N3O+,2,3,9,6.268500000000005,494.04371307209,27,51.92999999999999,0.5199306759098787,1,Media,0.574,0.2676056338028169,0.8127716582124892,0.6764801521100712,CN1C(NCC2=CC(Br)=CC=C2O)=NC2=C1C=CC=C2,0.6359,0.6104,1.2463,1.2989899
1610635,"2,4-dibromo-6-[[(3-octyl-1H-benzimidazol-3-ium-2-yl)amino]methyl]phenol",CCCCCCCC[N+]1=C(NC2=CC=CC=C21)NCC3=C(C(=CC(=C3)Br)Br)O,C22H28Br2N3O+,2,3,10,6.658600000000006,508.05936313609,28,51.92999999999999,0.5391873676102447,2,Media,0.574,0.2676056338028169,0.7992338130705696,0.6663267682536315,CN1C(NCC2=CC(Br)=CC=C2O)=NC2=C1C=CC=C2,0.6006,0.5669,1.1675,1.2415583
1564746,"2,4-dibromo-6-[[(3-nonyl-1H-benzimidazol-3-ium-2-yl)amino]methyl]phenol",CCCCCCCCC[N+]1=C(NC2=CC=CC=C21)NCC3=C(C(=CC(=C3)Br)Br)O,C23H30Br2N3O+,2,3,11,7.048700000000006,522.07501320009,29,51.92999999999999,0.5584440593106105,2,Media,0.574,0.2676056338028169,0.7854671124838675,0.6560017428136049,CN1C(NCC2=CC(Br)=CC=C2O)=NC2=C1C=CC=C2,0.5666,0.661,1.2276,1.1802714
4024630,"2,4-dibromo-6-[[(3-hexadecyl-1H-benzimidazol-3-ium-2-yl)amino]methyl]phenol",CCCCCCCCCCCCCCCC[N+]1=C(NC2=CC=CC=C21)NCC3=C(C(=CC(=C3)Br)Br)O,C30H44Br2N3O+,2,3,18,9.779399999999995,620.18456364809,36,51.92999999999999,0.6932409012131717,2,Media,0.574,0.2676056338028169,0.695896793748813,0.588824003762314,CN1C(NCC2=CC(Br)=CC=C2O)=NC2=C1C=CC=C2,0.4063,0.661,1.0673,1.0562432
11644224,4-(6-fluoro-1H-benzimidazol-2-yl)thiazole,C1=CC2=C(C=C1F)NC(=N2)C3=CSC=N3,C10H6FN3S,3,1,1,2.825500000000001,219.026646412,15,41.57,0.360837142169834,0,Media,0.574,0.2166666666666666,0.9279107306604352,0.7500997146619932,CC1=CC2=C(NC(=N2)C2=CC=C(O2)N(=O)=O)C=C1,0.8644,0.7748,1.6393,1.4931285
49804934,"4,5,6-trifluoro-2-(2-pyridyl)-1H-benzimidazole",C1=CC=NC(=C1)C2=NC3=C(C(=C(C=C3N2)F)F)F,C12H6F3N3,2,1,1,3.0422,249.051381852,18,41.57,0.4330045706038008,0,Media,0.574,0.1774193548387097,0.8868165390464842,0.7094672429945404,CC1=CC2=C(NC(=N2)C2=CC=C(O2)N(=O)=O)C=C1,0.8786,0.7636,1.6423,1.5049508
66940520,2-(isoquinoline-3-carbonylamino)-6-(4-pyridyl)-1H-benzimidazole-4-carboxylic acid,C1=CC=C2C=NC(=CC2=C1)C(=O)NC3=NC4=C(C=C(C=C4N3)C5=CC=NC=C5)C(=O)O,C23H15N5O3,5,3,4,4.123600000000002,409.11748934,31,120.86,0.2564951183187158,0,Media,0.572,0.4,0.7816093758018131,0.6862070318513598,CC1=CC2=C(NC(NC(=O)C3=NC=CC=C3)=N2)C=C1,0.6584,0.6001,1.2585,1.2084643
7342814,1-ethyl-N-(p-tolylmethyl)benzimidazol-2-amine,CCN1C2=CC=CC=C2N=C1NCC3=CC=C(C=C3)C,C17H19N3,3,1,4,3.976720000000002,265.157897608,20,29.85,0.6700167504187604,0,Media,0.572,0.3888888888888889,0.9525699432404038,0.8116496796525251,CN1C(NCC2=CC(Br)=CC=C2O)=NC2=C1C=CC=C2,0.8791,0.6673,1.5464,1.4857085
652427,N-[[4-(dimethylamino)phenyl]methyl]-1-ethyl-benzimidazol-2-amine,CCN1C2=CC=CC=C2N=C1NCC3=CC=C(C=C3)N(C)C,C18H22N4,4,1,5,3.734300000000002,294.184446704,22,33.09,0.6648534300392868,0,Media,0.572,0.3684210526315789,0.9337832597361252,0.7924427079599885,CN1C(NCC2=CC(Br)=CC=C2O)=NC2=C1C=CC=C2,0.7729,0.6673,1.4402,1.4713851
787400,2-[(1H-benzimidazol-2-ylamino)methyl]phenol,C1=CC=C(C(=C1)CNC2=NC3=CC=CC=C3N2)O,C14H13N3O,3,3,3,2.880600000000001,239.105862036,18,60.94,0.2953724975385625,0,Media,0.572,0.3518518518518518,0.912547199602837,0.7723733626650908,CN1C(NCC2=CC(Br)=CC=C2O)=NC2=C1C=CC=C2,0.93,0.8002,1.7302,1.7036647
63399389,"2-(2,3-dichlorophenyl)-6-methyl-1H-benzimidazole",CC1=CC2=C(C=C1)N=C(N2)C3=C(C(=CC=C3)Cl)Cl,C14H10Cl2N2,1,1,1,4.845120000000001,276.02210368,18,28.68,0.6276150627615062,0,Media,0.572,0.3214285714285714,0.7235974238203753,0.6230552107224244,CC1=CC2=C(NC(=N2)C2=CC=C(O2)N(=O)=O)C=C1,0.8315,0.6545,1.486,1.39589
136263045,3-(6-fluoro-1H-benzimidazol-2-yl)isoxazole,C1=CC2=C(C=C1F)NC(=N2)C3=NOC=C3,C10H6FN3O,3,1,1,2.357,203.049490032,15,54.71,0.2741729117163224,0,Media,0.572,0.2413793103448276,0.9675978506954376,0.786043215607785,CC1=CC2=C(NC(=N2)C2=CC=C(O2)N(=O)=O)C=C1,0.8396,0.7761,1.6157,1.541505
890291,2-[[(1-allylbenzimidazol-2-yl)amino]methyl]phenol,C=CCN1C2=CC=CC=C2N=C1NCC3=CC=CC=C3O,C17H17N3O,4,2,5,3.540000000000002,279.137162164,21,50.08,0.4193290734824281,0,Media,0.57,0.4814814814814814,0.987699059090775,0.8611446646884516,CN1C(NCC2=CC(Br)=CC=C2O)=NC2=C1C=CC=C2,0.9088,0.8004,1.7092,1.6484723
3324798,N-[[4-(dimethylamino)phenyl]methyl]-1-propyl-benzimidazol-2-amine,CCCN1C2=CC=CC=C2N=C1NCC3=CC=C(C=C3)N(C)C,C19H24N4,4,1,6,4.124400000000002,308.200096768,23,33.09,0.6950740404956179,0,Media,0.57,0.3793103448275862,0.9184917417222692,0.7836963924985986,CN1C(NCC2=CC(Br)=CC=C2O)=NC2=C1C=CC=C2,0.722,0.6008,1.3228,1.4813288
2849750,"(2,5-dimethylphenyl)-(1-methylbenzimidazol-2-yl)diazene",CC1=CC(=C(C=C1)C)N=NC2=NC3=CC=CC=C3N2C,C16H16N4,4,0,2,4.605540000000004,264.137496512,20,42.54,0.4701457451810061,0,Media,0.57,0.3103448275862069,0.7927406358681195,0.6721416837976414,CN1C(NCC2=CC(Br)=CC=C2O)=NC2=C1C=CC=C2,0.5019,0.3921,0.894,1.1027029
146036139,1-(1H-benzimidazol-2-yl)pyridin-4-one,C1=CC=C2C(=C1)NC(=N2)N3C=CC(=O)C=C3,C12H9N3O,3,1,1,1.7138,211.074561908,16,50.68,0.3157063930544593,0,Media,0.57,0.1929824561403508,0.9391007701664708,0.7525711916599409,CC1=CC2=C(NC(=N2)C2=CC=C(O2)N(=O)=O)C=C1,0.8026,0.6606,1.4632,1.493801
60978924,4-fluoro-2-phenyl-1H-benzimidazole,C1=CC=C(C=C1)C2=NC3=C(N2)C=CC=C3F,C13H9FN2,1,1,1,3.369000000000002,212.074976508,16,28.68,0.5578800557880056,0,Media,0.57,0.175438596491228,0.7392032709435823,0.5982621023304938,CC1=CC2=C(NC(=N2)C2=CC=C(O2)N(=O)=O)C=C1,0.8055,0.6541,1.4596,1.4334784
157769440,"2-tert-butyl-6-methyl-7-[1-methyl-3-(1-naphthyl)benzimidazol-1-ium-2-yl]-1,3-benzoxazole;2-cyclohexyl-6-methyl-7-[1-methyl-3-(1-naphthyl)benzimidazol-1-ium-2-yl]-1,3-benzoxazole;2-cyclopentyl-6-methyl-7-[1-methyl-3-(1-naphthyl)benzimidazol-1-ium-2-yl]-1,3-benzoxazole;2,6-dimethyl-7-[1-methyl-3-(1-naphthyl)benzimidazol-1-ium-2-yl]-1,3-benzoxazole;2-(2,6-dimethylphenyl)-6-methyl-7-[1-methyl-3-(1-naphthyl)benzimidazol-1-ium-2-yl]-1,3-benzoxazole;2-(2,6-dimethyl-4-phenyl-phenyl)-6-methyl-7-[1-methyl-3-(1-naphthyl)benzimidazol-1-ium-2-yl]-1,3-benzoxazole;2-isobutyl-6-methyl-7-[1-methyl-3-(1-naphthyl)benzimidazol-1-ium-2-yl]-1,3-benzoxazole;2-isopropyl-6-methyl-7-[1-methyl-3-(1-naphthyl)benzimidazol-1-ium-2-yl]-1,3-benzoxazole;6-methyl-7-[1-methyl-3-(1-naphthyl)benzimidazol-1-ium-2-yl]-2-phenyl-1,3-benzoxazole",CC1=C(C(=CC=C1)C)C2=NC3=C(O2)C(=C(C=C3)C)C4=[N+](C5=CC=CC=C5N4C6=CC=CC7=CC=CC=C76)C.CC1=C(C2=C(C=C1)N=C(O2)C)C3=[N+](C4=CC=CC=C4N3C5=CC=CC6=CC=CC=C65)C.CC1=C(C2=C(C=C1)N=C(O2)CC(C)C)C3=[N+](C4=CC=CC=C4N3C5=CC=CC6=CC=CC=C65)C.CC1=C(C2=C(C=C1)N=C(O2)C3CCCCC3)C4=[N+](C5=CC=CC=C5N4C6=CC=CC7=CC=CC=C76)C.CC1=C(C2=C(C=C1)N=C(O2)C3CCCC3)C4=[N+](C5=CC=CC=C5N4C6=CC=CC7=CC=CC=C76)C.CC1=C(C2=C(C=C1)N=C(O2)C3=CC=CC=C3)C4=[N+](C5=CC=CC=C5N4C6=CC=CC7=CC=CC=C76)C.CC1=C(C2=C(C=C1)N=C(O2)C3=C(C=C(C=C3C)C4=CC=CC=C4)C)C5=[N+](C6=CC=CC=C6N5C7=CC=CC8=CC=CC=C87)C.CC1=C(C2=C(C=C1)N=C(O2)C(C)C)C3=[N+](C4=CC=CC=C4N3C5=CC=CC6=CC=CC=C65)C.CC1=C(C2=C(C=C1)N=C(O2)C(C)(C)C)C3=[N+](C4=CC=CC=C4N3C5=CC=CC6=CC=CC=C65)C,C285H246N27O9+9,27,0,27,67.0581799999996,4189.957250232812,321,313.5599999999999,1.02372751626483,3,Media,0.57,0.1162790697674418,0.3684809638956675,0.3054304903636111,O=C(NC1=CC(=CC=C1)C1=NC2=C(N1)C=CC=C2)C1=CC=C(C=C1)C1=CC=CC=C1,0.5329,0.2355,0.7684,0.75588703
1306723,"2,4-dichloro-6-[[(1-isopropylbenzimidazol-2-yl)amino]methyl]phenol",CC(C)N1C2=CC=CC=C2N=C1NCC3=C(C(=CC(=C3)Cl)Cl)O,C17H17Cl2N3O,4,2,4,5.241700000000003,349.074867524,23,50.08,0.4592651757188498,1,Media,0.568,0.4482758620689655,0.9819570526058276,0.8485367549716121,CN1C(NCC2=CC(Br)=CC=C2O)=NC2=C1C=CC=C2,0.882,0.8003,1.6823,1.6734132
787402,2-[(1H-benzimidazol-2-ylamino)methyl]-4-methyl-phenol,CC1=CC(=C(C=C1)O)CNC2=NC3=CC=CC=C3N2,C15H15N3O,3,3,3,3.18902,253.1215121,19,60.94,0.3117820807351493,0,Media,0.568,0.4107142857142857,0.923441752734148,0.7952598859791823,CN1C(NCC2=CC(Br)=CC=C2O)=NC2=C1C=CC=C2,0.8929,0.8002,1.6931,1.6774272
7342815,1-propyl-N-(p-tolylmethyl)benzimidazol-2-amine,CCCN1C2=CC=CC=C2N=C1NCC3=CC=C(C=C3)C,C18H21N3,3,1,5,4.366820000000003,279.173547672,21,29.85,0.7035175879396984,0,Media,0.568,0.4,0.9274227646664076,0.7955670734998056,CN1C(NCC2=CC(Br)=CC=C2O)=NC2=C1C=CC=C2,0.8132,0.6007,1.414,1.4723461
924788,N-benzyl-1-isobutyl-benzimidazol-2-amine,CC(C)CN1C2=CC=CC=C2N=C1NCC3=CC=CC=C3,C18H21N3,3,1,5,4.304400000000003,279.173547672,21,29.85,0.7035175879396984,0,Media,0.568,0.3888888888888889,0.9289474871213,0.7939328375631972,CN1C(NCC2=CC(Br)=CC=C2O)=NC2=C1C=CC=C2,0.7827,0.6007,1.3834,1.4789525
675544,"2-chloro-4,5-difluoro-N-(1-methylbenzimidazol-2-yl)benzamide",CN1C2=CC=CC=C2N=C1NC(=O)C3=CC(=C(C=C3Cl)F)F,C15H10ClF2N3O,3,1,2,3.757200000000001,321.04804606,22,46.92,0.4688832054560954,0,Media,0.568,0.3728813559322034,0.9556577548502884,0.8099636551207672,CN1C(NCC2=CC(Br)=CC=C2O)=NC2=C1C=CC=C2,0.6592,0.4561,1.1153,1.2236013
2851451,"(2,4-dimethylphenyl)-(1-methylbenzimidazol-2-yl)diazene",CC1=CC(=C(C=C1)N=NC2=NC3=CC=CC=C3N2C)C,C16H16N4,4,0,2,4.605540000000003,264.137496512,20,42.54,0.4701457451810061,0,Media,0.568,0.3103448275862069,0.7927406358681195,0.6721416837976414,CN1C(NCC2=CC(Br)=CC=C2O)=NC2=C1C=CC=C2,0.4948,0.3916,0.8864,1.1027029
3739678,"2-[[(1-allylbenzimidazol-2-yl)amino]methyl]-4,6-dibromo-phenol",C=CCN1C2=CC=CC=C2N=C1NCC3=C(C(=CC(=C3)Br)Br)O,C17H15Br2N3O,4,2,5,5.065000000000003,434.9581863,23,50.08,0.4592651757188498,1,Media,0.566,0.5,0.9680825847945452,0.8510619385959091,CN1C(NCC2=CC(Br)=CC=C2O)=NC2=C1C=CC=C2,0.9069,0.8183,1.7253,1.6987956
66940374,methyl 2-(isoquinoline-3-carbonylamino)-3H-benzimidazole-5-carboxylate,COC(=O)C1=CC2=C(C=C1)N=C(N2)NC(=O)C3=CC4=CC=CC=C4C=N3,C19H14N4O3,5,2,3,3.150000000000001,346.106590308,26,96.96999999999998,0.2681241621119934,0,Media,0.566,0.45,0.7253671140016181,0.6565253355012136,CC1=CC2=C(NC(NC(=O)C3=NC=CC=C3)=N2)C=C1,0.7148,0.8183,1.5332,1.5241148
164625461,2-[2-(5-phenyl-2-thienyl)-3H-benzimidazol-5-yl]guanidine,C1=CC=C(C=C1)C2=CC=C(S2)C3=NC4=C(N3)C=C(C=C4)N=C(N)N,C18H15N5S,3,3,3,3.863300000000002,333.1048164800001,24,93.08,0.2578427159432746,0,Media,0.566,0.3728813559322034,0.9779499419546832,0.8266827954490633,NC(=N)NC1=CC2=C(NC(=N2)C2=CC=C(C=C2)C2=CC=CC=C2)C=C1,0.6859,0.4613,1.1472,1.1894624
164627119,2-[2-(4-cyanophenyl)-3H-benzimidazol-5-yl]guanidine,C1=CC(=CC=C1C#N)C2=NC3=C(N2)C=C(C=C3)N=C(N)N,C15H12N6,3,3,2,2.00648,276.112344384,21,116.87,0.1796868315222041,0,Media,0.566,0.3389830508474576,0.93581761391341,0.7866089731469219,NC(=N)NC1=CC2=C(NC(=N2)C2=CC=C(C=C2)C2=CC=CC=C2)C=C1,0.5529,0.3626,0.9155,1.1970193
3964344,"2,4-dibromo-6-[[(3-butyl-1H-benzimidazol-3-ium-2-yl)amino]methyl]phenolate",CCCC[N+]1=C(NC2=CC=CC=C21)NCC3=C(C(=CC(=C3)Br)Br)[O-],C18H19Br2N3O,2,2,6,4.466200000000003,450.989486428,24,54.75999999999999,0.4382761139517897,0,Media,0.566,0.2394366197183098,0.8449723553827126,0.6935884214666119,CN1C(NCC2=CC(Br)=CC=C2O)=NC2=C1C=CC=C2,0.7751,0.5757,1.3508,1.3730339
972634,1-isopropyl-N-(2-thienylmethyl)benzimidazol-2-amine,CC(C)N1C2=CC=CC=C2N=C1NCC3=CC=CS3,C15H17N3S,4,1,4,4.290800000000003,271.114318544,19,29.85,0.6365159128978224,0,Media,0.564,0.3684210526315789,0.931492291970234,0.7907244821355701,CN1C(NCC2=CC(Br)=CC=C2O)=NC2=C1C=CC=C2,0.7675,0.5975,1.365,1.4468286
75534567,4-[(Z)-2-chloro-2-(1-ethyl-5-fluoro-benzimidazol-2-yl)vinyl]thiadiazole,CCN1C2=C(C=C(C=C2)F)N=C1C(=CC3=CSN=N3)Cl,C13H10ClFN4S,5,0,3,3.783700000000002,308.02987322,20,43.6,0.4587155963302752,0,Media,0.564,0.1917808219178082,0.8005902541124102,0.6483878960637597,CN1C(NCC2=CC(Br)=CC=C2O)=NC2=C1C=CC=C2,0.6445,0.4366,1.0811,1.0844002
135580435,1-[(E)-1-(1H-benzimidazol-2-yl)ethylideneamino]-3-hydroxy-urea,CC(=NNC(=O)NO)C1=NC2=CC=CC=C2N1,C10H11N5O2,4,4,2,0.9753,233.091274592,17,102.4,0.166015625,0,Media,0.564,0.1875,0.6856314605088316,0.5610985953816237,CC1=CC2=C(NC(=N2)C2=CC=C(O2)N(=O)=O)C=C1,0.8329,0.6238,1.4567,1.4225984
159168431,"2-[2-[4-[5-[5-[2-[2-[2,5-dihydroxy-4-(5-methyl-1H-benzimidazol-2-yl)phenyl]-3H-indol-6-yl]-1,3-dioxo-isoindolin-5-yl]-1,3-dioxo-isoindolin-2-yl]-1H-benzimidazol-2-yl]-2,5-dihydroxy-phenyl]-3H-indol-6-yl]-6-methyl-pyrrolo[3,4-f]isoindole-1,3,5,7-tetrone;2-[3-[5-[5-(1,3-dioxo-2-phenyl-isoindolin-5-yl)-1,3-dioxo-isoindolin-2-yl]-1H-benzimidazol-2-yl]-4-hydroxy-phenyl]-6-methyl-pyrrolo[3,4-f]isoindole-1,3,5,7-tetrone;2-[4-hydroxy-3-[5-[5-[2-[4-hydroxy-3-(5-methyl-1H-benzimidazol-2-yl)phenyl]-1,3-dioxo-isoindolin-5-yl]-1,3-dioxo-isoindolin-2-yl]-1H-benzimidazol-2-yl]phenyl]-6-methyl-pyrrolo[3,4-f]isoindole-1,3,5,7-tetrone;5-[2-[2-[2-hydroxy-5-[5-[2-[3-hydroxy-4-(5-methyl-1H-benzimidazol-2-yl)phenyl]-1,3-dioxo-isoindolin-5-yl]-1,3-dioxo-isoindolin-2-yl]phenyl]-3H-benzimidazol-5-yl]-1,3-dioxo-isoindolin-5-yl]-2-methyl-isoindoline-1,3-dione;5-[2-[3-hydroxy-4-[5-[2-(2-hydroxy-4-methyl-phenyl)-3H-indol-5-yl]-1H-benzimidazol-2-yl]phenyl]-1,3-dioxo-isoindolin-5-yl]-2-methyl-isoindoline-1,3-dione;5-[2-[4-[4-[5-[2-[3-hydroxy-4-[11-(2-hydroxy-4-methyl-phenyl)-2,4,6,12-tetrazatricyclo[7.3.0.03,7]dodeca-1,3(7),5,8,11-pentaen-5-yl]phenyl]-1,3-dioxo-isoindolin-5-yl]-1,3-dioxo-isoindolin-2-yl]phenoxy]phenyl]-1,3-dioxo-isoindolin-5-yl]-2-methyl-isoindoline-1,3-dione;5-[2-[4-hydroxy-3-(5-methyl-1H-benzimidazol-2-yl)phenyl]-1,3-dioxo-isoindolin-5-yl]-2-methyl-isoindoline-1,3-dione;2-[4-[5-[2-[4-hydroxy-3-(6-methyl-3H-indol-2-yl)phenyl]-1,3-dioxo-isoindolin-5-yl]-1,3-dioxo-isoindolin-2-yl]phenyl]pyrrolo[3,4-f]isoindole-1,3,5,7-tetrone",CC1=CC2=C(CC(=N2)C3=C(C=CC(=C3)N4C(=O)C5=C(C4=O)C=C(C=C5)C6=CC7=C(C=C6)C(=O)N(C7=O)C8=CC=C(C=C8)N9C(=O)C2=C(C9=O)C=C3C(=C2)C(=O)NC3=O)O)C=C1.CC1=CC2=C(C=C1)NC(=N2)C3=C(C=C(C=C3)N4C(=O)C5=C(C4=O)C=C(C=C5)C6=CC7=C(C=C6)C(=O)N(C7=O)C8=CC(=C(C=C8)O)C9=NC1=C(N9)C=C(C=C1)N1C(=O)C2=C(C1=O)C=C(C=C2)C1=CC2=C(C=C1)C(=O)N(C2=O)C)O.CC1=CC2=C(C=C1)NC(=N2)C3=CC(=C(C=C3O)C4=NC5=C(C4)C=CC(=C5)N6C(=O)C7=C(C6=O)C=C(C=C7)C8=CC9=C(C=C8)C(=O)N(C9=O)C1=CC2=C(C=C1)NC(=N2)C1=CC(=C(C=C1O)C1=NC2=C(C1)C=CC(=C2)N1C(=O)C2=C(C1=O)C=C1C(=C2)C(=O)N(C1=O)C)O)O.CC1=CC2=C(C=C1)NC(=N2)C3=C(C=CC(=C3)N4C(=O)C5=C(C4=O)C=C(C=C5)C6=CC7=C(C=C6)C(=O)N(C7=O)C)O.CC1=CC2=C(C=C1)NC(=N2)C3=C(C=CC(=C3)N4C(=O)C5=C(C4=O)C=C(C=C5)C6=CC7=C(C=C6)C(=O)N(C7=O)C8=CC9=C(C=C8)NC(=N9)C1=C(C=CC(=C1)N1C(=O)C2=C(C1=O)C=C1C(=C2)C(=O)N(C1=O)C)O)O.CC1=CC(=C(C=C1)C2=NC3=NC4=C(C=C3C2)N=C(N4)C5=C(C=C(C=C5)N6C(=O)C7=C(C6=O)C=C(C=C7)C8=CC9=C(C=C8)C(=O)N(C9=O)C1=CC=C(C=C1)OC1=CC=C(C=C1)N1C(=O)C2=C(C1=O)C=C(C=C2)C1=CC2=C(C=C1)C(=O)N(C2=O)C)O)O.CC1=CC(=C(C=C1)C2=NC3=C(C2)C=C(C=C3)C4=CC5=C(C=C4)NC(=N5)C6=C(C=C(C=C6)N7C(=O)C8=C(C7=O)C=C(C=C8)C9=CC1=C(C=C9)C(=O)N(C1=O)C)O)O.CN1C(=O)C2=CC3=C(C=C2C1=O)C(=O)N(C3=O)C4=CC(=C(C=C4)O)C5=NC6=C(N5)C=CC(=C6)N7C(=O)C8=C(C7=O)C=C(C=C8)C9=CC1=C(C=C9)C(=O)N(C1=O)C1=CC=CC=C1,C419H240N54O72,95,26,48,59.2879399999995,7177.67785632,545,1745.19,0.3122869143187848,4,Media,0.564,0.1703703703703703,0.6473119414669974,0.5280765486928407,O=C(NC1=CC(=CC=C1)C1=NC2=C(N1)C=CC=C2)C1=CC=C(C=C1)C1=CC=CC=C1,0.32,0.0968,0.4168,0.22037283
3826546,4-bromo-2-[[(1-isopropylbenzimidazol-2-yl)amino]methyl]phenol,CC(C)N1C2=CC=CC=C2N=C1NCC3=C(C=CC(=C3)Br)O,C17H18BrN3O,4,2,4,4.697400000000004,359.063324296,22,50.08,0.4392971246006389,0,Media,0.562,0.7659574468085106,0.9903438626986852,0.9342472587261416,CN1C(NCC2=CC(Br)=CC=C2O)=NC2=C1C=CC=C2,0.8854,0.9002,1.7856,1.8530638
23908379,"methyl 6-[(5,6-dimethyl-1H-benzimidazol-2-yl)carbamoyl]pyridine-3-carboxylate",CC1=CC2=C(C=C1C)N=C(N2)NC(=O)C3=NC=C(C=C3)C(=O)OC,C17H16N4O3,5,2,3,2.61364,324.122240372,24,96.97,0.2474992265649169,0,Media,0.562,0.4736842105263157,0.7628589858190091,0.6905652919958358,CC1=CC2=C(NC(NC(=O)C3=NC=CC=C3)=N2)C=C1,0.8052,0.9002,1.7054,1.5397717
60978906,"5,6-dimethyl-2-(5-methyl-2-furyl)-1H-benzimidazole",CC1=CC=C(O1)C2=NC3=C(N2)C=C(C(=C3)C)C,C14H14N2O,2,1,1,3.748160000000002,226.110613068,17,41.82,0.4065040650406504,0,Media,0.562,0.4583333333333333,0.8554112478446466,0.7561417692168183,CC1=CC2=C(NC(=N2)C2=CC=C(O2)N(=O)=O)C=C1,0.9106,0.7768,1.6874,1.5116762
63399653,"2-(3,5-dichlorophenyl)-6-methyl-1H-benzimidazole",CC1=CC2=C(C=C1)N=C(N2)C3=CC(=CC(=C3)Cl)Cl,C14H10Cl2N2,1,1,1,4.845120000000001,276.02210368,18,28.68,0.6276150627615062,0,Media,0.562,0.3461538461538461,0.7235974238203753,0.6292365294037431,CC1=CC2=C(NC(=N2)C2=CC=C(O2)N(=O)=O)C=C1,0.7616,0.6545,1.4161,1.3993582
3987435,4-bromo-2-[[(3-propyl-1H-benzimidazol-3-ium-2-yl)amino]methyl]phenolate,CCC[N+]1=C(NC2=CC=CC=C21)NCC3=C(C=CC(=C3)Br)[O-],C17H18BrN3O,2,2,5,3.313600000000001,359.063324296,22,54.75999999999999,0.4017531044558072,0,Media,0.562,0.2878787878787879,0.8876374374652147,0.737697775068608,CN1C(NCC2=CC(Br)=CC=C2O)=NC2=C1C=CC=C2,0.8464,0.6277,1.4741,1.5088935
145973048,"2-(2-bromo-4,5-dimethoxy-phenyl)-6-fluoro-1H-benzimidazole",COC1=C(C=C(C(=C1)C2=NC3=C(N2)C=C(C=C3)F)Br)OC,C15H12BrFN2O2,3,1,3,4.148700000000002,350.006617944,21,47.14,0.4454815443360204,0,Media,0.562,0.2222222222222222,0.8758402044553547,0.7124357088970716,CC1=CC2=C(NC(=N2)C2=CC=C(O2)N(=O)=O)C=C1,0.6983,0.6824,1.3806,1.3102385
46906816,"2-(1,3-benzodioxol-5-yl)-6-(trifluoromethyl)-1H-benzimidazole",C1OC2=C(O1)C=C(C=C2)C3=NC4=C(N3)C=C(C=C4)C(F)(F)F,C15H9F3N2O2,3,1,1,3.977400000000001,306.061612188,22,47.14,0.4666949512091642,0,Media,0.561,0.234375,0.8873189770342302,0.7240829827756727,CC1=CC2=C(NC(=N2)C2=CC=C(O2)N(=O)=O)C=C1,0.7744,0.6433,1.4177,1.3239174
4775741,5-bromo-2-(difluoromethoxy)-N-(1-methylbenzimidazol-2-yl)benzamide,CN1C2=CC=CC=C2N=C1NC(=O)C3=C(C=CC(=C3)Br)OC(F)F,C16H12BrF2N3O2,4,1,4,4.189500000000002,395.0080951639999,24,56.15000000000001,0.4274265360641139,0,Media,0.56,0.4426229508196721,0.9295728669929508,0.8078353879496312,CN1C(NCC2=CC(Br)=CC=C2O)=NC2=C1C=CC=C2,0.6711,0.4742,1.1453,1.2762874
58190910,N-[4-butanoyl-6-(4-pyridyl)-1H-benzimidazol-2-yl]isoquinoline-3-carboxamide,CCCC(=O)C1=C2C(=CC(=C1)C3=CC=NC=C3)NC(=N2)NC(=O)C4=CC5=CC=CC=C5C=N4,C26H21N5O2,5,2,6,5.408200000000004,435.169524912,33,100.63,0.3279340157010831,1,Media,0.56,0.4057971014492754,0.5367352825460179,0.5040007372718323,CC1=CC2=C(NC(NC(=O)C3=NC=CC=C3)=N2)C=C1,0.5804,0.6434,1.2238,1.2882856
102883698,6-fluoro-2-(2-fluoro-4-methoxy-phenyl)-1H-benzimidazole,COC1=CC(=C(C=C1)C2=NC3=C(N2)C=C(C=C3)F)F,C14H10F2N2O,2,1,2,3.516700000000001,260.07611938,19,37.91,0.5011870218939595,0,Media,0.56,0.2258064516129032,0.8620520013341024,0.7029906139038026,CC1=CC2=C(NC(=N2)C2=CC=C(O2)N(=O)=O)C=C1,0.7473,0.6473,1.3945,1.3992233
118207647,2-[2-chloro-5-[methyl-[2-methyl-4-[4-(trifluoromethyl)phenyl]benzoyl]amino]phenyl]benzimidazole-1-carboxylic acid,CC1=C(C=CC(=C1)C2=CC=C(C=C2)C(F)(F)F)C(=O)N(C)C3=CC(=C(C=C3)Cl)C4=NC5=CC=CC=C5N4C(=O)O,C30H21ClF3N3O3,4,1,4,8.153620000000004,563.1223538720001,40,75.43,0.5302929868752485,2,Media,0.56,0.2235294117647059,0.7506703839464813,0.6188851409010375,O=C(NC1=CC(=CC=C1)C1=NC2=C(N1)C=CC=C2)C1=CC=C(C=C1)C1=CC=CC=C1,0.7214,0.5534,1.2748,1.1567231
135441671,ethyl N-[(E)-1-(1H-benzimidazol-2-yl)ethylideneamino]carbamate,CCOC(=O)NN=C(C)C1=NC2=CC=CC=C2N1,C12H14N4O2,4,2,3,2.033,246.111675688,18,79.37,0.2267859392717651,0,Media,0.56,0.1940298507462686,0.910945204426672,0.7317163660065711,CC1=CC2=C(NC(=N2)C2=CC=C(O2)N(=O)=O)C=C1,0.709,0.687,1.396,1.4469078
166454218,methyl 6-[[1-[5-(tert-butoxycarbonylamino)pentyl]-5-[(4-methylpiperazin-1-yl)methyl]benzimidazol-2-yl]carbamoyl]pyridine-2-carboxylate,CC(C)(C)OC(=O)NCCCCCN1C2=C(C=C(C=C2)CN3CCN(CC3)C)N=C1NC(=O)C4=NC(=CC=C4)C(=O)OC,C31H43N7O5,10,2,11,3.912600000000003,593.3325674760001,43,130.92,0.3284448518179041,1,Media,0.56,0.1935483870967742,0.2751101426932922,0.2547197037941627,CC1=CC2=C(NC(NC(=O)C3=NC=CC=C3)=N2)C=C1,0.3183,0.4088,0.7271,0.73167884
137640670,7-chloro-2-[6-(trifluoromethyl)-1H-benzimidazol-2-yl]quinoline,C1=CC(=CC2=C1C=CC(=N2)C3=NC4=C(N3)C=C(C=C4)C(F)(F)F)Cl,C17H9ClF3N3,2,1,1,5.450300000000001,347.043709628,24,41.57,0.5773394274717344,1,Media,0.5591333333333335,0.2,0.7948686449325688,0.6461514836994267,CC1=CC2=C(NC(=N2)C2=CC=C(O2)N(=O)=O)C=C1,0.7853,0.6882,1.4735,1.3035166
787426,5-methoxy-2-[[(1-methylbenzimidazol-2-yl)amino]methyl]phenol,CN1C2=CC=CC=C2N=C1NCC3=C(C=C(C=C3)OC)O,C16H17N3O2,5,2,4,2.899600000000001,283.132076784,21,59.31,0.3540718259989883,0,Media,0.558,0.6078431372549019,0.9793995967006722,0.8865104818392296,CN1C(NCC2=CC(Br)=CC=C2O)=NC2=C1C=CC=C2,0.8987,0.8004,1.6991,1.7001121
134854259,N-benzyl-1-prop-2-ynyl-benzimidazol-2-amine,C#CCN1C2=CC=CC=C2N=C1NCC3=CC=CC=C3,C17H15N3,3,1,4,3.281600000000001,261.12659748,20,29.85,0.6700167504187604,0,Media,0.558,0.3636363636363636,0.9624396783753992,0.8127388496906404,CN1C(NCC2=CC(Br)=CC=C2O)=NC2=C1C=CC=C2,0.9156,0.6007,1.5163,1.4919014
977700,N-[(2-ethoxyphenyl)methyl]-1-methyl-benzimidazol-2-amine,CCOC1=CC=CC=C1CNC2=NC3=CC=CC=C3N2C,C17H19N3O,4,1,5,3.584100000000002,281.152812228,21,39.08,0.5373592630501536,0,Media,0.556,0.5294117647058824,0.945171767534095,0.8412317668270418,CN1C(NCC2=CC(Br)=CC=C2O)=NC2=C1C=CC=C2,0.8465,0.7782,1.6248,1.538281
60978115,"2-(5,6-dimethyl-1H-benzimidazol-2-yl)quinoline",CC1=CC2=C(C=C1C)N=C(N2)C3=NC4=CC=CC=C4C=C3,C18H15N3,2,1,1,4.394940000000003,273.12659748,21,41.57,0.5051719990377677,0,Media,0.556,0.2857142857142857,0.8314889497699518,0.6950452837560352,CC1=CC2=C(NC(=N2)C2=CC=C(O2)N(=O)=O)C=C1,0.8261,0.6882,1.5143,1.3754747
135463022,2-(1H-benzimidazol-2-yl)-4-methoxy-phenol,COC1=CC(=C(C=C1)O)C2=NC3=CC=CC=C3N2,C14H12N2O2,3,2,2,2.944100000000001,240.089877624,18,58.14,0.3095975232198142,0,Media,0.556,0.25,0.9166694532448544,0.7500020899336408,CC1=CC2=C(NC(=N2)C2=CC=C(O2)N(=O)=O)C=C1,0.756,0.5639,1.3199,1.3309042
60646448,2-(3-chlorophenyl)-4-methyl-1H-benzimidazole,CC1=C2C(=CC=C1)NC(=N2)C3=CC(=CC=C3)Cl,C14H11ClN2,1,1,1,4.191720000000002,242.061076032,17,28.68,0.592747559274756,0,Media,0.556,0.2203389830508474,0.7303676435831946,0.6028604784501078,CC1=CC2=C(NC(=N2)C2=CC=C(O2)N(=O)=O)C=C1,0.7648,0.6546,1.4194,1.402382
881881,5-(1-methylbenzimidazol-2-yl)furan-2-carbaldehyde,CN1C2=CC=CC=C2N=C1C3=CC=C(O3)C=O,C13H10N2O2,4,0,2,2.6458,226.07422756,17,48.03,0.3539454507599417,0,Media,0.556,0.2131147540983606,0.9128427927359573,0.7379107830765581,CC1=CC2=C(NC(=N2)C2=CC=C(O2)N(=O)=O)C=C1,0.8581,0.7773,1.6354,1.4181867
152901365,1-[2-[4-[4-methyl-6-(1-methylbenzimidazol-2-yl)-2-propyl-benzimidazole-1-carbonyl]phenyl]phenyl]-4H-triazol-5-one,CCCC1=NC2=C(N1C(=O)C3=CC=C(C=C3)C4=CC=CC=C4N5C(=O)CN=N5)C=C(C=C2C)C6=NC7=CC=CC=C7N6C,C34H29N7O2,8,0,6,6.920220000000007,567.2382731680001,43,97.74,0.4399427051360752,2,Media,0.556,0.2043010752688172,0.3206995434634675,0.2915999264148049,O=C(NC1=CC(=CC=C1)C1=NC2=C(N1)C=CC=C2)C1=CC=C(C=C1)C1=CC=CC=C1,0.4986,0.3112,0.8097,0.8267255
5167020,"2,4-dibromo-6-[[(1-hexylbenzimidazol-2-yl)amino]methyl]phenol",CCCCCCN1C2=CC=CC=C2N=C1NCC3=C(C(=CC(=C3)Br)Br)O,C20H23Br2N3O,4,2,8,6.459300000000005,479.0207865560001,26,50.08,0.5191693290734825,1,Media,0.554,0.5254237288135594,0.9177789316185136,0.8196901309172749,CN1C(NCC2=CC(Br)=CC=C2O)=NC2=C1C=CC=C2,0.6845,0.7503,1.4347,1.45723
3754156,"2,4-dibromo-6-[[(1-heptylbenzimidazol-2-yl)amino]methyl]phenol",CCCCCCCN1C2=CC=CC=C2N=C1NCC3=C(C(=CC(=C3)Br)Br)O,C21H25Br2N3O,4,2,9,6.849400000000005,493.0364366200001,27,50.08,0.5391373801916933,1,Media,0.554,0.5254237288135594,0.8999234304934389,0.806298505073469,CN1C(NCC2=CC(Br)=CC=C2O)=NC2=C1C=CC=C2,0.6429,0.7503,1.3932,1.4102786
3652468,"2,4-dibromo-6-[[(1-octylbenzimidazol-2-yl)amino]methyl]phenol",CCCCCCCCN1C2=CC=CC=C2N=C1NCC3=C(C(=CC(=C3)Br)Br)O,C22H27Br2N3O,4,2,10,7.239500000000006,507.0520866840001,28,50.08,0.5591054313099042,2,Media,0.554,0.5254237288135594,0.8818777417709517,0.7927642385316036,CN1C(NCC2=CC(Br)=CC=C2O)=NC2=C1C=CC=C2,0.6041,0.6925,1.2966,1.4463166
3672299,"2,4-dibromo-6-[[(1-nonylbenzimidazol-2-yl)amino]methyl]phenol",CCCCCCCCCN1C2=CC=CC=C2N=C1NCC3=C(C(=CC(=C3)Br)Br)O,C23H29Br2N3O,4,2,11,7.629600000000006,521.067736748,29,50.08,0.5790734824281151,2,Media,0.554,0.5254237288135594,0.8639396556271657,0.7793106739237641,CN1C(NCC2=CC(Br)=CC=C2O)=NC2=C1C=CC=C2,0.5677,0.8183,1.386,1.415656
4025747,"2,4-dibromo-6-[[(1-hexadecylbenzimidazol-2-yl)amino]methyl]phenol",CCCCCCCCCCCCCCCCN1C2=CC=CC=C2N=C1NCC3=C(C(=CC(=C3)Br)Br)O,C30H43Br2N3O,4,2,18,10.36029999999999,619.1772871960001,36,50.08,0.7188498402555911,2,Media,0.554,0.5254237288135594,0.7528901918713307,0.6960235761068878,CN1C(NCC2=CC(Br)=CC=C2O)=NC2=C1C=CC=C2,0.4064,0.8183,1.2248,1.2753668
66940281,2-(isoquinoline-3-carbonylamino)-3H-benzimidazole-5-carboxylic acid,C1=CC=C2C=NC(=CC2=C1)C(=O)NC3=NC4=C(N3)C=C(C=C4)C(=O)O,C18H12N4O3,4,3,3,3.0616,332.090940244,25,107.97,0.2315457997591923,0,Media,0.554,0.4482758620689655,0.9050018603576876,0.7908203607855071,CC1=CC2=C(NC(NC(=O)C3=NC=CC=C3)=N2)C=C1,0.7738,0.6921,1.4659,1.3090093
58190696,N-[6-(2-thiazol-2-ylacetyl)-1H-benzimidazol-2-yl]isoquinoline-3-carboxamide,C1=CC=C2C=NC(=CC2=C1)C(=O)NC3=NC4=C(N3)C=C(C=C4)C(=O)CC5=NC=CS5,C22H15N5O2S,6,2,5,4.245300000000002,413.0946457200001,30,100.63,0.2981218324555301,0,Media,0.554,0.4117647058823529,0.5672272158756625,0.528361588377335,CC1=CC2=C(NC(NC(=O)C3=NC=CC=C3)=N2)C=C1,0.6736,0.6927,1.3663,1.2493703
58026364,methyl 6-cyano-2-(isoquinoline-3-carbonylamino)-1H-benzimidazole-4-carboxylate,COC(=O)C1=C2C(=CC(=C1)C#N)NC(=N2)NC(=O)C3=CC4=CC=CC=C4C=N3,C20H13N5O3,6,2,3,3.021680000000001,371.101839276,28,120.76,0.2318648559125538,0,Media,0.554,0.3939393939393939,0.6058614096764473,0.552880905742184,CC1=CC2=C(NC(NC(=O)C3=NC=CC=C3)=N2)C=C1,0.7075,0.7503,1.4579,1.263026
58190815,N-[4-(2-cyclopentylacetyl)-6-(4-pyridyl)-1H-benzimidazol-2-yl]isoquinoline-3-carboxamide,C1CCC(C1)CC(=O)C2=C3C(=CC(=C2)C4=CC=NC=C4)NC(=N3)NC(=O)C5=CC6=CC=CC=C6C=N5,C29H25N5O2,5,2,6,6.188400000000005,475.2008250400001,36,100.63,0.3577461989466362,1,Media,0.554,0.3648648648648648,0.4967246604457417,0.4637597115505225,CC1=CC2=C(NC(NC(=O)C3=NC=CC=C3)=N2)C=C1,0.5037,0.6436,1.1473,1.1696335
132291604,N-(1-ethyl-5-methyl-benzimidazol-2-yl)-3-(trifluoromethyl)pyridine-2-carboxamide,CCN1C2=C(C=C(C=C2)C)N=C1NC(=O)C3=C(C=CC=N3)C(F)(F)F,C17H15F3N4O,4,1,3,4.030720000000002,348.11979576,25,59.81,0.4179903026249791,0,Media,0.554,0.3382352941176471,0.2603005316978799,0.2797842223028217,CC1=CC2=C(NC(NC(=O)C3=NC=CC=C3)=N2)C=C1,0.7108,0.692,1.4028,1.181329
695737,[1-(1H-benzimidazol-2-yl)ethylideneamino]thiourea,CC(=NNC(=S)N)C1=NC2=CC=CC=C2N1,C10H11N5S,3,3,2,1.1201,233.073516352,16,79.09,0.2023011758755847,0,Media,0.554,0.171875,0.7001914987102118,0.5681123740326588,CC1=CC2=C(NC(=N2)C2=CC=C(O2)N(=O)=O)C=C1,0.8498,0.6027,1.4525,1.3799845
135403943,[(E)-1-(1H-benzimidazol-2-yl)ethylideneamino]thiourea,CC(=NNC(=S)N)C1=NC2=CC=CC=C2N1,C10H11N5S,3,3,2,1.1201,233.073516352,16,79.09,0.2023011758755847,0,Media,0.554,0.171875,0.7001914987102118,0.5681123740326588,CC1=CC2=C(NC(=N2)C2=CC=C(O2)N(=O)=O)C=C1,0.8498,0.6027,1.4525,1.3799845
3623288,4-bromo-2-[[(1-hexylbenzimidazol-2-yl)amino]methyl]phenol,CCCCCCN1C2=CC=CC=C2N=C1NCC3=C(C=CC(=C3)Br)O,C20H24BrN3O,4,2,8,5.696800000000005,401.110274488,25,50.08,0.4992012779552716,1,Media,0.552,0.7115384615384616,0.9444197650281496,0.8861994391557276,CN1C(NCC2=CC(Br)=CC=C2O)=NC2=C1C=CC=C2,0.6894,0.8185,1.5079,1.5231324
3285776,4-bromo-2-[[(1-heptylbenzimidazol-2-yl)amino]methyl]phenol,CCCCCCCN1C2=CC=CC=C2N=C1NCC3=C(C=CC(=C3)Br)O,C21H26BrN3O,4,2,9,6.086900000000005,415.125924552,26,50.08,0.5191693290734825,1,Media,0.552,0.7115384615384616,0.9261926534251788,0.8725291054534996,CN1C(NCC2=CC(Br)=CC=C2O)=NC2=C1C=CC=C2,0.6478,0.8185,1.4663,1.46961
3794695,4-bromo-2-[[(1-octylbenzimidazol-2-yl)amino]methyl]phenol,CCCCCCCCN1C2=CC=CC=C2N=C1NCC3=C(C=CC(=C3)Br)O,C22H28BrN3O,4,2,10,6.477000000000006,429.141574616,27,50.08,0.5391373801916933,1,Media,0.552,0.7115384615384616,0.9073216732841698,0.8583758703477428,CN1C(NCC2=CC(Br)=CC=C2O)=NC2=C1C=CC=C2,0.6062,0.7503,1.3565,1.4443805
3302541,4-bromo-2-[[(1-nonylbenzimidazol-2-yl)amino]methyl]phenol,CCCCCCCCCN1C2=CC=CC=C2N=C1NCC3=C(C=CC(=C3)Br)O,C23H30BrN3O,4,2,11,6.867100000000006,443.15722468,28,50.08,0.5591054313099042,1,Media,0.552,0.7115384615384616,0.8882587644468267,0.8440786887197355,CN1C(NCC2=CC(Br)=CC=C2O)=NC2=C1C=CC=C2,0.5735,0.9002,1.4737,1.4451616
3814218,4-bromo-2-[[(1-decylbenzimidazol-2-yl)amino]methyl]phenol,CCCCCCCCCCN1C2=CC=CC=C2N=C1NCC3=C(C=CC(=C3)Br)O,C24H32BrN3O,4,2,12,7.257200000000006,457.172874744,29,50.08,0.5790734824281151,1,Media,0.552,0.7115384615384616,0.8693374305710534,0.8298876883129055,CN1C(NCC2=CC(Br)=CC=C2O)=NC2=C1C=CC=C2,0.5444,0.9002,1.4446,1.4452336
3696131,4-bromo-2-[[(1-hexadecylbenzimidazol-2-yl)amino]methyl]phenol,CCCCCCCCCCCCCCCCN1C2=CC=CC=C2N=C1NCC3=C(C=CC(=C3)Br)O,C30H44BrN3O,4,2,18,9.597799999999998,541.2667751280001,35,50.08,0.6988817891373802,2,Media,0.552,0.7115384615384616,0.7677140541084153,0.7536701559659269,CN1C(NCC2=CC(Br)=CC=C2O)=NC2=C1C=CC=C2,0.4138,0.9002,1.314,1.4794244
3948747,1-methyl-N-[(5-methyl-2-furyl)methyl]benzimidazol-2-amine,CC1=CC=C(O1)CNC2=NC3=CC=CC=C3N2C,C14H15N3O,4,1,3,3.086820000000001,241.1215121,18,42.99,0.418702023726448,0,Media,0.552,0.4901960784313725,0.9438836739112232,0.8304617750412606,CN1C(NCC2=CC(Br)=CC=C2O)=NC2=C1C=CC=C2,0.9036,0.6166,1.5202,1.4870188
787427,2-[[(1-ethylbenzimidazol-2-yl)amino]methyl]-5-methoxy-phenol,CCN1C2=CC=CC=C2N=C1NCC3=C(C=C(C=C3)OC)O,C17H19N3O2,5,2,5,3.382500000000002,297.147726848,22,59.31,0.3709323891417973,0,Media,0.552,0.4655172413793103,0.9824979496767368,0.8532527726023802,CN1C(NCC2=CC(Br)=CC=C2O)=NC2=C1C=CC=C2,0.8569,0.8004,1.6572,1.5743121
924348,N-benzyl-1-propyl-benzimidazol-2-amine,CCCN1C2=CC=CC=C2N=C1NCC3=CC=CC=C3,C17H19N3,3,1,5,4.058400000000002,265.157897608,20,29.85,0.6700167504187604,0,Media,0.552,0.4230769230769231,0.937907801392652,0.8092000818137198,CN1C(NCC2=CC(Br)=CC=C2O)=NC2=C1C=CC=C2,0.8319,0.6007,1.4326,1.4755619
3987436,4-bromo-2-[[(3-propyl-1H-benzimidazol-3-ium-2-yl)amino]methyl]phenol,CCC[N+]1=C(NC2=CC=CC=C21)NCC3=C(C=CC(=C3)Br)O,C17H19BrN3O+,2,3,5,3.945600000000003,360.07060074809,22,51.92999999999999,0.4236472174080493,0,Media,0.552,0.4166666666666667,0.8670780653584483,0.7544752156855029,CN1C(NCC2=CC(Br)=CC=C2O)=NC2=C1C=CC=C2,0.852,0.7206,1.5727,1.5407579
1092987,N-benzyl-1-ethyl-benzimidazol-2-amine,CCN1C2=CC=CC=C2N=C1NCC3=CC=CC=C3,C16H17N3,3,1,4,3.668300000000002,251.142247544,19,29.85,0.6365159128978224,0,Media,0.552,0.4117647058823529,0.958278482778708,0.8216500385546192,CN1C(NCC2=CC(Br)=CC=C2O)=NC2=C1C=CC=C2,0.9033,0.6673,1.5706,1.520659
51033097,(E)-N-(1H-benzimidazol-2-yl)-1-(3-bromophenyl)ethanimine,CC(=NC1=NC2=CC=CC=C2N1)C3=CC(=CC=C3)Br,C15H12BrN3,2,1,2,4.466100000000002,313.021459484,19,41.04,0.4629629629629629,0,Media,0.552,0.2580645161290322,0.9071941668047898,0.7449117541358503,CN1C(NCC2=CC(Br)=CC=C2O)=NC2=C1C=CC=C2,0.5931,0.3091,0.9022,1.276611
101432364,1-[6-(1-isopropylbenzimidazol-2-yl)-2-pyridyl]ethanone,CC(C)N1C2=CC=CC=C2N=C1C3=NC(=CC=C3)C(=O)C,C17H17N3O,4,0,3,3.881800000000003,279.137162164,21,47.78,0.4395144411887819,0,Media,0.552,0.1323529411764706,0.8756753561098345,0.6898447523764936,CC1=CC2=C(NC(=N2)C2=CC=C(O2)N(=O)=O)C=C1,0.5785,0.573,1.1515,1.2474389
2850397,"(1-methylbenzimidazol-2-yl)-(2,3,5,6-tetramethylphenyl)diazene",CC1=CC(=C(C(=C1C)N=NC2=NC3=CC=CC=C3N2C)C)C,C18H20N4,4,0,2,5.222380000000005,292.16879664,22,42.54,0.5171603196991067,1,Media,0.551,0.3214285714285714,0.7879160154703574,0.6712941544599109,CN1C(NCC2=CC(Br)=CC=C2O)=NC2=C1C=CC=C2,0.394,0.4025,0.7964,0.812001
936609,N-[(2-chlorophenyl)methyl]-1-methyl-benzimidazol-2-amine,CN1C2=CC=CC=C2N=C1NCC3=CC=CC=C3Cl,C15H14ClN3,3,1,3,3.838800000000002,271.087625128,19,29.85,0.6365159128978224,0,Media,0.55,0.574468085106383,0.9693119261114194,0.8706009658601603,CN1C(NCC2=CC(Br)=CC=C2O)=NC2=C1C=CC=C2,0.9785,0.6674,1.6459,1.6542258
876278,"N2-benzylbenzimidazole-1,2-diamine",C1=CC=C(C=C1)CNC2=NC3=CC=CC=C3N2N,C14H14N4,4,2,3,2.3622,238.121846448,18,55.87,0.3221764811168784,0,Media,0.55,0.392156862745098,0.965869828136741,0.8224415867888303,CN1C(NCC2=CC(Br)=CC=C2O)=NC2=C1C=CC=C2,0.9456,0.6007,1.5462,1.5489125
3511631,1-ethyl-N-(2-morpholinoethyl)benzimidazol-2-amine,CCN1C2=CC=CC=C2N=C1NCCN3CCOCC3,C15H22N4O,5,1,5,1.8003,274.179361324,20,42.32000000000001,0.4725897920604914,0,Media,0.55,0.3278688524590163,0.9008611509549412,0.7576130763309601,CN1C(NCC2=CC(Br)=CC=C2O)=NC2=C1C=CC=C2,0.8126,0.5186,1.3312,1.3367907
665867,N-benzyl-6-methyl-1H-benzimidazol-2-amine,CC1=CC2=C(C=C1)N=C(N2)NCC3=CC=CC=C3,C15H15N3,2,2,3,3.483420000000001,237.12659748,18,40.71,0.4421518054532056,0,Media,0.55,0.2295081967213114,0.8910652978427949,0.7256760225624239,CN1C(NCC2=CC(Br)=CC=C2O)=NC2=C1C=CC=C2,0.8503,0.6006,1.4509,1.5309577
4889185,N-[(2-methoxyphenyl)methyl]-1-propyl-benzimidazol-2-amine,CCCN1C2=CC=CC=C2N=C1NCC3=CC=CC=C3OC,C18H21N3O,4,1,6,4.067000000000003,295.168462292,22,39.08,0.5629477993858751,0,Media,0.548,0.4210526315789473,0.9322117122276248,0.8044219420654554,CN1C(NCC2=CC(Br)=CC=C2O)=NC2=C1C=CC=C2,0.8239,0.7005,1.5244,1.4175048
12498738,6-chloro-2-(2-thienyl)-1H-benzimidazole,C1=CSC(=C1)C2=NC3=C(N2)C=C(C=C3)Cl,C11H7ClN2S,2,1,1,3.944800000000001,234.001846904,15,28.68,0.5230125523012552,0,Media,0.548,0.2203389830508474,0.7903617536152528,0.6478560609741515,CC1=CC2=C(NC(=N2)C2=CC=C(O2)N(=O)=O)C=C1,0.8649,0.664,1.5289,1.4776763
430557,2-pyridin-1-ium-1-yl-1H-benzimidazole,C1=CC=[N+](C=C1)C2=NC3=CC=CC=C3N2,C12H10N3+,1,1,1,1.8396,196.08692374009,15,32.56,0.4606879606879606,0,Media,0.548,0.1851851851851851,0.7529597870963376,0.6110161366185495,CC1=CC2=C(NC(=N2)C2=CC=C(O2)N(=O)=O)C=C1,0.8649,0.6616,1.5266,1.4530804
3793515,"2,4-dibromo-6-[[(1-isopropylbenzimidazol-2-yl)amino]methyl]phenol",CC(C)N1C2=CC=CC=C2N=C1NCC3=C(C(=CC(=C3)Br)Br)O,C17H17Br2N3O,4,2,4,5.459900000000004,436.973836364,23,50.08,0.4592651757188498,1,Media,0.546,0.5555555555555556,0.96596942031498,0.863365954125124,CN1C(NCC2=CC(Br)=CC=C2O)=NC2=C1C=CC=C2,0.8806,0.8183,1.6989,1.709538
977260,N-[(3-bromophenyl)methyl]-1-ethyl-benzimidazol-2-amine,CCN1C2=CC=CC=C2N=C1NCC3=CC(=CC=C3)Br,C16H16BrN3,3,1,4,4.430800000000002,329.052759612,20,29.85,0.6700167504187604,0,Media,0.546,0.4814814814814814,0.940153486804894,0.8254854854740409,CN1C(NCC2=CC(Br)=CC=C2O)=NC2=C1C=CC=C2,0.9263,0.7781,1.7044,1.5369833
690682,N-(2-phenylethyl)-1H-benzimidazole-2-carboxamide,C1=CC=C(C=C1)CCNC(=O)C2=NC3=CC=CC=C3N2,C16H15N3O,2,2,4,2.5354,265.1215121,20,57.78,0.3461405330564209,0,Media,0.546,0.4,0.3081238972426114,0.3310929229319586,O=C(N\N=C\C1=CC=C(O1)N(=O)=O)C1=NC2=C(N1)C=CC=C2,0.7538,0.6372,1.391,1.3182137
13004851,6-fluoro-2-(5-methyl-2-thienyl)-1H-benzimidazole,CC1=CC=C(S1)C2=NC3=C(N2)C=C(C=C3)F,C12H9FN2S,2,1,1,3.738920000000001,232.047047508,16,28.68,0.5578800557880056,0,Media,0.546,0.2631578947368421,0.8042848254432743,0.6690030927666663,CC1=CC2=C(NC(=N2)C2=CC=C(O2)N(=O)=O)C=C1,0.8747,0.664,1.5386,1.4551826
71355852,"2-(6-chloro-1H-benzimidazol-2-yl)-4,5-dihydrothiazole",C1CSC(=N1)C2=NC3=C(N2)C=C(C=C3)Cl,C10H8ClN3S,3,1,1,2.709700000000001,237.012745936,15,41.04,0.3654970760233918,0,Media,0.546,0.2131147540983606,0.9291673783995028,0.7501542223242174,CC1=CC2=C(NC(=N2)C2=CC=C(O2)N(=O)=O)C=C1,0.8341,0.7698,1.6039,1.4847314
91008216,N-(6-methyl-1H-benzimidazol-2-yl)isoquinoline-3-carboxamide,CC1=CC2=C(C=C1)N=C(N2)NC(=O)C3=CC4=CC=CC=C4C=N3,C18H14N4O,3,2,2,3.671820000000001,302.116761068,23,70.67,0.3254563463987547,0,Media,0.544,0.5961538461538461,0.8740019430111649,0.8045399187968352,CC1=CC2=C(NC(NC(=O)C3=NC=CC=C3)=N2)C=C1,0.7768,0.8999,1.6767,1.6700528
132284099,4-fluoro-1-methyl-N-(3-pyridylmethyl)benzimidazol-2-amine,CN1C2=C(C(=CC=C2)F)N=C1NCC3=CN=CC=C3,C14H13FN4,4,1,3,2.719500000000001,256.112424636,19,42.74,0.4445484323818436,0,Media,0.544,0.3114754098360656,0.9501748018761528,0.7904999538661311,CN1C(NCC2=CC(Br)=CC=C2O)=NC2=C1C=CC=C2,0.9698,0.6008,1.5706,1.277097
58190870,N-[6-(benzenesulfonylmethyl)-4-[2-(3H-pyrrol-2-yl)acetyl]-1H-benzimidazol-2-yl]isoquinoline-3-carboxamide,C1C=CN=C1CC(=O)C2=C3C(=CC(=C2)CS(=O)(=O)C4=CC=CC=C4)NC(=N3)NC(=O)C5=CC6=CC=CC=C6C=N5,C30H23N5O4S,7,2,8,5.268500000000003,549.147075216,40,134.24,0.2979737783075089,2,Media,0.544,0.3048780487804878,0.3944296655910328,0.3720417613883965,CC1=CC2=C(NC(NC(=O)C3=NC=CC=C3)=N2)C=C1,0.4993,0.563,1.0623,1.0674999
1386286,"2,4-dibromo-6-[[(3-methyl-1H-benzimidazol-3-ium-2-yl)amino]methyl]phenol",C[N+]1=C(NC2=CC=CC=C21)NCC3=C(C(=CC(=C3)Br)Br)O,C15H14Br2N3O+,2,3,3,3.835100000000002,409.94981268809,21,51.92999999999999,0.4043905257076834,0,Media,0.544,0.3015873015873015,0.8654427788136112,0.7244789095070338,CN1C(NCC2=CC(Br)=CC=C2O)=NC2=C1C=CC=C2,0.9756,0.7207,1.6963,1.6297065
162786991,2-[1-(1H-benzimidazol-2-yl)ethylideneamino]phenol,CC(=NC1=CC=CC=C1O)C2=NC3=CC=CC=C3N2,C15H13N3O,3,2,2,3.409200000000001,251.105862036,19,61.27,0.3101028235678146,0,Media,0.544,0.2131147540983606,0.955480251927858,0.7698888774704836,CN1C(NCC2=CC(Br)=CC=C2O)=NC2=C1C=CC=C2,0.5783,0.4389,1.0172,1.2105066
66561322,"N-benzyl-5,6-dimethyl-1H-benzimidazol-2-amine",CC1=CC2=C(C=C1C)N=C(N2)NCC3=CC=CC=C3,C16H17N3,2,2,3,3.791840000000001,251.142247544,19,40.71,0.4667157946450503,0,Media,0.542,0.2333333333333333,0.8981792202704117,0.7319677485361422,CN1C(NCC2=CC(Br)=CC=C2O)=NC2=C1C=CC=C2,0.8052,0.6007,1.4059,1.4992609
883465,"2,4-dichloro-6-[[(1-methylbenzimidazol-2-yl)amino]methyl]phenol",CN1C2=CC=CC=C2N=C1NCC3=C(C(=CC(=C3)Cl)Cl)O,C15H13Cl2N3O,4,2,3,4.197800000000003,321.043567396,21,50.08,0.4193290734824281,0,Media,0.54,0.5882352941176471,0.9974686371072694,0.8951603013598638,CN1C(NCC2=CC(Br)=CC=C2O)=NC2=C1C=CC=C2,0.9902,0.889,1.8792,1.7395422
1415691,"2-[(1H-benzimidazol-2-ylamino)methyl]-4,6-dibromo-phenol",C1=CC=C2C(=C1)NC(=N2)NCC3=C(C(=CC(=C3)Br)Br)O,C14H11Br2N3O,3,3,3,4.405600000000002,394.926886172,20,60.94,0.3281916639317361,0,Media,0.54,0.3793103448275862,0.9426241874564324,0.801795726799221,CN1C(NCC2=CC(Br)=CC=C2O)=NC2=C1C=CC=C2,0.929,0.818,1.747,1.561465
5253574,5-bromo-N-[1-[2-(diethylamino)ethyl]benzimidazol-2-yl]-2-(difluoromethoxy)benzamide,CCN(CC)CCN1C2=CC=CC=C2N=C1NC(=O)C3=C(C=CC(=C3)Br)OC(F)F,C21H23BrF2N4O2,5,1,9,4.994300000000004,480.0972445160001,30,59.39,0.5051355447044957,0,Media,0.54,0.3561643835616438,0.8659254918045415,0.7384852147438171,CN1C(NCC2=CC(Br)=CC=C2O)=NC2=C1C=CC=C2,0.467,0.4384,0.9054,1.1636392
24212893,2-(5-chloro-2-furyl)-3H-benzimidazol-5-amine,C1=CC2=C(C=C1N)NC(=N2)C3=CC=C(O3)Cl,C11H8ClN3O,3,2,1,3.0585,233.035589556,16,67.84,0.2358490566037735,0,Media,0.54,0.3518518518518518,0.920277789739526,0.7781713052676076,CC1=CC2=C(NC(=N2)C2=CC=C(O2)N(=O)=O)C=C1,0.8589,0.636,1.4949,1.4848717
162562536,"N-[4-(1H-imidazol-2-ylcarbamoyl)-6-(trifluoromethyl)-1H-benzimidazol-2-yl]-5,6-dihydroisoquinoline-3-carboxamide",C1CC2=CC(=NC=C2C=C1)C(=O)NC3=NC4=C(C=C(C=C4N3)C(F)(F)F)C(=O)NC5=NC=CN5,C22H16F3N7O2,5,4,4,4.1638,467.1317574120001,34,128.45,0.2646944336317633,0,Media,0.54,0.275,0.8160826615594944,0.6808119961696207,CC1=CC2=C(NC(NC(=O)C3=NC=CC=C3)=N2)C=C1,0.6119,0.5629,1.1748,1.0942986
2771803,2-(3-thienyl)-3H-benzimidazole-5-carboxylic acid,C1=CC2=C(C=C1C(=O)O)NC(=N2)C3=CSC=C3,C12H8N2O2S,3,2,2,2.9896,244.030648496,17,65.97999999999999,0.2576538344953016,0,Media,0.54,0.2258064516129032,0.9291868958838028,0.7533417848160778,CC1=CC2=C(NC(=N2)C2=CC=C(O2)N(=O)=O)C=C1,0.8797,0.4817,1.3614,1.3447857
71372432,"(4R)-2-(1H-benzimidazol-2-yl)-4,5-dihydrothiazole-4-carboxylic acid",C1C(N=C(S1)C2=NC3=CC=CC=C3N2)C(=O)O,C11H9N3O2S,4,2,2,1.5095,247.041547528,17,78.34,0.2170028082716364,0,Media,0.54,0.2222222222222222,0.8617413773201421,0.7018615885456622,CC1=CC2=C(NC(=N2)C2=CC=C(O2)N(=O)=O)C=C1,0.8208,0.8034,1.6242,1.5442938
101432362,1-ethyl-2-(6-methyl-2-pyridyl)benzimidazole,CCN1C2=CC=CC=C2N=C1C3=CC=CC(=N3)C,C15H15N3,3,0,2,3.426620000000002,237.12659748,18,30.71,0.5861282969716705,0,Media,0.54,0.1269841269841269,0.8260298734729049,0.6512684368507105,CC1=CC2=C(NC(=N2)C2=CC=C(O2)N(=O)=O)C=C1,0.7483,0.6545,1.4029,1.1588109
22332116,N-[(3-bromophenyl)methyl]-1-propyl-benzimidazol-2-amine,CCCN1C2=CC=CC=C2N=C1NCC3=CC(=CC=C3)Br,C17H18BrN3,3,1,5,4.820900000000003,343.068409676,21,29.85,0.7035175879396984,0,Media,0.538,0.4909090909090909,0.9119883839376086,0.8067185606804791,CN1C(NCC2=CC(Br)=CC=C2O)=NC2=C1C=CC=C2,0.8518,0.7005,1.5522,1.4942939
883285,"2,4-dichloro-6-[[(1-ethylbenzimidazol-2-yl)amino]methyl]phenol",CCN1C2=CC=CC=C2N=C1NCC3=C(C(=CC(=C3)Cl)Cl)O,C16H15Cl2N3O,4,2,4,4.680700000000003,335.05921746,22,50.08,0.4392971246006389,0,Media,0.538,0.4482758620689655,0.9912522391901744,0.8555081449098723,CN1C(NCC2=CC(Br)=CC=C2O)=NC2=C1C=CC=C2,0.9362,0.8889,1.8251,1.6504359
4313620,"2,4-dichloro-6-[[(1-propylbenzimidazol-2-yl)amino]methyl]phenol",CCCN1C2=CC=CC=C2N=C1NCC3=C(C(=CC(=C3)Cl)Cl)O,C17H17Cl2N3O,4,2,5,5.070800000000003,349.074867524,23,50.08,0.4592651757188498,1,Media,0.536,0.4576271186440678,0.9810850756741496,0.8502205864166291,CN1C(NCC2=CC(Br)=CC=C2O)=NC2=C1C=CC=C2,0.8608,0.8002,1.6611,1.6363248
136055869,2-(6-methyl-2-pyridyl)-3H-benzimidazol-5-ol,CC1=NC(=CC=C1)C2=NC3=C(N2)C=C(C=C3)O,C13H11N3O,3,2,1,2.63892,225.090211972,17,61.8,0.2750809061488673,0,Media,0.536,0.2586206896551724,0.9043457018639484,0.7429144488117545,CC1=CC2=C(NC(=N2)C2=CC=C(O2)N(=O)=O)C=C1,0.8651,0.6262,1.4913,1.3807449
53242081,"N-[6-chloro-4-(morpholinomethyl)-1H-benzimidazol-2-yl]-10-oxo-1,3,11-triazatricyclo[7.5.0.02,7]tetradeca-2(7),3,5,8-tetraene-4-carboxamide",C1CNC(=O)C2=CC3=C(N2C1)N=C(C=C3)C(=O)NC4=NC5=C(C=C(C=C5N4)Cl)CN6CCOCC6,C24H24ClN7O3,7,3,4,2.784000000000001,493.162915308,35,117.17,0.2987112742169497,0,Media,0.536,0.1797752808988764,0.1571926903196265,0.162838337964439,ClC1=CC2=C(NC(NC(=O)C3=NC=CC=C3)N2)C=C1,0.3804,0.2535,0.6339,0.7345829
130450198,"12,27-bis(benzimidazolo[1,2-a]benzimidazol-5-yl)-5-[12,27-di(carbazol-9-yl)-8,15,23,30-tetrazaheptacyclo[21.7.0.02,7.08,16.09,14.017,22.024,29]triaconta-1(30),2(7),3,5,9(14),10,12,15,17,19,21,24(29),25,27-tetradecaen-4-yl]-8,15,23,30-tetrazaheptacyclo[21.7.0.02,7.08,16.09,14.017,22.024,29]triaconta-1(30),2(7),3,5,9(14),10,12,15,17,19,21,24(29),25,27-tetradecaene",C1=CC=C2C(=C1)C3=CC=CC=C3N2C4=CC5=C(C=C4)N6C7=C(C=C(C=C7)C8=CC9=C(C=C8)C1=NC2=C(N1C1=CC=CC=C1C1=NC3=C(N91)C=CC(=C3)N1C3=CC=CC=C3N3C1=NC1=CC=CC=C13)C=CC(=C2)N1C2=CC=CC=C2N2C1=NC1=CC=CC=C12)C1=NC2=C(N1C1=CC=CC=C1C6=N5)C=CC(=C2)N1C2=CC=CC=C2C2=CC=CC=C21,C102H58N16,16,0,5,23.97820000000005,1506.503035856,118,123.52,0.9553108808290156,3,Media,0.536,0.16,0.3374155701338161,0.293061677600362,NC(=N)NC1=CC2=C(NC(=N2)C2=CC=C(C=C2)C2=CC=CC=C2)C=C1,0.1631,0.1069,0.27,0.25468907
16012601,N-[(2-fluorophenyl)methyl]-1-methyl-benzimidazol-2-amine,CN1C2=CC=CC=C2N=C1NCC3=CC=CC=C3F,C15H14FN3,3,1,3,3.324500000000001,255.117175668,19,29.85,0.6365159128978224,0,Media,0.534,0.574468085106383,0.97403945321758,0.8741466111897809,CN1C(NCC2=CC(Br)=CC=C2O)=NC2=C1C=CC=C2,0.978,0.6674,1.6454,1.6770201
709553,2-[[(1-isopropylbenzimidazol-2-yl)amino]methyl]phenol,CC(C)N1C2=CC=CC=C2N=C1NCC3=CC=CC=C3O,C17H19N3O,4,2,4,3.934900000000003,281.152812228,21,50.08,0.4193290734824281,0,Media,0.534,0.54,0.9917157250769316,0.8787867938076988,CN1C(NCC2=CC(Br)=CC=C2O)=NC2=C1C=CC=C2,0.8822,0.8004,1.6826,1.7011178
977447,1-methyl-N-(2-thienylmethyl)benzimidazol-2-amine,CN1C2=CC=CC=C2N=C1NCC3=CC=CS3,C13H13N3S,4,1,3,3.246900000000001,243.083018416,17,29.85,0.5695142378559463,0,Media,0.534,0.5,0.9233774283327678,0.8175330712495759,CN1C(NCC2=CC(Br)=CC=C2O)=NC2=C1C=CC=C2,0.8485,0.6658,1.5143,1.5469077
3318324,"2-[[(1-butylbenzimidazol-2-yl)amino]methyl]-4,6-dichloro-phenol",CCCCN1C2=CC=CC=C2N=C1NCC3=C(C(=CC(=C3)Cl)Cl)O,C18H19Cl2N3O,4,2,6,5.460900000000004,363.090517588,24,50.08,0.4792332268370607,1,Media,0.534,0.4426229508196721,0.9675295058803198,0.8363028671151579,CN1C(NCC2=CC(Br)=CC=C2O)=NC2=C1C=CC=C2,0.7979,0.8001,1.598,1.5986518
23604680,1-ethyl-N-[(5-methyl-2-furyl)methyl]benzimidazol-2-amine,CCN1C2=CC=CC=C2N=C1NCC3=CC=C(O3)C,C15H17N3O,4,1,4,3.569720000000002,255.137162164,19,42.99,0.4419632472668062,0,Media,0.534,0.3620689655172414,0.9493474593089842,0.8025278358610486,CN1C(NCC2=CC(Br)=CC=C2O)=NC2=C1C=CC=C2,0.8593,0.6165,1.4759,1.3394964
5210304,(1-methylbenzimidazol-2-yl)-phenyl-diazene,CN1C2=CC=CC=C2N=C1N=NC3=CC=CC=C3,C14H12N4,4,0,2,3.988700000000002,236.106196384,18,42.54,0.4231311706629055,0,Media,0.534,0.3269230769230769,0.7811249133035867,0.6675744542084593,CN1C(NCC2=CC(Br)=CC=C2O)=NC2=C1C=CC=C2,0.5489,0.4016,0.9505,1.1556406
170267411,6-(2-formyl-3-hydroxy-phenoxy)-N-[1-(2-hydroxy-2-methyl-propyl)-6-[(4-methylpiperazin-1-yl)methyl]benzimidazol-2-yl]pyridine-2-carboxamide,CC(C)(CN1C2=C(C=CC(=C2)CN3CCN(CC3)C)N=C1NC(=O)C4=NC(=CC=C4)OC5=CC=CC(=C5C=O)O)O,C30H34N6O5,10,3,9,3.512300000000003,558.259068188,41,133.05,0.3081548290116497,1,Media,0.534,0.1914893617021276,0.4790510587890278,0.4071606345173028,CC1=CC2=C(NC(NC(=O)C3=NC=CC=C3)=N2)C=C1,0.4025,0.3313,0.7338,0.7839447
1595832,4-bromo-2-[[(3-pentyl-1H-benzimidazol-3-ium-2-yl)amino]methyl]phenol,CCCCC[N+]1=C(NC2=CC=CC=C21)NCC3=C(C=CC(=C3)Br)O,C19H23BrN3O+,2,3,7,4.725800000000004,388.10190087609,24,51.92999999999999,0.4621606008087811,0,Media,0.532,0.3968253968253968,0.8528268303628812,0.7388264719785101,CN1C(NCC2=CC(Br)=CC=C2O)=NC2=C1C=CC=C2,0.7318,0.7207,1.4525,1.3885546
58026451,N-[4-(ethylcarbamoyl)-6-(4-pyridyl)-1H-benzimidazol-2-yl]isoquinoline-3-carboxamide,CCNC(=O)C1=C2C(=CC(=C1)C3=CC=NC=C3)NC(=N2)NC(=O)C4=CC5=CC=CC=C5C=N4,C25H20N6O2,5,3,5,4.175100000000001,436.16477388,33,112.66,0.2929167406355405,0,Media,0.532,0.391304347826087,0.7381822911575766,0.6514628053247042,CC1=CC2=C(NC(NC(=O)C3=NC=CC=C3)=N2)C=C1,0.5748,0.6434,1.2182,1.224003
166358998,"N-(5-cyano-1-methyl-benzimidazol-2-yl)-1,3-dimethyl-pyrazolo[3,4-b]pyridine-6-carboxamide",CC1=NN(C2=C1C=CC(=N2)C(=O)NC3=NC4=C(N3C)C=CC(=C4)C#N)C,C18H15N7O,7,1,2,2.2874,345.1338081,26,101.42,0.2563596923683692,0,Media,0.532,0.25,0.099359908445114,0.1370199313338355,CC1=CC2=C(NC(NC(=O)C3=NC=CC=C3)=N2)C=C1,0.6689,0.5342,1.2031,1.0516832
135536422,"(E)-2-(1H-benzimidazol-2-yl)-3-(5-bromo-2,4-dihydroxy-phenyl)prop-2-enenitrile",C1=CC=C2C(=C1)NC(=N2)C(=CC3=CC(=C(C=C3O)O)Br)C#N,C16H10BrN3O2,4,3,2,3.800780000000002,354.9956386600001,22,92.93,0.2367373291724954,0,Media,0.532,0.2205882352941176,0.954882502256294,0.7713089355157501,CN1C(NCC2=CC(Br)=CC=C2O)=NC2=C1C=CC=C2,0.7239,0.3437,1.0676,0.9964601
166454264,methyl 6-[[1-(5-aminopentyl)-5-[(4-methylpiperazin-1-yl)methyl]benzimidazol-2-yl]carbamoyl]pyridine-2-carboxylate,CN1CCN(CC1)CC2=CC3=C(C=C2)N(C(=N3)NC(=O)C4=NC(=CC=C4)C(=O)OC)CCCCCN,C26H35N7O3,9,2,10,2.3466,493.28013798,36,118.61,0.3035157238006913,0,Media,0.532,0.2117647058823529,0.2849080371532287,0.2666222043355098,CC1=CC2=C(NC(NC(=O)C3=NC=CC=C3)=N2)C=C1,0.3837,0.4342,0.8179,0.83503413
56774395,1-[(3S)-3-(6-fluoro-1H-benzimidazol-2-yl)pyrrolidin-1-yl]ethanone,CC(=O)N1CCC(C1)C2=NC3=C(N2)C=C(C=C3)F,C13H14FN3O,2,1,1,2.0378,247.112090288,18,48.99,0.3674219228413962,0,Media,0.532,0.1714285714285714,0.9140542502977927,0.7283978305804875,CC1=CC2=C(NC(=N2)C2=CC=C(O2)N(=O)=O)C=C1,0.7469,0.7141,1.461,1.5079912
715151,4-bromo-2-[[(1-methylbenzimidazol-2-yl)amino]methyl]phenol,CN1C2=CC=CC=C2N=C1NCC3=C(C=CC(=C3)Br)O,C15H14BrN3O,4,2,3,3.653500000000002,331.032024168,20,50.08,0.3993610223642173,0,Media,0.53,1.0,0.9999999999999998,0.9999999999999998,CN1C(NCC2=CC(Br)=CC=C2O)=NC2=C1C=CC=C2,1.0,1.0,2.0,2.0
76321420,"N-(2-chloro-4-sulfamoyl-phenyl)-2-[1-[(3,5-dimethylphenyl)methyl]benzimidazol-2-yl]sulfanyl-acetamide",CC1=CC(=CC(=C1)CN2C3=CC=CC=C3N=C2SCC(=O)NC4=C(C=C(C=C4)S(=O)(=O)N)Cl)C,C24H23ClN4O3S2,6,2,7,4.733040000000003,514.0900102759999,34,107.08,0.3175196115054165,1,Media,0.53,0.6,0.7852130170603332,0.7389097627952499,COC(=O)C1=CC=C(NC(=O)CSC2=NC3=C(C=C(Cl)C=C3)N2CC2=CC(C)=CC(C)=C2)C(Cl)=C1,0.9183,0.8074,1.7257,1.5563222
1930710,4-bromo-2-[[(3-butyl-1H-benzimidazol-3-ium-2-yl)amino]methyl]phenol,CCCC[N+]1=C(NC2=CC=CC=C21)NCC3=C(C=CC(=C3)Br)O,C18H21BrN3O+,2,3,6,4.335700000000004,374.08625081209,23,51.92999999999999,0.4429039091084152,0,Media,0.53,0.4032258064516129,0.8614717633475384,0.746910274123557,CN1C(NCC2=CC(Br)=CC=C2O)=NC2=C1C=CC=C2,0.7916,0.7206,1.5122,1.4702041
13004848,2-(5-chloro-2-thienyl)-6-methyl-1H-benzimidazole,CC1=CC2=C(C=C1)N=C(N2)C3=CC=C(S3)Cl,C12H9ClN2S,2,1,1,4.253220000000002,248.017496968,16,28.68,0.5578800557880056,0,Media,0.53,0.3272727272727272,0.7865035371239741,0.6716958346611623,CC1=CC2=C(NC(=N2)C2=CC=C(O2)N(=O)=O)C=C1,0.8238,0.6638,1.4876,1.4257406
762579,"methyl 4-(4,6-dichloro-1H-benzimidazol-2-yl)benzoate",COC(=O)C1=CC=C(C=C1)C2=NC3=C(N2)C=C(C=C3Cl)Cl,C15H10Cl2N2O2,3,1,2,4.323300000000001,320.01193292,21,54.98,0.3819570753001091,0,Media,0.53,0.1969696969696969,0.903035863421013,0.726519321808184,CC1=CC2=C(NC(=N2)C2=CC=C(O2)N(=O)=O)C=C1,0.6865,0.6796,1.3661,1.3680066
3287580,"2-[(1H-benzimidazol-3-ium-2-ylamino)methyl]-4,6-dichloro-phenolate",C1=CC=C2C(=C1)NC(=[NH+]2)NCC3=C(C(=CC(=C3)Cl)Cl)[O-],C14H11Cl2N3O,2,2,3,2.9745,307.027917332,20,65.02,0.3075976622577668,0,Media,0.53,0.1764705882352941,0.8858786368282356,0.7085266246800003,CN1C(NCC2=CC(Br)=CC=C2O)=NC2=C1C=CC=C2,0.9068,0.542,1.4489,1.2636952
7342845,1-methyl-N-[(3-methyl-2-thienyl)methyl]benzimidazol-2-amine,CC1=C(SC=C1)CNC2=NC3=CC=CC=C3N2C,C14H15N3S,4,1,3,3.555320000000001,257.09866848,18,29.85,0.6030150753768844,0,Media,0.528,0.4807692307692308,0.9343342177253996,0.8209429709863574,CN1C(NCC2=CC(Br)=CC=C2O)=NC2=C1C=CC=C2,0.9468,0.6648,1.6116,1.538456
66940341,6-cyano-2-(isoquinoline-3-carbonylamino)-1H-benzimidazole-4-carboxylic acid,C1=CC=C2C=NC(=CC2=C1)C(=O)NC3=NC4=C(C=C(C=C4N3)C#N)C(=O)O,C19H11N5O3,5,3,3,2.93328,357.086189212,27,131.76,0.2049180327868852,0,Media,0.528,0.390625,0.8246056406939494,0.716110480520462,CC1=CC2=C(NC(NC(=O)C3=NC=CC=C3)=N2)C=C1,0.7686,0.6429,1.4115,1.3035344
870407,1-propyl-N-(2-thienylmethyl)benzimidazol-2-amine,CCCN1C2=CC=CC=C2N=C1NCC3=CC=CS3,C15H17N3S,4,1,5,4.119900000000003,271.114318544,19,29.85,0.6365159128978224,0,Media,0.528,0.3793103448275862,0.9268834429083436,0.7899901683881543,CN1C(NCC2=CC(Br)=CC=C2O)=NC2=C1C=CC=C2,0.7529,0.5989,1.3518,1.465688
60981366,6-fluoro-2-(o-tolyl)-1H-benzimidazole,CC1=CC=CC=C1C2=NC3=C(N2)C=C(C=C3)F,C14H11FN2,1,1,1,3.677420000000001,226.090626572,17,28.68,0.592747559274756,0,Media,0.528,0.2631578947368421,0.7397692709322635,0.6206164268834081,CC1=CC2=C(NC(=N2)C2=CC=C(O2)N(=O)=O)C=C1,0.8162,0.6548,1.471,1.391407
1421231,"2,4-dibromo-6-[[(3-propyl-1H-benzimidazol-3-ium-2-yl)amino]methyl]phenolate",CCC[N+]1=C(NC2=CC=CC=C21)NCC3=C(C(=CC(=C3)Br)Br)[O-],C17H17Br2N3O,2,2,5,4.076100000000003,436.973836364,23,54.75999999999999,0.4200146092037984,0,Media,0.528,0.2463768115942029,0.860817617863789,0.7072074162963925,CN1C(NCC2=CC(Br)=CC=C2O)=NC2=C1C=CC=C2,0.8402,0.5757,1.4159,1.4230467
172439415,"N-[6-cyano-1-(2,2,2-trifluoroethyl)benzimidazol-2-yl]-3,5-difluoro-pyridine-2-carboxamide",C1=CC2=C(C=C1C#N)N(C(=N2)NC(=O)C3=C(C=C(C=N3)F)F)CC(F)(F)F,C16H8F5N5O,5,1,3,3.395780000000001,381.064900976,27,83.60000000000001,0.3229665071770334,0,Media,0.528,0.1923076923076923,0.1940284195788006,0.1935982377610235,CC1=CC2=C(NC(NC(=O)C3=NC=CC=C3)=N2)C=C1,0.8002,0.6301,1.4303,1.1118637
787406,4-methyl-2-[[(1-methylbenzimidazol-2-yl)amino]methyl]phenol,CC1=CC(=C(C=C1)O)CNC2=NC3=CC=CC=C3N2C,C16H17N3O,4,2,3,3.199420000000001,267.137162164,20,50.08,0.3993610223642173,0,Media,0.526,0.7555555555555555,0.989904033335073,0.9313169138901936,CN1C(NCC2=CC(Br)=CC=C2O)=NC2=C1C=CC=C2,0.9488,0.8891,1.8379,1.90168
3750653,4-bromo-2-[[(1-pentylbenzimidazol-2-yl)amino]methyl]phenol,CCCCCN1C2=CC=CC=C2N=C1NCC3=C(C=CC(=C3)Br)O,C19H22BrN3O,4,2,7,5.306700000000005,387.094624424,24,50.08,0.4792332268370607,1,Media,0.526,0.7254901960784313,0.9614114496356688,0.9024311362463596,CN1C(NCC2=CC(Br)=CC=C2O)=NC2=C1C=CC=C2,0.7415,0.9002,1.6417,1.5735283
797259,N-[(2-chlorophenyl)methyl]-1-ethyl-benzimidazol-2-amine,CCN1C2=CC=CC=C2N=C1NCC3=CC=CC=C3Cl,C16H16ClN3,3,1,4,4.321700000000003,285.103275192,20,29.85,0.6700167504187604,0,Media,0.526,0.4259259259259259,0.9473913355664711,0.8170249831563349,CN1C(NCC2=CC(Br)=CC=C2O)=NC2=C1C=CC=C2,0.9264,0.6673,1.5938,1.5076098
136057368,4-methoxy-2-(6-methyl-1H-benzimidazol-2-yl)phenol,CC1=CC2=C(C=C1)N=C(N2)C3=C(C=CC(=C3)OC)O,C15H14N2O2,3,2,2,3.252520000000001,254.105527688,19,58.14,0.326797385620915,0,Media,0.526,0.3050847457627119,0.9202522872059556,0.7664604018451446,CC1=CC2=C(NC(=N2)C2=CC=C(O2)N(=O)=O)C=C1,0.7283,0.5639,1.2922,1.3485701
4268796,4-bromo-2-[[(3-ethyl-1H-benzimidazol-3-ium-2-yl)amino]methyl]phenolate,CC[N+]1=C(NC2=CC=CC=C21)NCC3=C(C=CC(=C3)Br)[O-],C16H16BrN3O,2,2,4,2.923500000000001,345.047674232,21,54.75999999999999,0.383491599707816,0,Media,0.526,0.296875,0.8968595518191154,0.7468634138643365,CN1C(NCC2=CC(Br)=CC=C2O)=NC2=C1C=CC=C2,0.9164,0.6899,1.6063,1.5370239
13004853,2-(5-chloro-2-thienyl)-6-fluoro-1H-benzimidazole,C1=CC2=C(C=C1F)NC(=N2)C3=CC=C(S3)Cl,C11H6ClFN2S,2,1,1,4.083900000000001,251.992425092,16,28.68,0.5578800557880056,0,Media,0.526,0.2166666666666666,0.7929564248783717,0.6488839853254454,CC1=CC2=C(NC(=N2)C2=CC=C(O2)N(=O)=O)C=C1,0.8726,0.6641,1.5367,1.4870558
136518786,"N2-(5-cyano-1-ethyl-benzimidazol-2-yl)pyridine-2,5-dicarboxamide",CCN1C2=C(C=C(C=C2)C#N)N=C1NC(=O)C3=NC=C(C=C3)C(=O)N,C17H14N6O2,6,2,4,1.67408,334.117823688,25,126.69,0.1973320704080827,0,Media,0.524,0.2432432432432432,0.5511699151610663,0.4741882471816105,CC1=CC2=C(NC(NC(=O)C3=NC=CC=C3)=N2)C=C1,0.6935,0.5338,1.2273,1.1233833
2901770,4-bromo-2-[[(1-butylbenzimidazol-2-yl)amino]methyl]phenol,CCCCN1C2=CC=CC=C2N=C1NCC3=C(C=CC(=C3)Br)O,C18H20BrN3O,4,2,6,4.916600000000004,373.07897436,23,50.08,0.4592651757188498,0,Media,0.522,0.74,0.9764216872607808,0.9173162654455856,CN1C(NCC2=CC(Br)=CC=C2O)=NC2=C1C=CC=C2,0.8008,0.9002,1.701,1.7180151
16488536,1-methyl-N-(o-tolylmethyl)benzimidazol-2-amine,CC1=CC=CC=C1CNC2=NC3=CC=CC=C3N2C,C16H17N3,3,1,3,3.493820000000001,251.142247544,19,29.85,0.6365159128978224,0,Media,0.522,0.5869565217391305,0.9700912574920132,0.8743075735537924,CN1C(NCC2=CC(Br)=CC=C2O)=NC2=C1C=CC=C2,0.966,0.6674,1.6334,1.6724899
4268797,4-bromo-2-[[(3-ethyl-1H-benzimidazol-3-ium-2-yl)amino]methyl]phenol,CC[N+]1=C(NC2=CC=CC=C21)NCC3=C(C=CC(=C3)Br)O,C16H17BrN3O+,2,3,4,3.555500000000003,346.05495068409,21,51.92999999999999,0.4043905257076834,0,Media,0.522,0.4310344827586206,0.868799207233248,0.7593580261145911,CN1C(NCC2=CC(Br)=CC=C2O)=NC2=C1C=CC=C2,0.9245,0.7922,1.7167,1.6576939
164611988,2-[2-(9H-fluoren-2-yl)-3H-benzimidazol-5-yl]guanidine,C1C2=CC=CC=C2C3=C1C=C(C=C3)C4=NC5=C(N4)C=C(C=C5)N=C(N)N,C21H17N5,2,3,2,3.706,339.1483955440001,26,93.08,0.2793296089385474,0,Media,0.522,0.328125,0.9849006850825456,0.8207067638119091,NC(=N)NC1=CC2=C(NC(=N2)C2=CC=C(C=C2)C2=CC=CC=C2)C=C1,0.8101,0.5145,1.3246,1.0106914
137435136,4-(4-chloro-1-methyl-benzimidazol-2-yl)thiazole,CN1C2=C(C(=CC=C2)Cl)N=C1C3=CSC=N3,C11H8ClN3S,4,0,1,3.350200000000002,249.012745936,16,30.71,0.5210029306414848,0,Media,0.522,0.1029411764705882,0.8289119006953882,0.6474192196391882,CC1=CC2=C(NC(=N2)C2=CC=C(O2)N(=O)=O)C=C1,0.7559,0.6456,1.4015,1.3247879
23604684,4-[[(1-allylbenzimidazol-2-yl)amino]methyl]phenol,C=CCN1C2=CC=CC=C2N=C1NCC3=CC=C(C=C3)O,C17H17N3O,4,2,5,3.540000000000002,279.137162164,21,50.08,0.4193290734824281,0,Media,0.52,0.3859649122807017,0.987699059090775,0.8372655223882567,CN1C(NCC2=CC(Br)=CC=C2O)=NC2=C1C=CC=C2,0.8874,0.5008,1.3882,1.6040428
148328200,N-[6-(3H-indol-2-ylcarbamoyl)-1H-benzimidazol-2-yl]isoquinoline-3-carboxamide,C1C2=CC=CC=C2N=C1NC(=O)C3=CC4=C(C=C3)N=C(N4)NC(=O)C5=CC6=CC=CC=C6C=N5,C26H18N6O2,5,3,3,4.379500000000002,446.149123816,34,112.13,0.3032194773923125,0,Media,0.52,0.3714285714285714,0.7411617003589367,0.6487284181263454,CC1=CC2=C(NC(NC(=O)C3=NC=CC=C3)=N2)C=C1,0.5635,0.6427,1.2062,1.1908655
749150,1-ethyl-N-(2-thienylmethyl)benzimidazol-2-amine,CCN1C2=CC=CC=C2N=C1NCC3=CC=CS3,C14H15N3S,4,1,4,3.729800000000002,257.09866848,18,29.85,0.6030150753768844,0,Media,0.52,0.3684210526315789,0.9299212550779185,0.7895462044663335,CN1C(NCC2=CC(Br)=CC=C2O)=NC2=C1C=CC=C2,0.8092,0.6655,1.4748,1.438442
4915208,"3-(5,6-dichloro-1H-benzimidazol-2-yl)benzoic acid",C1=CC(=CC(=C1)C(=O)O)C2=NC3=CC(=C(C=C3N2)Cl)Cl,C14H8Cl2N2O2,2,2,2,4.234900000000001,305.996282856,20,65.97999999999999,0.3031221582297666,0,Media,0.52,0.2459016393442623,0.8863879044929014,0.7262663382057416,CC1=CC2=C(NC(=N2)C2=CC=C(O2)N(=O)=O)C=C1,0.7578,0.4772,1.235,1.2226796
102593579,"4-(1H-benzimidazol-2-yl)-4,5-dihydrothiazole",C1C(N=CS1)C2=NC3=CC=CC=C3N2,C10H9N3S,3,1,1,2.3791,203.051718288,14,41.04,0.341130604288499,0,Media,0.52,0.1639344262295081,0.9254679177859596,0.7350845448968467,CC1=CC2=C(NC(=N2)C2=CC=C(O2)N(=O)=O)C=C1,0.6496,0.7023,1.3519,1.5328636
11481606,4-(1-ethylbenzimidazol-2-yl)thiazole,CCN1C2=CC=CC=C2N=C1C3=CSC=N3,C12H11N3S,4,0,2,3.179700000000001,229.067368352,16,30.71,0.5210029306414848,0,Media,0.52,0.1212121212121212,0.8407024409222654,0.6608298609947294,CC1=CC2=C(NC(=N2)C2=CC=C(O2)N(=O)=O)C=C1,0.6912,0.6459,1.3371,1.272188
787412,4-bromo-2-[[(1-ethylbenzimidazol-2-yl)amino]methyl]phenol,CCN1C2=CC=CC=C2N=C1NCC3=C(C=CC(=C3)Br)O,C16H16BrN3O,4,2,4,4.136400000000003,345.047674232,21,50.08,0.4193290734824281,0,Media,0.518,0.7659574468085106,0.996762608195245,0.9390613178485614,CN1C(NCC2=CC(Br)=CC=C2O)=NC2=C1C=CC=C2,0.9396,1.0,1.9396,1.8710029
2902650,2-[[(1-butylbenzimidazol-2-yl)amino]methyl]-4-methyl-phenol,CCCCN1C2=CC=CC=C2N=C1NCC3=C(C=CC(=C3)C)O,C19H23N3O,4,2,6,4.462520000000005,309.184112356,23,50.08,0.4592651757188498,0,Media,0.518,0.5636363636363636,0.9788493522043062,0.8750461050623206,CN1C(NCC2=CC(Br)=CC=C2O)=NC2=C1C=CC=C2,0.7774,0.8003,1.5777,1.5833861
99784040,6-chloro-N-(6-cyano-1-methyl-benzimidazol-2-yl)pyridine-2-carboxamide,CN1C2=C(C=CC(=C2)C#N)N=C1NC(=O)C3=NC(=CC=C3)Cl,C15H10ClN5O,5,1,2,2.745680000000001,311.05738762,22,83.60000000000001,0.2631578947368421,0,Media,0.518,0.2878787878787879,0.2465195932481164,0.2568593919057843,CC1=CC2=C(NC(NC(=O)C3=NC=CC=C3)=N2)C=C1,0.8503,0.6302,1.4806,1.2831488
7342846,1-ethyl-N-[(3-methyl-2-thienyl)methyl]benzimidazol-2-amine,CCN1C2=CC=CC=C2N=C1NCC3=C(C=CS3)C,C15H17N3S,4,1,4,4.038220000000003,271.114318544,19,29.85,0.6365159128978224,0,Media,0.516,0.3559322033898305,0.9344785802146052,0.7898419860084115,CN1C(NCC2=CC(Br)=CC=C2O)=NC2=C1C=CC=C2,0.8979,0.6648,1.5626,1.4581189
136057372,2-(6-fluoro-1H-benzimidazol-2-yl)-4-methoxy-phenol,COC1=CC(=C(C=C1)O)C2=NC3=C(N2)C=C(C=C3)F,C14H11FN2O2,3,2,2,3.083200000000001,258.080455812,19,58.14,0.326797385620915,0,Media,0.516,0.21875,0.9186568780182328,0.7436801585136745,CC1=CC2=C(NC(=N2)C2=CC=C(O2)N(=O)=O)C=C1,0.7548,0.5638,1.3187,1.2684958
102300723,6-(1-butyl-6-methyl-benzimidazol-2-yl)pyridine-2-carboxylic acid,CCCCN1C2=C(C=CC(=C2)C)N=C1C3=NC(=CC=C3)C(=O)O,C18H19N3O2,4,1,5,3.905020000000002,309.147726848,23,68.01,0.3381855609469195,0,Media,0.516,0.1830985915492957,0.9216568385631616,0.7370172768096952,CC1=CC2=C(NC(=N2)C2=CC=C(O2)N(=O)=O)C=C1,0.5344,0.6073,1.1416,1.2006083
3698749,"2,4-dibromo-6-[[(1-pentylbenzimidazol-2-yl)amino]methyl]phenol",CCCCCN1C2=CC=CC=C2N=C1NCC3=C(C(=CC(=C3)Br)Br)O,C19H21Br2N3O,4,2,7,6.069200000000005,465.0051364920001,25,50.08,0.4992012779552716,1,Media,0.514,0.5344827586206896,0.935045678295887,0.8349049483770876,CN1C(NCC2=CC(Br)=CC=C2O)=NC2=C1C=CC=C2,0.7365,0.8183,1.5548,1.5235984
102883687,"2-(2-fluoro-4-methoxy-phenyl)-5,6-dimethyl-1H-benzimidazole",CC1=CC2=C(C=C1C)N=C(N2)C3=C(C=C(C=C3)OC)F,C16H15FN2O,2,1,2,3.994440000000002,270.11684132,20,37.91,0.5275652862041678,0,Media,0.514,0.2666666666666666,0.8433823855955849,0.6992034558633553,CC1=CC2=C(NC(=N2)C2=CC=C(O2)N(=O)=O)C=C1,0.7622,0.6494,1.4116,1.3895508
376351,4-(6-chloro-1H-benzimidazol-2-yl)benzoic acid,C1=CC(=CC=C1C2=NC3=C(N2)C=C(C=C3)Cl)C(=O)O,C14H9ClN2O2,2,2,2,3.581500000000001,272.035255208,19,65.98,0.2879660503182782,0,Media,0.514,0.2333333333333333,0.8958940576759193,0.7302538765902729,CC1=CC2=C(NC(=N2)C2=CC=C(O2)N(=O)=O)C=C1,0.7764,0.5817,1.3581,1.2783787
164619002,2-(4-bromopyrazol-1-yl)-1H-benzimidazole,C1=CC=C2C(=C1)NC(=N2)N3C=C(C=N3)Br,C10H7BrN4,3,1,1,2.5111,261.985408324,15,46.5,0.3225806451612903,0,Media,0.514,0.1639344262295081,0.9380122588046242,0.7444928006608452,CC1=CC2=C(NC(=N2)C2=CC=C(O2)N(=O)=O)C=C1,0.8643,0.6961,1.5604,1.5301856
787408,2-[[(1-ethylbenzimidazol-2-yl)amino]methyl]-4-methyl-phenol,CCN1C2=CC=CC=C2N=C1NCC3=C(C=CC(=C3)C)O,C17H19N3O,4,2,4,3.682320000000002,281.152812228,21,50.08,0.4193290734824281,0,Media,0.512,0.5769230769230769,0.9920914737898928,0.8882993745731889,CN1C(NCC2=CC(Br)=CC=C2O)=NC2=C1C=CC=C2,0.9019,0.8891,1.791,1.7194396
15669711,2-methoxy-4-[[(1-methylbenzimidazol-2-yl)amino]methyl]phenol,CN1C2=CC=CC=C2N=C1NCC3=CC(=C(C=C3)O)OC,C16H17N3O2,5,2,4,2.8996,283.132076784,21,59.31,0.3540718259989883,0,Media,0.512,0.5769230769230769,0.9793995967006722,0.8787804667562733,CN1C(NCC2=CC(Br)=CC=C2O)=NC2=C1C=CC=C2,0.9072,0.5009,1.4081,1.6648583
15895244,[5-(4-amino-1H-benzimidazol-2-yl)-2-furyl]phosphonic acid,C1=CC(=C2C(=C1)NC(=N2)C3=CC=C(O3)P(=O)(O)O)N,C11H10N3O4P,4,4,2,1.2081,279.04089243,19,125.37,0.1515514078328148,0,Media,0.512,0.2786885245901639,0.7434955086533348,0.6272937626375421,CC1=CC2=C(NC(=N2)C2=CC=C(O2)N(=O)=O)C=C1,0.8188,0.6356,1.4544,1.4058956
163325514,"2,4-dibromo-6-[[(1-methylbenzimidazol-2-yl)amino]methyl]phenol;hydrochloride",CN1C2=CC=CC=C2N=C1NCC3=C(C(=CC(=C3)Br)Br)O.Cl,C15H14Br2ClN3O,4,2,3,4.837800000000003,444.9192139479999,22,50.08,0.4392971246006389,0,Media,0.51,0.7083333333333334,0.971818341240516,0.9059470892637204,CN1C(NCC2=CC(Br)=CC=C2O)=NC2=C1C=CC=C2,0.9887,0.9,1.8887,1.882324
3736134,"2,4-dibromo-6-[[(1-butylbenzimidazol-2-yl)amino]methyl]phenol",CCCCN1C2=CC=CC=C2N=C1NCC3=C(C(=CC(=C3)Br)Br)O,C18H19Br2N3O,4,2,6,5.679100000000004,450.9894864280001,24,50.08,0.4792332268370607,1,Media,0.51,0.543859649122807,0.9512069693426688,0.8493701392877034,CN1C(NCC2=CC(Br)=CC=C2O)=NC2=C1C=CC=C2,0.7954,0.8183,1.6138,1.6067683
2902912,1-[[(1-butylbenzimidazol-2-yl)amino]methyl]naphthalen-2-ol,CCCCN1C2=CC=CC=C2N=C1NCC3=C(C=CC4=CC=CC=C43)O,C22H23N3O,4,2,6,5.307300000000005,345.184112356,26,50.08,0.5191693290734825,1,Media,0.51,0.4576271186440678,0.9574008567068164,0.8324574221911294,CN1C(NCC2=CC(Br)=CC=C2O)=NC2=C1C=CC=C2,0.7373,0.727,1.4643,1.5610543
5243778,5-bromo-2-(difluoromethoxy)-N-(1-propylbenzimidazol-2-yl)benzamide,CCCN1C2=CC=CC=C2N=C1NC(=O)C3=C(C=CC(=C3)Br)OC(F)F,C18H16BrF2N3O2,4,1,6,5.062500000000003,423.0393952919999,26,56.15000000000001,0.4630454140694567,1,Media,0.51,0.3823529411764705,0.897365903767583,0.7686126631198048,CN1C(NCC2=CC(Br)=CC=C2O)=NC2=C1C=CC=C2,0.6097,0.4383,1.048,1.2005682
135533472,(E)-2-(1H-benzimidazol-2-yl)-3-(5-bromo-2-hydroxy-phenyl)prop-2-enenitrile,C1=CC=C2C(=C1)NC(=N2)C(=CC3=C(C=CC(=C3)Br)O)C#N,C16H10BrN3O,3,2,2,4.095180000000003,339.00072404,21,72.69999999999999,0.2888583218707015,0,Media,0.51,0.296875,0.9473492855888836,0.7847307141916627,CN1C(NCC2=CC(Br)=CC=C2O)=NC2=C1C=CC=C2,0.63,0.5083,1.1383,1.141238
137658072,2-[[(1R)-1-(3-chlorophenyl)ethyl]amino]-1H-benzimidazol-4-ol,CC(C1=CC(=CC=C1)Cl)NC2=NC3=C(N2)C=CC=C3O,C15H14ClN3O,3,3,3,4.095000000000002,287.0825397479999,20,60.94,0.3281916639317361,0,Media,0.51,0.1739130434782608,0.9374777516758298,0.7465865746264375,CN1C(NCC2=CC(Br)=CC=C2O)=NC2=C1C=CC=C2,0.8241,0.4944,1.3185,1.2219299
72200317,1-(5-chloro-6-fluoro-1H-benzimidazol-2-yl)pyrazole-4-carboxylate,C1=C2C(=CC(=C1F)Cl)N=C(N2)N3C=C(C=N3)C(=O)[O-],C11H5ClFN4O2-,5,1,2,0.9045999999999994,279.00905487991,19,86.63,0.2193235599676786,0,Media,0.51,0.1714285714285714,0.8110793954095185,0.6511666894142817,CC1=CC2=C(NC(=N2)C2=CC=C(O2)N(=O)=O)C=C1,0.8849,0.6654,1.5502,1.2974285
1341123,4-bromo-2-[[(1-propylbenzimidazol-2-yl)amino]methyl]phenol,CCCN1C2=CC=CC=C2N=C1NCC3=C(C=CC(=C3)Br)O,C17H18BrN3O,4,2,5,4.526500000000003,359.063324296,22,50.08,0.4392971246006389,0,Media,0.508,0.7708333333333334,0.9885494212048194,0.934120399236948,CN1C(NCC2=CC(Br)=CC=C2O)=NC2=C1C=CC=C2,0.8644,0.9002,1.7646,1.8064945
23604679,1-ethyl-N-[(2-fluorophenyl)methyl]benzimidazol-2-amine,CCN1C2=CC=CC=C2N=C1NCC3=CC=CC=C3F,C16H16FN3,3,1,4,3.807400000000002,269.132825732,20,29.85,0.6700167504187604,0,Media,0.508,0.4259259259259259,0.9572211202386895,0.8243973216604986,CN1C(NCC2=CC(Br)=CC=C2O)=NC2=C1C=CC=C2,0.9259,0.6673,1.5932,1.5495125
23604683,N-[(3-methyl-2-thienyl)methyl]-1-propyl-benzimidazol-2-amine,CCCN1C2=CC=CC=C2N=C1NCC3=C(C=CS3)C,C16H19N3S,4,1,5,4.428320000000003,285.129968608,20,29.85,0.6700167504187604,0,Media,0.508,0.3666666666666666,0.926704103103506,0.7866947439942961,CN1C(NCC2=CC(Br)=CC=C2O)=NC2=C1C=CC=C2,0.8269,0.5985,1.4255,1.4661988
13004850,6-fluoro-2-(2-thienyl)-1H-benzimidazole,C1=CSC(=C1)C2=NC3=C(N2)C=C(C=C3)F,C11H7FN2S,2,1,1,3.4305,218.031397444,15,28.68,0.5230125523012552,0,Media,0.508,0.2203389830508474,0.8086235554863307,0.6615524123774599,CC1=CC2=C(NC(=N2)C2=CC=C(O2)N(=O)=O)C=C1,0.8689,0.664,1.5329,1.476165
165353946,"2-(3,5-dimethylpyrazol-1-yl)-4-methyl-1H-benzimidazole",CC1=C2C(=CC=C1)NC(=N2)N3C(=CC(=N3)C)C,C13H14N4,3,1,1,2.67386,226.121846448,17,46.5,0.3655913978494624,0,Media,0.508,0.1774193548387097,0.9536018120191964,0.7595561977240747,CC1=CC2=C(NC(=N2)C2=CC=C(O2)N(=O)=O)C=C1,0.8023,0.7725,1.5748,1.439395
16012603,N-[(2-fluorophenyl)methyl]-1-propyl-benzimidazol-2-amine,CCCN1C2=CC=CC=C2N=C1NCC3=CC=CC=C3F,C17H18FN3,3,1,5,4.197500000000003,283.148475796,21,29.85,0.7035175879396984,0,Media,0.506,0.4363636363636363,0.9320576065078032,0.8081341139717615,CN1C(NCC2=CC(Br)=CC=C2O)=NC2=C1C=CC=C2,0.8514,0.6008,1.4522,1.4938786
136683335,1-[3-(1H-benzimidazol-2-ylazo)-4-hydroxy-phenyl]ethanone,CC(=O)C1=CC(=C(C=C1)O)N=NC2=NC3=CC=CC=C3N2,C15H12N4O2,5,2,3,3.886500000000002,280.096025624,21,90.7,0.2315325248070562,0,Media,0.506,0.2307692307692307,0.9526392134291004,0.772171717764133,CN1C(NCC2=CC(Br)=CC=C2O)=NC2=C1C=CC=C2,0.4949,0.4255,0.9204,1.1863418
934353,1-ethyl-N-(1-naphthylmethyl)benzimidazol-2-amine,CCN1C2=CC=CC=C2N=C1NCC3=CC=CC4=CC=CC=C43,C20H19N3,3,1,4,4.821500000000003,301.157897608,23,29.85,0.7705192629815745,0,Media,0.504,0.4181818181818181,0.907123615978706,0.784888166529484,CN1C(NCC2=CC(Br)=CC=C2O)=NC2=C1C=CC=C2,0.8679,0.6006,1.4684,1.525161
167806874,N-(6-isopropyl-1H-benzimidazol-2-yl)-4-(3-oxopiperazin-1-yl)pyridine-2-carboxamide,CC(C)C1=CC2=C(C=C1)N=C(N2)NC(=O)C3=NC=CC(=C3)N4CCNC(=O)C4,C20H22N6O2,5,3,4,2.2698,378.180423944,28,103.01,0.2718182700708669,0,Media,0.504,0.380281690140845,0.7891484874971064,0.686931788158041,CC1=CC2=C(NC(NC(=O)C3=NC=CC=C3)=N2)C=C1,0.5843,0.6929,1.2772,1.445513
58724415,methyl 2-(isoquinoline-3-carbonylamino)-6-propyl-1H-benzimidazole-4-carboxylate,CCCC1=CC(=C2C(=C1)NC(=N2)NC(=O)C3=CC4=CC=CC=C4C=N3)C(=O)OC,C22H20N4O3,5,2,5,4.102500000000002,388.1535405,29,96.97,0.299061565432608,0,Media,0.504,0.3623188405797101,0.6169428617748249,0.5532868564760463,CC1=CC2=C(NC(NC(=O)C3=NC=CC=C3)=N2)C=C1,0.6244,0.7503,1.3747,1.2466946
166631132,"[(E)-[1H-benzimidazol-2-yl(cyano)methylene]amino] N,N-dimethylcarbamate",CN(C)C(=O)ON=C(C#N)C1=NC2=CC=CC=C2N1,C12H11N5O2,5,1,2,1.48878,257.091274592,19,94.37,0.2013351700752357,0,Media,0.504,0.1764705882352941,0.8962764284314078,0.7163249683823792,CC1=CC2=C(NC(=N2)C2=CC=C(O2)N(=O)=O)C=C1,0.5152,0.6612,1.1764,1.3105994
2901315,2-[[(1-butylbenzimidazol-2-yl)amino]methyl]phenol,CCCCN1C2=CC=CC=C2N=C1NCC3=CC=CC=C3O,C18H21N3O,4,2,6,4.154100000000003,295.168462292,22,50.08,0.4392971246006389,0,Media,0.502,0.5283018867924528,0.98186560678583,0.8684746767874857,CN1C(NCC2=CC(Br)=CC=C2O)=NC2=C1C=CC=C2,0.7994,0.8003,1.5997,1.5783871
1421232,"2,4-dibromo-6-[[(3-propyl-1H-benzimidazol-3-ium-2-yl)amino]methyl]phenol",CCC[N+]1=C(NC2=CC=CC=C21)NCC3=C(C(=CC(=C3)Br)Br)O,C17H18Br2N3O+,2,3,5,4.708100000000004,437.98111281609,23,51.92999999999999,0.4429039091084152,0,Media,0.502,0.2835820895522388,0.8571541926075419,0.7137611668437162,CN1C(NCC2=CC(Br)=CC=C2O)=NC2=C1C=CC=C2,0.8475,0.661,1.5085,1.5436989
132971696,"N-(5-cyano-1-ethyl-benzimidazol-2-yl)-5,6,7,8-tetrahydroquinoline-2-carboxamide",CCN1C2=C(C=C(C=C2)C#N)N=C1NC(=O)C3=NC4=C(CCCC4)C=C3,C20H19N5O,5,1,3,3.453980000000002,345.158960228,26,83.60000000000001,0.3110047846889952,0,Media,0.502,0.2207792207792207,0.2358256451298444,0.2320640390421885,CC1=CC2=C(NC(NC(=O)C3=NC=CC=C3)=N2)C=C1,0.6107,0.5777,1.1884,1.1604578
144200521,"N-[6-chloro-4-(morpholinomethyl)-1H-benzimidazol-2-yl]-2-formyl-1-[3-(methylamino)propyl]pyrrolo[2,3-b]pyridine-6-carboxamide",CNCCCN1C(=CC2=C1N=C(C=C2)C(=O)NC3=NC4=C(C=C(C=C4N3)Cl)CN5CCOCC5)C=O,C25H28ClN7O3,8,3,9,3.072500000000001,509.194215436,36,117.17,0.3072458820517197,1,Media,0.5015,0.1702127659574468,0.0933565454657461,0.1125706005886713,ClC1=CC2=C(NC(NC(=O)C3=NC=CC=C3)N2)C=C1,0.4064,0.2577,0.6641,0.63770515
828729,N-(2-furylmethyl)-1-methyl-benzimidazol-2-amine,CN1C2=CC=CC=C2N=C1NCC3=CC=CO3,C13H13N3O,4,1,3,2.7784,227.105862036,17,42.99,0.3954408001860898,0,Media,0.5,0.5,0.9290209438393902,0.8217657078795426,CN1C(NCC2=CC(Br)=CC=C2O)=NC2=C1C=CC=C2,0.845,0.5995,1.4445,1.5093677
16012604,N-(o-tolylmethyl)-1-propyl-benzimidazol-2-amine,CCCN1C2=CC=CC=C2N=C1NCC3=CC=CC=C3C,C18H21N3,3,1,5,4.366820000000003,279.173547672,21,29.85,0.7035175879396984,0,Media,0.5,0.4444444444444444,0.9274227646664076,0.8066781846109168,CN1C(NCC2=CC(Br)=CC=C2O)=NC2=C1C=CC=C2,0.8474,0.6008,1.4482,1.4822717
16488537,1-ethyl-N-(o-tolylmethyl)benzimidazol-2-amine,CCN1C2=CC=CC=C2N=C1NCC3=CC=CC=C3C,C17H19N3,3,1,4,3.976720000000002,265.157897608,20,29.85,0.6700167504187604,0,Media,0.5,0.4339622641509434,0.9525699432404038,0.8229180234680388,CN1C(NCC2=CC(Br)=CC=C2O)=NC2=C1C=CC=C2,0.9172,0.6674,1.5846,1.536466
924806,6-methyl-2-(2-thienyl)-1H-benzimidazole,CC1=CC2=C(C=C1)N=C(N2)C3=CC=CS3,C12H10N2S,2,1,1,3.599820000000001,214.05646932,15,28.68,0.5230125523012552,0,Media,0.5,0.3333333333333333,0.7997497699240617,0.6831456607763796,CC1=CC2=C(NC(=N2)C2=CC=C(O2)N(=O)=O)C=C1,0.8202,0.6639,1.4841,1.4381497
168266507,2-[(1H-benzimidazol-2-ylamino)methyl]-6-tert-butyl-phenol,CC(C)(C)C1=CC=CC(=C1O)CNC2=NC3=CC=CC=C3N2,C18H21N3O,3,3,3,4.178100000000002,295.168462292,22,60.94,0.3610108303249097,0,Media,0.5,0.2857142857142857,0.9385874247414726,0.7753691399846758,CN1C(NCC2=CC(Br)=CC=C2O)=NC2=C1C=CC=C2,0.7046,0.7276,1.4322,1.4457352
1421252,"2,4-dibromo-6-[[(3-ethyl-1H-benzimidazol-3-ium-2-yl)amino]methyl]phenolate",CC[N+]1=C(NC2=CC=CC=C21)NCC3=C(C(=CC(=C3)Br)Br)[O-],C16H15Br2N3O,2,2,4,3.686000000000002,422.9581863,22,54.75999999999999,0.4017531044558072,0,Media,0.5,0.2537313432835821,0.8738935137154271,0.7188529711074658,CN1C(NCC2=CC(Br)=CC=C2O)=NC2=C1C=CC=C2,0.9101,0.6276,1.5376,1.4443467
60646537,2-(3-fluorophenyl)-4-methyl-1H-benzimidazole,CC1=C2C(=CC=C1)NC(=N2)C3=CC(=CC=C3)F,C14H11FN2,1,1,1,3.677420000000001,226.090626572,17,28.68,0.592747559274756,0,Media,0.5,0.2203389830508474,0.7397692709322635,0.6099116989619094,CC1=CC2=C(NC(=N2)C2=CC=C(O2)N(=O)=O)C=C1,0.7644,0.6547,1.4191,1.4089507
715140,2-[[(1-ethylbenzimidazol-2-yl)amino]methyl]phenol,CCN1C2=CC=CC=C2N=C1NCC3=CC=CC=C3O,C16H17N3O,4,2,4,3.373900000000002,267.137162164,20,50.08,0.3993610223642173,0,Baja,0.498,0.54,0.9890694486773344,0.8768020865080008,CN1C(NCC2=CC(Br)=CC=C2O)=NC2=C1C=CC=C2,0.9363,0.8891,1.8254,1.6975563
787416,1-[(1H-benzimidazol-2-ylamino)methyl]naphthalen-2-ol,C1=CC=C2C(=C1)C=CC(=C2CNC3=NC4=CC=CC=C4N3)O,C18H15N3O,3,3,3,4.033800000000003,289.1215121,22,60.94,0.3610108303249097,0,Baja,0.498,0.3,0.9373861801620664,0.7780396351215497,CN1C(NCC2=CC(Br)=CC=C2O)=NC2=C1C=CC=C2,0.8393,0.727,1.5663,1.4915273
1930357,"2,4-dibromo-6-[[(3-butyl-1H-benzimidazol-3-ium-2-yl)amino]methyl]phenol",CCCC[N+]1=C(NC2=CC=CC=C21)NCC3=C(C(=CC(=C3)Br)Br)O,C18H20Br2N3O+,2,3,6,5.098200000000004,451.99676288009,24,51.92999999999999,0.4621606008087811,1,Baja,0.498,0.2753623188405797,0.8485064323066428,0.705220403940127,CN1C(NCC2=CC(Br)=CC=C2O)=NC2=C1C=CC=C2,0.7837,0.661,1.4447,1.4909687
5258074,N-(1-benzylbenzimidazol-2-yl)-5-bromo-2-(difluoromethoxy)benzamide,C1=CC=C(C=C1)CN2C3=CC=CC=C3N=C2NC(=O)C4=C(C=CC(=C4)Br)OC(F)F,C22H16BrF2N3O2,4,1,6,5.700800000000003,471.0393952919999,30,56.15000000000001,0.5342831700801424,1,Baja,0.496,0.3428571428571428,0.8506901456765212,0.7237318949716767,CN1C(NCC2=CC(Br)=CC=C2O)=NC2=C1C=CC=C2,0.5573,0.4384,0.9957,1.1375998
715137,2-[[(1-methylbenzimidazol-2-yl)amino]methyl]phenol,CN1C2=CC=CC=C2N=C1NCC3=CC=CC=C3O,C15H15N3O,4,2,3,2.891000000000001,253.1215121,19,50.08,0.3793929712460064,0,Baja,0.494,0.7209302325581395,0.9826165918678008,0.9171950020403856,CN1C(NCC2=CC(Br)=CC=C2O)=NC2=C1C=CC=C2,0.9889,0.8891,1.878,1.8759863
2085397,4-(1H-benzimidazol-2-ylsulfanyl)-1-(4-phenylpiperazin-1-yl)butan-1-one,C1CN(CCN1C2=CC=CC=C2)C(=O)CCCSC3=NC4=CC=CC=C4N3,C21H24N4OS,4,1,6,3.784000000000002,380.167082388,27,52.23,0.5169442848937392,0,Baja,0.494,0.3088235294117647,0.6760305279982599,0.584228778351636,O=C(NC1=CC(=CC=C1)C1=NC2=C(N1)C=CC=C2)C1=CC=C(C=C1)C1=CC=CC=C1,0.7912,0.7114,1.5026,1.2307185
13004831,6-fluoro-2-(2-furyl)-1H-benzimidazole,C1=COC(=C1)C2=NC3=C(N2)C=C(C=C3)F,C11H7FN2O,2,1,1,2.962000000000001,202.054241064,15,41.82,0.3586800573888092,0,Baja,0.494,0.2857142857142857,0.8824459963553828,0.7332630686951085,CC1=CC2=C(NC(=N2)C2=CC=C(O2)N(=O)=O)C=C1,0.8759,0.7769,1.6528,1.5850877
166454520,6-[[1-(5-aminopentyl)-5-[(4-methylpiperazin-1-yl)methyl]benzimidazol-2-yl]carbamoyl]pyridine-2-carboxylic acid,CN1CCN(CC1)CC2=CC3=C(C=C2)N(C(=N3)NC(=O)C4=NC(=CC=C4)C(=O)O)CCCCCN,C25H33N7O3,8,3,10,2.2582,479.264487916,35,129.61,0.2700408919064887,0,Baja,0.494,0.216867469879518,0.5127510344409342,0.4387801433005801,CC1=CC2=C(NC(NC(=O)C3=NC=CC=C3)=N2)C=C1,0.4078,0.3859,0.7938,0.8545393
715142,2-[[(1-propylbenzimidazol-2-yl)amino]methyl]phenol,CCCN1C2=CC=CC=C2N=C1NCC3=CC=CC=C3O,C17H19N3O,4,2,5,3.764000000000002,281.152812228,21,50.08,0.4193290734824281,0,Baja,0.492,0.5490196078431373,0.9882375323433544,0.8784330512183001,CN1C(NCC2=CC(Br)=CC=C2O)=NC2=C1C=CC=C2,0.8619,0.8004,1.6623,1.6526365
924807,2-(2-furyl)-6-methyl-1H-benzimidazole,CC1=CC2=C(C=C1)N=C(N2)C3=CC=CO3,C12H10N2O,2,1,1,3.131320000000001,198.07931294,15,41.82,0.3586800573888092,0,Baja,0.492,0.4117647058823529,0.8708313074723943,0.756064657074884,CC1=CC2=C(NC(=N2)C2=CC=C(O2)N(=O)=O)C=C1,0.8275,0.7767,1.6043,1.6037426
135458800,4-chloro-2-[(E)-C-methyl-N-(1-methylbenzimidazol-2-yl)carbonimidoyl]phenol,CC(=NC1=NC2=CC=CC=C2N1C)C3=C(C=CC(=C3)Cl)O,C16H14ClN3O,4,1,2,4.073000000000003,299.0825397479999,21,50.41,0.4165840111089069,0,Baja,0.492,0.3728813559322034,0.9559322511475454,0.81016952734371,CN1C(NCC2=CC(Br)=CC=C2O)=NC2=C1C=CC=C2,0.5677,0.4921,1.0598,1.1956037
914450,4-chloro-2-[C-methyl-N-(1-methylbenzimidazol-2-yl)carbonimidoyl]phenol,CC(=NC1=NC2=CC=CC=C2N1C)C3=C(C=CC(=C3)Cl)O,C16H14ClN3O,4,1,2,4.073000000000003,299.0825397479999,21,50.41,0.4165840111089069,0,Baja,0.492,0.3728813559322034,0.9559322511475454,0.81016952734371,CN1C(NCC2=CC(Br)=CC=C2O)=NC2=C1C=CC=C2,0.5677,0.4921,1.0598,1.1956037
5056728,6-chloro-2-(2-furyl)-1H-benzimidazole,C1=COC(=C1)C2=NC3=C(N2)C=C(C=C3)Cl,C11H7ClN2O,2,1,1,3.476300000000001,218.024690524,15,41.82,0.3586800573888092,0,Baja,0.492,0.2857142857142857,0.8589940976422037,0.7156741446602242,CC1=CC2=C(NC(=N2)C2=CC=C(O2)N(=O)=O)C=C1,0.8717,0.7769,1.6486,1.5803567
45784059,1-[(3S)-3-[6-(trifluoromethyl)-1H-benzimidazol-2-yl]pyrrolidin-1-yl]ethanone,CC(=O)N1CCC(C1)C2=NC3=C(N2)C=C(C=C3)C(F)(F)F,C14H14F3N3O,2,1,1,2.9175,297.108896728,21,48.99,0.4286589099816288,0,Baja,0.492,0.1643835616438356,0.87324506391288,0.696029688345619,CC1=CC2=C(NC(=N2)C2=CC=C(O2)N(=O)=O)C=C1,0.7197,0.7141,1.4338,1.4666857
73553250,1-[6-(1-methylbenzimidazol-2-yl)-2-pyridyl]ethanone,CC(=O)C1=CC=CC(=N1)C2=NC3=CC=CC=C3N2C,C15H13N3O,4,0,2,2.837900000000001,251.105862036,19,47.78,0.3976559229803265,0,Baja,0.492,0.1384615384615384,0.9056387673167748,0.7138444601029656,CC1=CC2=C(NC(=N2)C2=CC=C(O2)N(=O)=O)C=C1,0.6998,0.7193,1.4191,1.3796948
715201,2-methoxy-6-[[(1-methylbenzimidazol-2-yl)amino]methyl]phenol,CN1C2=CC=CC=C2N=C1NCC3=C(C(=CC=C3)OC)O,C16H17N3O2,5,2,4,2.899600000000001,283.132076784,21,59.31,0.3540718259989883,0,Baja,0.49,0.5576923076923077,0.9793995967006722,0.873972774448581,CN1C(NCC2=CC(Br)=CC=C2O)=NC2=C1C=CC=C2,0.8839,0.8004,1.6843,1.6453222
3645879,"2,4-dibromo-6-[[(1-ethylbenzimidazol-2-yl)amino]methyl]phenol",CCN1C2=CC=CC=C2N=C1NCC3=C(C(=CC(=C3)Br)Br)O,C16H15Br2N3O,4,2,4,4.898900000000003,422.9581863,22,50.08,0.4392971246006389,0,Baja,0.49,0.5555555555555556,0.9774912035621875,0.8720072915605297,CN1C(NCC2=CC(Br)=CC=C2O)=NC2=C1C=CC=C2,0.9343,0.9,1.8342,1.7632794
924071,N-(2-furylmethyl)-1-propyl-benzimidazol-2-amine,CCCN1C2=CC=CC=C2N=C1NCC3=CC=CO3,C15H17N3O,4,1,5,3.651400000000002,255.137162164,19,42.99,0.4419632472668062,0,Baja,0.49,0.3793103448275862,0.9424607736557192,0.801673166448686,CN1C(NCC2=CC(Br)=CC=C2O)=NC2=C1C=CC=C2,0.7446,0.5423,1.2869,1.3644488
5020742,"2,4-dibromo-6-[[(3-isopropyl-1H-benzimidazol-3-ium-2-yl)amino]methyl]phenolate",CC(C)[N+]1=C(NC2=CC=CC=C21)NCC3=C(C(=CC(=C3)Br)Br)[O-],C17H17Br2N3O,2,2,4,4.247000000000003,436.973836364,23,54.75999999999999,0.4200146092037984,0,Baja,0.49,0.25,0.8634019845773043,0.7100514884329783,CN1C(NCC2=CC(Br)=CC=C2O)=NC2=C1C=CC=C2,0.8633,0.5757,1.439,1.3826271
9899744,4-(6-methyl-1H-benzimidazol-2-yl)benzoic acid,CC1=CC2=C(C=C1)N=C(N2)C3=CC=C(C=C3)C(=O)O,C15H12N2O2,2,2,2,3.236520000000001,252.089877624,19,65.98,0.2879660503182782,0,Baja,0.488,0.3454545454545454,0.8960384053360142,0.758392440365647,CC1=CC2=C(NC(=N2)C2=CC=C(O2)N(=O)=O)C=C1,0.7472,0.5816,1.3288,1.4610883
2871507,5-(1-methylbenzimidazol-2-yl)furan-2-sulfonic acid,CN1C2=CC=CC=C2N=C1C3=CC=C(O3)S(=O)(=O)O,C12H10N2O4S,5,1,2,2.08,278.0361278,19,85.33,0.2226649478495253,0,Baja,0.488,0.2063492063492063,0.9488957415311602,0.7632591077356717,CC1=CC2=C(NC(=N2)C2=CC=C(O2)N(=O)=O)C=C1,0.7741,0.6757,1.4498,1.3688973
102227621,2-(1H-benzimidazol-2-yl)-1-methyl-piperidin-4-one,CN1CCC(=O)CC1C2=NC3=CC=CC=C3N2,C13H15N3O,3,1,1,1.8987,229.1215121,17,48.99,0.3470095937946519,0,Baja,0.488,0.1846153846153846,0.9472860777301938,0.7566184044514914,CC1=CC2=C(NC(=N2)C2=CC=C(O2)N(=O)=O)C=C1,0.7293,0.6182,1.3475,1.4519404
45102710,1-[6-chloro-5-(trifluoromethoxy)-1H-benzimidazol-2-yl]pyrazole-4-carboxylic acid,C1=C2C(=CC(=C1Cl)OC(F)(F)F)N=C(N2)N3C=C(C=N3)C(=O)O,C12H6ClF3N4O3,5,2,3,2.9988,346.008052392,23,93.03,0.2472320756745136,0,Baja,0.488,0.1447368421052631,0.9519059634532152,0.7501136831162273,CC1=CC2=C(NC(=N2)C2=CC=C(O2)N(=O)=O)C=C1,0.8612,0.6008,1.462,1.298768
3810675,"2,4-dibromo-6-[[(1-methylbenzimidazol-2-yl)amino]methyl]phenol",CN1C2=CC=CC=C2N=C1NCC3=C(C(=CC(=C3)Br)Br)O,C15H13Br2N3O,4,2,3,4.416000000000002,408.942536236,21,50.08,0.4193290734824281,0,Baja,0.486,0.723404255319149,0.9864488213723664,0.920687679859062,CN1C(NCC2=CC(Br)=CC=C2O)=NC2=C1C=CC=C2,0.9887,0.9,1.8887,1.9075593
4073119,"4-(5,6-dichloro-1H-benzimidazol-2-yl)benzoic acid",C1=CC(=CC=C1C2=NC3=CC(=C(C=C3N2)Cl)Cl)C(=O)O,C14H8Cl2N2O2,2,2,2,4.234900000000001,305.9962828559999,20,65.98,0.3031221582297665,0,Baja,0.486,0.2586206896551724,0.8863879044929014,0.7294461007834692,CC1=CC2=C(NC(=N2)C2=CC=C(O2)N(=O)=O)C=C1,0.7812,0.5817,1.3629,1.2352097
9114635,2-[2-(benzylamino)benzimidazol-1-yl]acetamide,C1=CC=C(C=C1)CNC2=NC3=CC=CC=C3N2CC(=O)N,C16H16N4O,4,2,5,2.1337,280.132411132,21,72.94,0.2879078694817658,0,Baja,0.484,0.375,0.9568150430130536,0.8113612822597902,CN1C(NCC2=CC(Br)=CC=C2O)=NC2=C1C=CC=C2,0.8824,0.5462,1.4287,1.5098801
924295,1-ethyl-N-(2-furylmethyl)benzimidazol-2-amine,CCN1C2=CC=CC=C2N=C1NCC3=CC=CO3,C14H15N3O,4,1,4,3.261300000000001,241.1215121,18,42.99,0.418702023726448,0,Baja,0.484,0.3684210526315789,0.9410460057945832,0.7978897675038321,CN1C(NCC2=CC(Br)=CC=C2O)=NC2=C1C=CC=C2,0.8077,0.5962,1.4039,1.3581916
6991896,2-pyrrolidin-1-yl-1H-benzimidazole,C1CCN(C1)C2=NC3=CC=CC=C3N2,C11H13N3,2,1,1,2.1631,187.110947416,14,31.92,0.4385964912280701,0,Baja,0.484,0.1785714285714285,0.8507080312482938,0.6826738805790774,CC1=CC2=C(NC(=N2)C2=CC=C(O2)N(=O)=O)C=C1,0.8235,0.6645,1.488,1.534925
58190971,N-[6-[2-(3H-indol-2-yl)acetyl]-1H-benzimidazol-2-yl]isoquinoline-3-carboxamide,C1C2=CC=CC=C2N=C1CC(=O)C3=CC4=C(C=C3)N=C(N4)NC(=O)C5=CC6=CC=CC=C6C=N5,C27H19N5O2,5,2,5,5.265000000000004,445.153874848,34,100.1,0.3396603396603396,1,Baja,0.482,0.375,0.533748156679384,0.494061117509538,CC1=CC2=C(NC(NC(=O)C3=NC=CC=C3)=N2)C=C1,0.5639,0.6427,1.2066,1.2258487
137218540,4-[2-[4-[4-methyl-6-(1-methylbenzimidazol-2-yl)-2-propyl-benzimidazole-1-carbonyl]phenyl]phenyl]-1H-tetrazol-5-one,CCCC1=NC2=C(N1C(=O)C3=CC=C(C=C3)C4=CC=CC=C4N5C(=O)NN=N5)C=C(C=C2C)C6=NC7=CC=CC=C7N6C,C33H28N8O2,9,1,6,5.475420000000004,568.233522136,43,116.28,0.369797041623667,2,Baja,0.482,0.217391304347826,0.5385767382261613,0.4582803797565775,O=C(NC1=CC(=CC=C1)C1=NC2=C(N1)C=CC=C2)C1=CC=C(C=C1)C1=CC=CC=C1,0.5093,0.2644,0.7737,0.90835965
136236762,2-[1-(1H-benzimidazol-2-yl)ethylideneamino]acetic acid,CC(=NCC(=O)O)C1=NC2=CC=CC=C2N1,C11H11N3O2,3,2,3,1.4565,217.085126592,16,78.34,0.2042379371968343,0,Baja,0.482,0.1935483870967742,0.8222688382491173,0.6650887254610315,CC1=CC2=C(NC(=N2)C2=CC=C(O2)N(=O)=O)C=C1,0.8459,0.7346,1.5805,1.5410819
3550264,"2,4-dibromo-6-[[(1-propylbenzimidazol-2-yl)amino]methyl]phenol",CCCN1C2=CC=CC=C2N=C1NCC3=C(C(=CC(=C3)Br)Br)O,C17H17Br2N3O,4,2,5,5.289000000000003,436.973836364,23,50.08,0.4592651757188498,1,Baja,0.48,0.5636363636363636,0.965615430616776,0.865120663871673,CN1C(NCC2=CC(Br)=CC=C2O)=NC2=C1C=CC=C2,0.8591,0.8183,1.6774,1.6841478
12270889,"4,7-dimethyl-2-phenyl-1H-benzimidazole",CC1=C2C(=C(C=C1)C)N=C(N2)C3=CC=CC=C3,C15H14N2,1,1,1,3.846740000000002,222.115698448,17,28.68,0.592747559274756,0,Baja,0.48,0.1785714285714285,0.7341678107963447,0.5952687152401156,CC1=CC2=C(NC(=N2)C2=CC=C(O2)N(=O)=O)C=C1,0.7231,0.6546,1.3777,1.4237723
129119844,2-[4-[4-methyl-6-(1-methylbenzimidazol-2-yl)-2-propyl-benzimidazole-1-carbonyl]phenyl]benzoyl chloride,CCCC1=NC2=C(N1C(=O)C3=CC=C(C=C3)C4=CC=CC=C4C(=O)Cl)C=C(C=C2C)C5=NC6=CC=CC=C6N5C,C33H27ClN4O2,6,0,6,7.585420000000006,546.182253784,40,69.78,0.5732301519059902,2,Baja,0.476,0.2093023255813953,0.36332609889443,0.3248201555661714,O=C(NC1=CC(=CC=C1)C1=NC2=C(N1)C=CC=C2)C1=CC=C(C=C1)C1=CC=CC=C1,0.5068,0.3217,0.8285,0.8190696
64724971,4-(4-fluoro-1H-benzimidazol-2-yl)thiazole,C1=CC2=C(C(=C1)F)N=C(N2)C3=CSC=N3,C10H6FN3S,3,1,1,2.825500000000001,219.026646412,15,41.57,0.360837142169834,0,Baja,0.476,0.1587301587301587,0.9279107306604352,0.7356155876778662,CC1=CC2=C(NC(=N2)C2=CC=C(O2)N(=O)=O)C=C1,0.8644,0.7749,1.6393,1.5109279
5066130,4-chloro-N-[2-[1-[(2-fluorophenyl)methyl]benzimidazol-2-yl]ethyl]benzamide,C1=CC=C(C(=C1)CN2C3=CC=CC=C3N=C2CCNC(=O)C4=CC=C(C=C4)Cl)F,C23H19ClFN3O,3,1,6,4.849600000000003,407.120068128,29,46.92,0.618073316283035,0,Baja,0.4753333333333333,0.25,0.7570660514768505,0.6302995386076379,COC(=O)C1=CC=C(NC(=O)CSC2=NC3=C(C=C(Cl)C=C3)N2CC2=CC(C)=CC(C)=C2)C(Cl)=C1,0.6597,0.5808,1.2406,1.2250085
129855874,3-[4-(4-chloro-5-fluoro-1H-benzimidazol-2-yl)phenyl]thiazolidin-4-one,C1C(=O)N(CS1)C2=CC=C(C=C2)C3=NC4=C(N3)C=CC(=C4Cl)F,C16H11ClFN3OS,3,1,2,4.059700000000001,347.029538872,23,48.99,0.4694835680751174,0,Baja,0.474,0.2318840579710145,0.8198417240552687,0.6728523075342052,NC(=N)NC1=CC2=C(NC(=N2)C2=CC=C(C=C2)C2=CC=CC=C2)C=C1,0.7753,0.5801,1.3554,1.3335437
66937239,1-(5-acetamido-6-chloro-1H-benzimidazol-2-yl)pyrazole-4-carboxylic acid,CC(=O)NC1=C(C=C2C(=C1)N=C(N2)N3C=C(C=N3)C(=O)O)Cl,C13H10ClN5O3,5,3,3,2.0586,319.0472168599999,22,112.9,0.1948627103631532,0,Baja,0.474,0.1621621621621621,0.8800177549967751,0.700553856788122,CC1=CC2=C(NC(=N2)C2=CC=C(O2)N(=O)=O)C=C1,0.7737,0.5564,1.3301,1.293182
64722913,4-(4-chloro-1H-benzimidazol-2-yl)thiazole,C1=CC2=C(C(=C1)Cl)N=C(N2)C3=CSC=N3,C10H6ClN3S,3,1,1,3.3398,234.997095872,15,41.57,0.360837142169834,0,Baja,0.474,0.1587301587301587,0.906726180798264,0.7197271752812376,CC1=CC2=C(NC(=N2)C2=CC=C(O2)N(=O)=O)C=C1,0.8599,0.7748,1.6348,1.5279609
715158,1-[[(1-propylbenzimidazol-2-yl)amino]methyl]naphthalen-2-ol,CCCN1C2=CC=CC=C2N=C1NCC3=C(C=CC4=CC=CC=C43)O,C21H21N3O,4,2,5,4.917200000000005,331.168462292,25,50.08,0.4992012779552716,0,Baja,0.472,0.4736842105263157,0.971460079588698,0.8470161123231026,CN1C(NCC2=CC(Br)=CC=C2O)=NC2=C1C=CC=C2,0.7882,0.7269,1.5151,1.6429588
66940507,2-(isoquinoline-3-carbonylamino)-6-propyl-1H-benzimidazole-4-carboxylic acid,CCCC1=CC(=C2C(=C1)NC(=N2)NC(=O)C3=CC4=CC=CC=C4C=N3)C(=O)O,C21H18N4O3,4,3,5,4.014100000000002,374.137890436,28,107.97,0.2593312957302954,0,Baja,0.472,0.373134328358209,0.8353260354393063,0.7197781086690319,CC1=CC2=C(NC(NC(=O)C3=NC=CC=C3)=N2)C=C1,0.666,0.6428,1.3088,1.2434213
166363688,"N-(6-cyano-1H-benzimidazol-2-yl)-6-(4-methylpiperazin-1-yl)pyridine-2-carboxamide;2,2,2-trifluoroacetic acid",CN1CCN(CC1)C2=CC=CC(=N2)C(=O)NC3=NC4=C(N3)C=C(C=C4)C#N.C(=O)(C(F)(F)F)O,C21H20F3N7O3,7,3,3,2.46698,475.15797216,34,138.24,0.2459490740740741,0,Baja,0.472,0.3698630136986301,0.6251019754898188,0.5612922350420216,CC1=CC2=C(NC(NC(=O)C3=NC=CC=C3)=N2)C=C1,0.5836,0.7503,1.3339,1.1357651
12704358,"4,6-dichloro-2-(5-methyl-2-furyl)-1H-benzimidazole",CC1=CC=C(O1)C2=NC3=C(N2)C=C(C=C3Cl)Cl,C12H8Cl2N2O,2,1,1,4.438120000000001,266.001368236,17,41.82,0.4065040650406504,0,Baja,0.472,0.3454545454545454,0.827763800567973,0.7071864867896163,CC1=CC2=C(NC(=N2)C2=CC=C(O2)N(=O)=O)C=C1,0.8938,0.7769,1.6707,1.5595795
82946881,"2-(3,5-dimethylphenyl)-4,6-dimethyl-1H-benzimidazole",CC1=CC(=CC(=C1)C2=NC3=C(C=C(C=C3N2)C)C)C,C17H18N2,1,1,1,4.463580000000003,250.146998576,19,28.68,0.6624825662482566,0,Baja,0.472,0.2452830188679245,0.7309449386505249,0.6095294587048748,CC1=CC2=C(NC(=N2)C2=CC=C(O2)N(=O)=O)C=C1,0.6571,0.6542,1.3113,1.4243215
101006991,ethyl 6-(1-methylbenzimidazol-2-yl)pyridine-2-carboxylate,CCOC(=O)C1=CC=CC(=N1)C2=NC3=CC=CC=C3N2C,C16H15N3O2,5,0,3,2.812000000000001,281.11642672,21,57.01,0.3683564286967198,0,Baja,0.472,0.1285714285714285,0.8923418714125898,0.7013992607022995,CC1=CC2=C(NC(=N2)C2=CC=C(O2)N(=O)=O)C=C1,0.6227,0.7229,1.3457,1.2979836
838910,"4-(5,6-dimethyl-1H-benzimidazol-2-yl)benzoic acid",CC1=CC2=C(C=C1C)N=C(N2)C3=CC=C(C=C3)C(=O)O,C16H14N2O2,2,2,2,3.544940000000001,266.105527688,20,65.98,0.3031221582297665,0,Baja,0.47,0.3035714285714285,0.8958751982604519,0.7477992558381961,CC1=CC2=C(NC(=N2)C2=CC=C(O2)N(=O)=O)C=C1,0.7894,0.5817,1.3712,1.3313359
11507345,"2-(5,6-dimethyl-1H-benzimidazol-2-yl)quinoxaline",CC1=CC2=C(C=C1C)N=C(N2)C3=NC4=CC=CC=C4N=C3,C17H14N4,3,1,1,3.789940000000001,274.121846448,21,54.46,0.3856041131105398,0,Baja,0.47,0.2807017543859649,0.921034882634066,0.7609516005720408,CC1=CC2=C(NC(=N2)C2=CC=C(O2)N(=O)=O)C=C1,0.8311,0.6271,1.4582,1.3678768
130273414,"1-(1H-benzimidazol-2-yl)-2,3-dimethyl-pyridin-4-one",CC1=C(N(C=CC1=O)C2=NC3=CC=CC=C3N2)C,C14H13N3O,3,1,1,2.330640000000001,239.105862036,18,50.68,0.3551696921862667,0,Baja,0.47,0.2131147540983606,0.9602372518655332,0.77345662742374,CC1=CC2=C(NC(=N2)C2=CC=C(O2)N(=O)=O)C=C1,0.6994,0.6897,1.3891,1.4184726
2902875,4-chloro-2-[1-[(1-ethylbenzimidazol-2-yl)amino]ethyl]phenol,CCN1C2=CC=CC=C2N=C1NC(C)C3=C(C=CC(=C3)Cl)O,C17H18ClN3O,4,2,4,4.588300000000004,315.1138398759999,22,50.08,0.4392971246006389,0,Baja,0.466,0.3709677419354839,0.9909957292415736,0.8359887324150512,CN1C(NCC2=CC(Br)=CC=C2O)=NC2=C1C=CC=C2,0.8538,0.8007,1.6545,1.4990461
135576898,4-chloro-2-[(E)-N-(1-ethylbenzimidazol-2-yl)-C-methyl-carbonimidoyl]phenol,CCN1C2=CC=CC=C2N=C1N=C(C)C3=C(C=CC(=C3)Cl)O,C17H16ClN3O,4,1,3,4.555900000000004,313.0981898119999,22,50.41,0.4364213449712359,0,Baja,0.466,0.3125,0.9494412155211698,0.7902059116408773,CN1C(NCC2=CC(Br)=CC=C2O)=NC2=C1C=CC=C2,0.5793,0.5058,1.0851,1.1834903
3780477,"2-(1H-benzimidazol-2-yl)-3-(3,5-dibromo-2-hydroxy-phenyl)prop-2-enenitrile",C1=CC=C2C(=C1)NC(=N2)C(=CC3=C(C(=CC(=C3)Br)Br)O)C#N,C16H9Br2N3O,3,2,2,4.857680000000002,416.911236108,22,72.69999999999999,0.3026134800550207,0,Baja,0.466,0.217391304347826,0.9311588187829464,0.7527169401741662,CN1C(NCC2=CC(Br)=CC=C2O)=NC2=C1C=CC=C2,0.6261,0.4705,1.0966,1.0356653
1421253,"2,4-dibromo-6-[[(3-ethyl-1H-benzimidazol-3-ium-2-yl)amino]methyl]phenol",CC[N+]1=C(NC2=CC=CC=C21)NCC3=C(C(=CC(=C3)Br)Br)O,C16H16Br2N3O+,2,3,4,4.318000000000003,423.96546275209,22,51.92999999999999,0.4236472174080493,0,Baja,0.464,0.2923076923076923,0.8631091570562803,0.7204087908691332,CN1C(NCC2=CC(Br)=CC=C2O)=NC2=C1C=CC=C2,0.9194,0.7206,1.64,1.633663
4915658,2-(3-methyl-2-thienyl)-3H-benzimidazole-5-carboxylic acid,CC1=C(SC=C1)C2=NC3=C(N2)C=C(C=C3)C(=O)O,C13H10N2O2S,3,2,2,3.298020000000001,258.04629856,18,65.98,0.2728099424067899,0,Baja,0.464,0.2580645161290322,0.9333960948288887,0.7645632001539246,CC1=CC2=C(NC(=N2)C2=CC=C(O2)N(=O)=O)C=C1,0.7637,0.498,1.2617,1.294245
56796621,"2-(7-chloro-1,3-benzodioxol-5-yl)-5,6-difluoro-1H-benzimidazole",C1OC2=C(O1)C(=CC(=C2)C3=NC4=CC(=C(C=C4N3)F)F)Cl,C14H7ClF2N2O2,3,1,1,3.890200000000001,308.016411584,21,47.14,0.4454815443360204,0,Baja,0.464,0.2153846153846154,0.8918014301586609,0.7226972264651496,CC1=CC2=C(NC(=N2)C2=CC=C(O2)N(=O)=O)C=C1,0.7852,0.6435,1.4287,1.3741515
2901591,4-chloro-2-[1-[(1-methylbenzimidazol-2-yl)amino]ethyl]phenol,CC(C1=C(C=CC(=C1)Cl)O)NC2=NC3=CC=CC=C3N2C,C16H16ClN3O,4,2,3,4.105400000000002,301.098189812,21,50.08,0.4193290734824281,0,Baja,0.462,0.4464285714285714,0.9960089839614394,0.8586138808282225,CN1C(NCC2=CC(Br)=CC=C2O)=NC2=C1C=CC=C2,0.8835,0.8007,1.6841,1.5691367
4915657,2-(2-thienyl)-3H-benzimidazole-5-carboxylic acid,C1=CSC(=C1)C2=NC3=C(N2)C=C(C=C3)C(=O)O,C12H8N2O2S,3,2,2,2.9896,244.030648496,17,65.98,0.2576538344953016,0,Baja,0.462,0.2258064516129032,0.9291868958838024,0.7533417848160777,CC1=CC2=C(NC(=N2)C2=CC=C(O2)N(=O)=O)C=C1,0.8695,0.4842,1.3537,1.3447857
2757924,2-(3-chloro-2-thienyl)-3H-benzimidazole-5-carboxylic acid,C1=CC2=C(C=C1C(=O)O)NC(=N2)C3=C(C=CS3)Cl,C12H7ClN2O2S,3,2,2,3.643000000000001,277.991676144,18,65.97999999999999,0.2728099424067899,0,Baja,0.462,0.21875,0.9309234381265592,0.7528800785949195,CC1=CC2=C(NC(=N2)C2=CC=C(O2)N(=O)=O)C=C1,0.8559,0.4872,1.3431,1.2579705
108227,2-thiazol-4-yl-3H-benzimidazol-5-ol,C1=CC2=C(C=C1O)NC(=N2)C3=CSC=N3,C10H7N3OS,4,2,1,2.392,217.030982844,15,61.8,0.2427184466019417,0,Baja,0.462,0.2166666666666666,0.8972119065536479,0.7270755965819027,CC1=CC2=C(NC(=N2)C2=CC=C(O2)N(=O)=O)C=C1,0.8633,0.6345,1.4978,1.4830691
166363689,N-(6-cyano-1H-benzimidazol-2-yl)-6-(4-methylpiperazin-1-yl)pyridine-2-carboxamide,CN1CCN(CC1)C2=CC=CC(=N2)C(=O)NC3=NC4=C(N3)C=C(C=C4)C#N,C19H19N7O,6,2,3,1.83368,361.1651082280001,27,100.94,0.2674856350307113,0,Baja,0.458,0.4090909090909091,0.5659127544847865,0.5267072931363171,CC1=CC2=C(NC(NC(=O)C3=NC=CC=C3)=N2)C=C1,0.5836,0.7503,1.3339,1.3287601
164628876,2-[2-[5-(2-thienyl)-2-thienyl]-3H-benzimidazol-5-yl]guanidine,C1=CSC(=C1)C2=CC=C(S2)C3=NC4=C(N3)C=C(C=C4)N=C(N)N,C16H13N5S2,4,3,3,3.924800000000001,339.0612374160001,23,93.08,0.2470992694456381,0,Baja,0.458,0.2769230769230769,0.954006053937495,0.7847353096838905,NC(=N)NC1=CC2=C(NC(=N2)C2=CC=C(C=C2)C2=CC=CC=C2)C=C1,0.7149,0.464,1.1788,1.0688039
134965041,"4,5-dimethyl-2-(1-methylbenzimidazol-2-yl)thiazole",CC1=C(SC(=N1)C2=NC3=CC=CC=C3N2C)C,C13H13N3S,4,0,1,3.313640000000002,243.083018416,17,30.71,0.5535656138065776,0,Baja,0.458,0.1290322580645161,0.8333086548408033,0.6572395556467314,CC1=CC2=C(NC(=N2)C2=CC=C(O2)N(=O)=O)C=C1,0.7316,0.6465,1.3781,1.2319947
16488539,4-[[(1-ethylbenzimidazol-2-yl)amino]methyl]phenol,CCN1C2=CC=CC=C2N=C1NCC3=CC=C(C=C3)O,C16H17N3O,4,2,4,3.373900000000002,267.137162164,20,50.08,0.3993610223642173,0,Baja,0.456,0.4339622641509434,0.9890694486773344,0.8502926525457367,CN1C(NCC2=CC(Br)=CC=C2O)=NC2=C1C=CC=C2,0.9141,0.5462,1.4604,1.6390848
145964657,"2-(2-bromo-4,5-dimethoxy-phenyl)-5,6-dimethyl-1H-benzimidazole",CC1=CC2=C(C=C1C)N=C(N2)C3=CC(=C(C=C3Br)OC)OC,C17H17BrN2O2,3,1,3,4.626440000000003,360.0473398839999,22,47.14,0.4666949512091642,0,Baja,0.456,0.2542372881355932,0.8639171159104444,0.7114971589667316,CC1=CC2=C(NC(=N2)C2=CC=C(O2)N(=O)=O)C=C1,0.722,0.6826,1.4046,1.3076164
135501443,(E)-2-(1H-benzimidazol-2-yl)-3-(2-hydroxyphenyl)prop-2-enenitrile,C1=CC=C(C(=C1)C=C(C#N)C2=NC3=CC=CC=C3N2)O,C16H11N3O,3,2,2,3.332680000000002,261.090211972,20,72.7,0.2751031636863824,0,Baja,0.456,0.1846153846153846,0.9357731982517378,0.7479837448426494,CN1C(NCC2=CC(Br)=CC=C2O)=NC2=C1C=CC=C2,0.552,0.4484,1.0004,1.2266023
66937488,1-[5-ethylsulfanyl-6-(trifluoromethyl)-1H-benzimidazol-2-yl]pyrazole-4-carboxylic acid,CCSC1=CC2=C(C=C1C(F)(F)F)NC(=N2)N3C=C(C=N3)C(=O)O,C14H11F3N4O2S,5,2,4,3.577600000000002,356.055481252,24,83.8,0.2863961813842482,0,Baja,0.456,0.1538461538461538,0.947590749262595,0.7491546004084847,CC1=CC2=C(NC(=N2)C2=CC=C(O2)N(=O)=O)C=C1,0.7045,0.6009,1.3054,1.2149143
12283192,4-methyl-2-(1-methylbenzimidazol-2-yl)thiazole,CC1=CSC(=N1)C2=NC3=CC=CC=C3N2C,C12H11N3S,4,0,1,3.005220000000001,229.067368352,16,30.71,0.5210029306414848,0,Baja,0.456,0.1290322580645161,0.8351269014877118,0.6586032406319129,CC1=CC2=C(NC(=N2)C2=CC=C(O2)N(=O)=O)C=C1,0.7831,0.6466,1.4297,1.2709194
44579808,"4-[6-(trifluoromethyl)-1H-benzimidazol-2-yl]spiro[cyclohexane-1,3'-isobenzofuran]-1'-one",C1CC2(CCC1C3=NC4=C(N3)C=C(C=C4)C(F)(F)F)C5=CC=CC=C5C(=O)O2,C21H17F3N2O2,3,1,1,5.305200000000003,386.124212444,28,54.98,0.5092761004001455,1,Baja,0.4551333333333334,0.1538461538461538,0.7649285559387913,0.6121579554156319,NC(=N)NC1=CC2=C(NC(=N2)C2=CC=C(C=C2)C2=CC=CC=C2)C=C1,0.7002,0.5157,1.2159,1.2331092
806167,1-methyl-2-(5-methyl-2-furyl)benzimidazole,CC1=CC=C(O1)C2=NC3=CC=CC=C3N2C,C13H12N2O,3,0,1,3.141720000000001,212.094963004,16,30.96,0.5167958656330749,0,Baja,0.454,0.2105263157894736,0.8231103000456397,0.6699643039815981,CC1=CC2=C(NC(=N2)C2=CC=C(O2)N(=O)=O)C=C1,0.796,0.6482,1.4442,1.2241218
64722096,4-(4-methyl-1H-benzimidazol-2-yl)thiazole,CC1=C2C(=CC=C1)NC(=N2)C3=CSC=N3,C11H9N3S,3,1,1,2.994820000000001,215.051718288,15,41.57,0.360837142169834,0,Baja,0.454,0.1967213114754098,0.9202268390105892,0.7393504571267944,CC1=CC2=C(NC(=N2)C2=CC=C(O2)N(=O)=O)C=C1,0.8144,0.7748,1.5892,1.5113189
3116456,4-methyl-2-(1-methylbenzimidazol-2-yl)azo-phenol,CC1=CC(=C(C=C1)O)N=NC2=NC3=CC=CC=C3N2C,C15H14N4O,5,1,2,4.002720000000003,266.116761068,20,62.77,0.31862354628007,0,Baja,0.45,0.3928571428571428,0.9223205031045276,0.7899546630426815,CN1C(NCC2=CC(Br)=CC=C2O)=NC2=C1C=CC=C2,0.4945,0.4634,0.9579,1.3410193
13415796,2-cyclobutyl-1H-benzimidazole,C1CC(C1)C2=NC3=CC=CC=C3N2,C11H12N2,1,1,1,2.830400000000001,172.100048384,13,28.68,0.4532775453277545,0,Baja,0.45,0.1785714285714285,0.6928391033242441,0.5642721846360402,CC1=CC2=C(NC(=N2)C2=CC=C(O2)N(=O)=O)C=C1,0.7717,0.6454,1.4171,1.3781748
126665,"4-(1H-benzimidazol-2-ylazo)benzene-1,3-diol",C1=CC=C2C(=C1)NC(=N2)N=NC3=C(C=C(C=C3)O)O,C13H10N4O2,5,3,2,3.389500000000001,254.08037556,19,93.86,0.2024291497975708,0,Baja,0.448,0.2131147540983606,0.9514408967010428,0.7668593610503722,CN1C(NCC2=CC(Br)=CC=C2O)=NC2=C1C=CC=C2,0.5014,0.3762,0.8776,1.096622
129877452,"1-[5-(1-methylbenzimidazol-2-yl)-2-furyl]butane-1,3-dione",CC(=O)CC(=O)C1=CC=C(O1)C2=NC3=CC=CC=C3N2C,C16H14N2O3,5,0,4,2.995100000000001,282.100442308,21,65.1,0.3225806451612903,0,Baja,0.448,0.2121212121212121,0.8961358378486033,0.7251321814167555,CC1=CC2=C(NC(=N2)C2=CC=C(O2)N(=O)=O)C=C1,0.7002,0.6363,1.3365,1.2560198
12425556,"(1,3-dimethylbenzimidazol-2-ylidene)-phenylimino-ammonium",CN1C2=CC=CC=C2N(C1=[N+]=NC3=CC=CC=C3)C,C15H15N4+,3,0,1,2.4096,251.12912290009,19,36.32,0.5231277533039648,0,Baja,0.448,0.2037037037037037,0.7933290907655879,0.6459227440001168,CN1C(NCC2=CC(Br)=CC=C2O)=NC2=C1C=CC=C2,0.4975,0.4158,0.9132,1.0558877
787417,1-[[(1-methylbenzimidazol-2-yl)amino]methyl]naphthalen-2-ol,CN1C2=CC=CC=C2N=C1NCC3=C(C=CC4=CC=CC=C43)O,C19H17N3O,4,2,3,4.044200000000004,303.137162164,23,50.08,0.4592651757188498,0,Baja,0.446,0.5918367346938775,0.9896028219544404,0.8901613001392997,CN1C(NCC2=CC(Br)=CC=C2O)=NC2=C1C=CC=C2,0.8917,0.7995,1.6912,1.742104
11160865,2-(2-chlorophenyl)-4-methyl-1H-benzimidazole,CC1=C2C(=CC=C1)NC(=N2)C3=CC=CC=C3Cl,C14H11ClN2,1,1,1,4.191720000000002,242.061076032,17,28.68,0.592747559274756,0,Baja,0.444,0.2033898305084746,0.7303676435831946,0.5986231903145146,CC1=CC2=C(NC(=N2)C2=CC=C(O2)N(=O)=O)C=C1,0.8283,0.6548,1.4831,1.406727
388065,2-tetrahydropyran-2-yl-1H-benzimidazole,C1CCOC(C1)C2=NC3=CC=CC=C3N2,C12H14N2O,2,1,1,2.804500000000001,202.110613068,15,37.91,0.3956739646531259,0,Baja,0.444,0.180327868852459,0.8760805715966167,0.7021423959105773,CC1=CC2=C(NC(=N2)C2=CC=C(O2)N(=O)=O)C=C1,0.7879,0.7413,1.5292,1.5179453
64723134,2-(5-chloro-2-thienyl)-4-fluoro-1H-benzimidazole,C1=CC2=C(C(=C1)F)N=C(N2)C3=CC=C(S3)Cl,C11H6ClFN2S,2,1,1,4.083900000000001,251.992425092,16,28.68,0.5578800557880056,0,Baja,0.442,0.1587301587301587,0.7929564248783717,0.6343998583413184,CC1=CC2=C(NC(=N2)C2=CC=C(O2)N(=O)=O)C=C1,0.8707,0.6634,1.5341,1.5107993
136069217,"2-(5,6-dimethyl-1H-benzimidazol-2-yl)-4-methoxy-phenol",CC1=CC2=C(C=C1C)N=C(N2)C3=C(C=CC(=C3)OC)O,C16H16N2O2,3,2,2,3.560940000000003,268.121177752,20,58.14,0.3439972480220158,0,Baja,0.44,0.2666666666666666,0.9190036321397174,0.7559193907714546,CC1=CC2=C(NC(=N2)C2=CC=C(O2)N(=O)=O)C=C1,0.7648,0.5639,1.3288,1.2363265
2973467,4-fluoro-N-[2-[1-(o-tolylmethyl)benzimidazol-2-yl]ethyl]benzamide,CC1=CC=CC=C1CN2C3=CC=CC=C3N=C2CCNC(=O)C4=CC=C(C=C4)F,C24H22FN3O,3,1,6,4.504620000000004,387.174690544,29,46.92,0.618073316283035,0,Baja,0.4373333333333333,0.2247191011235955,0.6791078861504876,0.5655106898937646,COC(=O)C1=CC=C(NC(=O)CSC2=NC3=C(C=C(Cl)C=C3)N2CC2=CC(C)=CC(C)=C2)C(Cl)=C1,0.6521,0.5823,1.2344,1.2488718
136682618,"(4S)-2-(6-hydroxy-1H-benzimidazol-2-yl)-4,5-dihydrothiazole-4-carboxylic acid",C1C(N=C(S1)C2=NC3=C(N2)C=C(C=C3)O)C(=O)O,C11H9N3O3S,5,3,2,1.2151,263.036462148,18,98.57,0.1826113421933651,0,Baja,0.434,0.2153846153846154,0.792015546833472,0.6478578139712579,CC1=CC2=C(NC(=N2)C2=CC=C(O2)N(=O)=O)C=C1,0.8188,0.6757,1.4946,1.4685602
4744126,N-benzyl-1H-benzimidazol-3-ium-2-amine,C1=CC=C(C=C1)CNC2=[NH+]C3=CC=CC=C3N2,C14H14N3+,1,2,3,2.5941,224.11822386809,17,41.96,0.4051477597712106,0,Baja,0.432,0.15,0.7031607004682322,0.5648705253511741,CN1C(NCC2=CC(Br)=CC=C2O)=NC2=C1C=CC=C2,0.8785,0.4539,1.3324,1.3751773
162417899,"2-[(2S)-1,4-dioxan-2-yl]-1H-benzimidazole",C1COC(CO1)C2=NC3=CC=CC=C3N2,C11H12N2O2,3,1,1,1.6508,204.089877624,15,47.14,0.3182011030971574,0,Baja,0.428,0.180327868852459,0.9211847738546226,0.7359705476040818,CC1=CC2=C(NC(=N2)C2=CC=C(O2)N(=O)=O)C=C1,0.7981,0.6706,1.4687,1.5149786
10477251,"4-[5-chloro-6-(trifluoromethyl)-1H-benzimidazol-2-yl]spiro[cyclohexane-1,3'-isobenzofuran]-1'-one",C1CC2(CCC1C3=NC4=C(N3)C=C(C(=C4)Cl)C(F)(F)F)C5=CC=CC=C5C(=O)O2,C21H16ClF3N2O2,3,1,1,5.958600000000003,420.0852400919999,29,54.98,0.5274645325572935,1,Baja,0.426,0.1625,0.7355903612396595,0.5923177709297446,NC(=N)NC1=CC2=C(NC(=N2)C2=CC=C(C=C2)C2=CC=CC=C2)C=C1,0.7032,0.5157,1.2189,1.2784721
101432363,1-[6-(1-ethylbenzimidazol-2-yl)-2-pyridyl]ethanone,CCN1C2=CC=CC=C2N=C1C3=NC(=CC=C3)C(=O)C,C16H15N3O,4,0,3,3.320800000000002,265.1215121,20,47.78,0.4185851820845542,0,Baja,0.426,0.1323529411764706,0.8882333157163029,0.6992632220813448,CC1=CC2=C(NC(=N2)C2=CC=C(O2)N(=O)=O)C=C1,0.6942,0.7087,1.403,1.31407
12798434,5-(1-methylbenzimidazol-2-yl)furan-2-carboxylic acid,CN1C2=CC=CC=C2N=C1C3=CC=C(O3)C(=O)O,C13H10N2O3,4,1,2,2.531499999999999,242.06914218,18,68.26,0.2636976267213595,0,Baja,0.424,0.2096774193548387,0.9898514273527664,0.7948079253532846,CC1=CC2=C(NC(=N2)C2=CC=C(O2)N(=O)=O)C=C1,0.7646,0.7526,1.5172,1.4650048
5020743,"2,4-dibromo-6-[[(3-isopropyl-1H-benzimidazol-3-ium-2-yl)amino]methyl]phenol",CC(C)[N+]1=C(NC2=CC=CC=C21)NCC3=C(C(=CC(=C3)Br)Br)O,C17H18Br2N3O+,2,3,4,4.879000000000003,437.98111281609,23,51.92999999999999,0.4429039091084152,0,Baja,0.422,0.2878787878787879,0.857908864029034,0.7154013449914725,CN1C(NCC2=CC(Br)=CC=C2O)=NC2=C1C=CC=C2,0.8757,0.661,1.5367,1.588723
137136048,2-(6-hydroxy-1H-benzimidazol-2-yl)thiazol-4-ol,C1=CC2=C(C=C1O)NC(=N2)C3=NC(=CS3)O,C10H7N3O2S,5,3,1,2.0976,233.025897464,16,82.03,0.1950505912471047,0,Baja,0.422,0.2203389830508474,0.8367663138410156,0.6826594811434735,CC1=CC2=C(NC(=N2)C2=CC=C(O2)N(=O)=O)C=C1,0.8809,0.5892,1.4701,1.4262531
166454505,"8-[(4-methylpiperazin-1-yl)methyl]-3,5,12,18,24-pentazatetracyclo[18.3.1.04,12.06,11]tetracosa-1(23),4,6(11),7,9,20(24),21-heptaene-2,19-dione",CN1CCN(CC1)CC2=CC3=C(C=C2)N4CCCCCNC(=O)C5=NC(=CC=C5)C(=O)NC4=N3,C25H31N7O2,7,2,2,2.3447,461.253923232,34,95.39,0.3564314917706258,0,Baja,0.418,0.1566265060240964,0.4057221389017122,0.3434482306823083,CC1=CC2=C(NC(NC(=O)C3=NC=CC=C3)=N2)C=C1,0.4194,0.4604,0.8798,0.9375323
135495771,(E)-3-(2-hydroxyphenyl)-2-(6-methyl-1H-benzimidazol-2-yl)prop-2-enenitrile,CC1=CC2=C(C=C1)N=C(N2)C(=CC3=CC=CC=C3O)C#N,C17H13N3O,3,2,2,3.641100000000002,275.105862036,21,72.69999999999999,0.2888583218707015,0,Baja,0.416,0.1884057971014492,0.9398373051967536,0.7519794281729275,CN1C(NCC2=CC(Br)=CC=C2O)=NC2=C1C=CC=C2,0.6476,0.5266,1.1743,1.1731257
66937362,1-[6-chloro-5-(ethylamino)-1H-benzimidazol-2-yl]pyrazole-4-carboxylic acid,CCNC1=C(C=C2C(=C1)N=C(N2)N3C=C(C=N3)C(=O)O)Cl,C13H12ClN5O2,5,3,4,2.532,305.067952304,21,95.83,0.2191380569758948,0,Baja,0.416,0.1621621621621621,0.8958069199063461,0.7123957304703001,CC1=CC2=C(NC(=N2)C2=CC=C(O2)N(=O)=O)C=C1,0.7534,0.6007,1.3542,1.2910464
101018186,"(4S)-2-(5-hydroxy-1-methyl-benzimidazol-2-yl)-4,5-dihydrothiazole-4-carboxylic acid",CN1C2=C(C=C(C=C2)O)N=C1C3=NC(CS3)C(=O)O,C12H11N3O3S,6,2,2,1.2255,277.052112212,19,87.71,0.2166229620339756,0,Baja,0.414,0.1408450704225352,0.8338166273725198,0.6605737381350236,CC1=CC2=C(NC(=N2)C2=CC=C(O2)N(=O)=O)C=C1,0.8131,0.6296,1.4427,1.4724491
2991946,1-methyl-2-(2-phenylethyl)benzimidazole,CN1C2=CC=CC=C2N=C1CCC3=CC=CC=C3,C16H16N2,2,0,3,3.358500000000002,236.131348512,18,17.82,1.01010101010101,0,Baja,0.412,0.3529411764705882,0.6857418230934006,0.6025416614376975,CN1C(NCC2=CC(Br)=CC=C2O)=NC2=C1C=CC=C2,0.7875,0.4413,1.2288,0.9657321
1415690,"2-[(1H-benzimidazol-3-ium-2-ylamino)methyl]-4,6-dibromo-phenolate",C1=CC=C2C(=C1)NC(=[NH+]2)NCC3=C(C(=CC(=C3)Br)Br)[O-],C14H11Br2N3O,2,2,3,3.1927,394.926886172,20,65.02,0.3075976622577668,0,Baja,0.41,0.25,0.8773239672194846,0.7204929754146134,CN1C(NCC2=CC(Br)=CC=C2O)=NC2=C1C=CC=C2,0.9039,0.5763,1.4802,1.2754335
71783821,6-methyl-2-(1-methylsulfonylazetidin-3-yl)-1H-benzimidazole,CC1=CC2=C(C=C1)N=C(N2)C3CN(C3)S(=O)(=O)C,C12H15N3O2S,3,1,2,1.23012,265.08849772,18,66.06,0.2724795640326975,0,Baja,0.408,0.2622950819672131,0.863716396863397,0.713361068139351,CC1=CC2=C(NC(=N2)C2=CC=C(O2)N(=O)=O)C=C1,0.6477,0.7492,1.397,1.4608305
11524464,6-(trifluoromethyl)-2-[4-[2-(trifluoromethyl)phenyl]piperazin-1-yl]-1H-benzimidazole,C1CN(CCN1C2=CC=CC=C2C(F)(F)F)C3=NC4=C(N3)C=C(C=C4)C(F)(F)F,C19H16F6N4,3,1,2,4.927100000000003,414.127915832,29,35.16,0.8248009101251423,0,Baja,0.4071333333333334,0.1739130434782608,0.6819446513186807,0.5549367493585757,NC(=N)NC1=CC2=C(NC(=N2)C2=CC=C(C=C2)C2=CC=CC=C2)C=C1,0.6515,0.6331,1.2846,1.2633795
59018257,2-(2-fluorophenyl)-4-methyl-1H-benzimidazole,CC1=C2C(=CC=C1)NC(=N2)C3=CC=CC=C3F,C14H11FN2,1,1,1,3.677420000000001,226.090626572,17,28.68,0.592747559274756,0,Baja,0.406,0.2033898305084746,0.7397692709322635,0.6056744108263162,CC1=CC2=C(NC(=N2)C2=CC=C(O2)N(=O)=O)C=C1,0.7642,0.6547,1.4189,1.4154553
58156020,1-(6-chloro-5-cyano-1H-benzimidazol-2-yl)pyrazole-4-carboxylic acid,C1=C(C(=CC2=C1N=C(N2)N3C=C(C=N3)C(=O)O)Cl)C#N,C12H6ClN5O2,5,2,2,1.971879999999999,287.021002112,20,107.59,0.1858908820522353,0,Baja,0.406,0.1506849315068493,0.9194272988091778,0.7272417069835957,CC1=CC2=C(NC(=N2)C2=CC=C(O2)N(=O)=O)C=C1,0.8821,0.6009,1.483,1.3893571
49870967,1-[5-fluoro-6-(trifluoromethyl)-1H-benzimidazol-2-yl]pyrazole-4-carboxylic acid,C1=C(C(=CC2=C1NC(=N2)N3C=C(C=N3)C(=O)O)F)C(F)(F)F,C12H6F4N4O2,4,2,2,2.6047,314.042688312,22,83.8,0.2625298329355608,0,Baja,0.404,0.1527777777777778,0.9359022523727368,0.7401211337239971,CC1=CC2=C(NC(=N2)C2=CC=C(O2)N(=O)=O)C=C1,0.8436,0.653,1.4966,1.2974553
57815678,4-(1H-benzimidazol-3-ium-2-yl)thiazole,C1=CC=C2C(=C1)NC(=[NH+]2)C3=CSC=N3,C10H8N3S+,2,1,1,2.105499999999999,202.04334467609,14,42.82,0.3269500233535731,0,Baja,0.404,0.1111111111111111,0.9103179963519528,0.7105162750417424,CC1=CC2=C(NC(=N2)C2=CC=C(O2)N(=O)=O)C=C1,0.8578,0.5968,1.4545,1.6137245
58156091,"1-(4-bromo-5,6-dichloro-1H-benzimidazol-2-yl)pyrazole-4-carboxylic acid",C1=C2C(=C(C(=C1Cl)Cl)Br)N=C(N2)N3C=C(C=N3)C(=O)O,C11H5BrCl2N4O2,4,2,2,3.516100000000001,373.8972928600001,20,83.8,0.2386634844868735,0,Baja,0.4,0.1388888888888889,0.9408922642216094,0.7403914203884293,CC1=CC2=C(NC(=N2)C2=CC=C(O2)N(=O)=O)C=C1,0.8582,0.6009,1.4591,1.3242687
58156028,1-(4-fluoro-1H-benzimidazol-2-yl)pyrazole-4-carboxylic acid,C1=CC2=C(C(=C1)F)N=C(N2)N3C=C(C=N3)C(=O)O,C11H7FN4O2,4,2,2,1.5859,246.055303684,18,83.8,0.2147971360381861,0,Baja,0.4,0.1285714285714285,0.8761472490115271,0.6892532939015025,CC1=CC2=C(NC(=N2)C2=CC=C(O2)N(=O)=O)C=C1,0.8653,0.653,1.5184,1.5157623
70463686,2-thiazol-4-yl-1H-benzimidazol-4-ol,C1=CC2=C(C(=C1)O)N=C(N2)C3=CSC=N3,C10H7N3OS,4,2,1,2.391999999999999,217.030982844,15,61.8,0.2427184466019417,0,Baja,0.398,0.1612903225806451,0.8972119065536479,0.7132315105603972,CC1=CC2=C(NC(=N2)C2=CC=C(O2)N(=O)=O)C=C1,0.8611,0.6346,1.4957,1.4607471
10047447,"2-[4-(2,6-dichlorophenyl)piperazin-1-yl]-6-(trifluoromethyl)-1H-benzimidazole",C1CN(CCN1C2=C(C=CC=C2Cl)Cl)C3=NC4=C(N3)C=C(C=C4)C(F)(F)F,C18H15Cl2F3N4,3,1,2,5.215100000000002,414.0625865000001,27,35.16,0.7679180887372015,1,Baja,0.3961333333333334,0.1571428571428571,0.6831925716239355,0.5516801430036659,NC(=N)NC1=CC2=C(NC(=N2)C2=CC=C(C=C2)C2=CC=CC=C2)C=C1,0.6685,0.6324,1.3009,1.2851717
101887178,"1,5,6-trimethyl-2-(2-phenylethyl)benzimidazole",CC1=CC2=C(C=C1C)N(C(=N2)CCC3=CC=CC=C3)C,C18H20N2,2,0,3,3.975340000000003,264.16264864,20,17.82,1.122334455667789,0,Baja,0.396,0.2586206896551724,0.6501989777046682,0.5523044056922942,CN1C(NCC2=CC(Br)=CC=C2O)=NC2=C1C=CC=C2,0.7123,0.4419,1.1542,1.0708599
58156023,1-(6-fluoro-5-isopropylsulfanyl-1H-benzimidazol-2-yl)pyrazole-4-carboxylic acid,CC(C)SC1=C(C=C2C(=C1)N=C(N2)N3C=C(C=N3)C(=O)O)F,C14H13FN4O2S,5,2,4,3.0864,320.074324876,22,83.8,0.2625298329355608,0,Baja,0.396,0.16,0.9491188160813298,0.7518391120609973,CC1=CC2=C(NC(=N2)C2=CC=C(O2)N(=O)=O)C=C1,0.6802,0.6009,1.2811,1.276593
2738961,"2-(1,3-benzodioxol-5-yl)-4,5,6,7-tetramethyl-1H-benzimidazole",CC1=C(C(=C2C(=C1C)NC(=N2)C3=CC4=C(C=C3)OCO4)C)C,C18H18N2O2,3,1,1,4.192280000000004,294.136827816,22,47.14,0.4666949512091642,0,Baja,0.394,0.2096774193548387,0.8852964102796432,0.716391662548442,CC1=CC2=C(NC(=N2)C2=CC=C(O2)N(=O)=O)C=C1,0.7056,0.6433,1.3489,1.3564246
136677264,2-(6-hydroxy-1H-benzimidazol-2-yl)thiazol-4-one,C1C(=O)N=C(S1)C2=NC3=C(N2)C=C(C=C3)O,C10H7N3O2S,4,2,1,1.2885,233.025897464,16,78.34,0.2042379371968343,0,Baja,0.392,0.2459016393442623,0.8190995261044074,0.6758000544143711,CC1=CC2=C(NC(=N2)C2=CC=C(O2)N(=O)=O)C=C1,0.8607,0.5818,1.4425,1.5093591
45784011,cyclopropyl-[(3S)-3-(6-methyl-1H-benzimidazol-2-yl)pyrrolidin-1-yl]methanone,CC1=CC2=C(C=C1)N=C(N2)C3CCN(C3)C(=O)C4CC4,C16H19N3O,2,1,2,2.59722,269.152812228,20,48.99,0.4082465809348846,0,Baja,0.39,0.2388059701492537,0.9041535058453656,0.7378166219213375,CC1=CC2=C(NC(=N2)C2=CC=C(O2)N(=O)=O)C=C1,0.6382,0.7489,1.3872,1.3760679
58156081,1-(4-bromo-6-fluoro-1H-benzimidazol-2-yl)pyrazole-4-carboxylic acid,C1=C(C=C(C2=C1NC(=N2)N3C=C(C=N3)C(=O)O)Br)F,C11H6BrFN4O2,4,2,2,2.3484,323.965815752,19,83.8,0.2267303102625298,0,Baja,0.39,0.125,0.9231166983296796,0.7235875237472598,CC1=CC2=C(NC(=N2)C2=CC=C(O2)N(=O)=O)C=C1,0.8599,0.6009,1.4608,1.4433033
136784573,"2-(4,7-dimethoxy-1H-benzimidazol-2-yl)thiazole-4-carboxamide",COC1=C2C(=C(C=C1)OC)N=C(N2)C3=NC(=CS3)C(=O)N,C13H12N4O3S,6,2,4,1.8025,304.063011244,21,103.12,0.2036462373933281,0,Baja,0.388,0.1428571428571428,0.8913323883046518,0.7042135769427745,CC1=CC2=C(NC(=N2)C2=CC=C(O2)N(=O)=O)C=C1,0.7446,0.6659,1.4105,1.3854469
58156033,"1-(4,6-difluoro-1H-benzimidazol-2-yl)pyrazole-4-carboxylic acid",C1=C(C=C(C2=C1NC(=N2)N3C=C(C=N3)C(=O)O)F)F,C11H6F2N4O2,4,2,2,1.725,264.045881872,19,83.8,0.2267303102625298,0,Baja,0.388,0.1285714285714285,0.8908200929407784,0.7002579268484409,CC1=CC2=C(NC(=N2)C2=CC=C(O2)N(=O)=O)C=C1,0.8647,0.6531,1.5179,1.4771838
3556705,1-(6-methyl-1H-benzimidazol-2-yl)piperidine-4-carboxylic acid,CC1=CC2=C(C=C1)N=C(N2)N3CCC(CC3)C(=O)O,C14H17N3O2,3,2,2,2.17232,259.132076784,19,69.22,0.2744871424443802,0,Baja,0.386,0.2539682539682539,0.900439933003802,0.738822013244915,CC1=CC2=C(NC(=N2)C2=CC=C(O2)N(=O)=O)C=C1,0.7373,0.591,1.3283,1.3745608
659045,1-[5-(1-methylbenzimidazol-2-yl)-2-furyl]ethanone,CC(=O)C1=CC=C(O1)C2=NC3=CC=CC=C3N2C,C14H12N2O2,4,0,2,3.035900000000001,240.089877624,18,48.03,0.3747657713928794,0,Baja,0.386,0.2096774193548387,0.908232747000904,0.7335939150893876,CC1=CC2=C(NC(=N2)C2=CC=C(O2)N(=O)=O)C=C1,0.7487,0.7559,1.5045,1.3833015
58156070,1-(5-bromo-6-fluoro-1H-benzimidazol-2-yl)pyrazole-4-carboxylic acid,C1=C2C(=CC(=C1F)Br)N=C(N2)N3C=C(C=N3)C(=O)O,C11H6BrFN4O2,4,2,2,2.3484,323.965815752,19,83.8,0.2267303102625298,0,Baja,0.386,0.1571428571428571,0.9231166983296796,0.731623238032974,CC1=CC2=C(NC(=N2)C2=CC=C(O2)N(=O)=O)C=C1,0.8687,0.6009,1.4697,1.4064248
136436592,"(4S)-2-(6-hydroxy-1-methyl-benzimidazol-2-yl)-4,5-dihydrothiazole-4-carboxylic acid",CN1C2=C(C=CC(=C2)O)N=C1C3=NC(CS3)C(=O)O,C12H11N3O3S,6,2,2,1.2255,277.052112212,19,87.71,0.2166229620339756,0,Baja,0.384,0.1388888888888889,0.8338166273725198,0.6600846927516121,CC1=CC2=C(NC(=N2)C2=CC=C(O2)N(=O)=O)C=C1,0.7791,0.6297,1.4088,1.4743237
30244694,5-(1-methylbenzimidazol-2-yl)furan-2-sulfonamide,CN1C2=CC=CC=C2N=C1C3=CC=C(O3)S(=O)(=O)N,C12H11N3O3S,5,1,2,1.4807,277.0521122120001,19,91.12,0.2085162423178226,0,Baja,0.382,0.2063492063492063,0.8926697645377613,0.7210896249906226,CC1=CC2=C(NC(=N2)C2=CC=C(O2)N(=O)=O)C=C1,0.7411,0.7387,1.4798,1.3196925
136784572,"ethyl 2-(4,7-dimethoxy-1H-benzimidazol-2-yl)thiazole-4-carboxylate",CCOC(=O)C1=CSC(=N1)C2=NC3=C(C=CC(=C3N2)OC)OC,C15H15N3O4S,7,1,5,2.880300000000001,333.07832696,23,86.33000000000001,0.2664195528784894,0,Baja,0.382,0.1506849315068493,0.914777947106824,0.7237546932068305,CC1=CC2=C(NC(=N2)C2=CC=C(O2)N(=O)=O)C=C1,0.6357,0.7254,1.3611,1.2623894
51032806,ethyl 2-(1-methylbenzimidazol-2-yl)thiazole-4-carboxylate,CCOC(=O)C1=CSC(=N1)C2=NC3=CC=CC=C3N2C,C14H13N3O2S,6,0,3,2.873500000000001,287.072847656,20,57.01,0.3508156463778284,0,Baja,0.382,0.125,0.8784230909957602,0.6900673182468202,CC1=CC2=C(NC(=N2)C2=CC=C(O2)N(=O)=O)C=C1,0.6819,0.7752,1.4571,1.3005071
3159624,"4-(5,6-dimethyl-1H-benzimidazol-2-yl)butanoic acid",CC1=CC2=C(C=C1C)N=C(N2)CCCC(=O)O,C13H16N2O2,2,2,4,2.58704,232.121177752,17,65.98,0.2576538344953016,0,Baja,0.378,0.2166666666666666,0.8517930024341087,0.6930114184922482,CC1=CC2=C(NC(=N2)C2=CC=C(O2)N(=O)=O)C=C1,0.7481,0.6068,1.3549,1.370909
2849792,1-(1-methylbenzimidazol-2-yl)azonaphthalen-2-ol,CN1C2=CC=CC=C2N=C1N=NC3=C(C=CC4=CC=CC=C43)O,C18H14N4O,5,1,2,4.847500000000004,302.116761068,23,62.77,0.3664170782220806,0,Baja,0.377,0.3684210526315789,0.924807588834086,0.7857109547834591,CN1C(NCC2=CC(Br)=CC=C2O)=NC2=C1C=CC=C2,0.5209,0.4481,0.969,1.2392437
135063402,1-methyl-2-[2-(o-tolyl)ethyl]benzimidazole,CC1=CC=CC=C1CCC2=NC3=CC=CC=C3N2C,C17H18N2,2,0,3,3.666920000000003,250.146998576,19,17.82,1.0662177328844,0,Baja,0.374,0.3584905660377358,0.6719104963282009,0.5935555137555847,CN1C(NCC2=CC(Br)=CC=C2O)=NC2=C1C=CC=C2,0.7715,0.4386,1.2101,1.0249583
58156095,"1-(4,5-difluoro-1H-benzimidazol-2-yl)pyrazole-4-carboxylic acid",C1=CC(=C(C2=C1NC(=N2)N3C=C(C=N3)C(=O)O)F)F,C11H6F2N4O2,4,2,2,1.725,264.045881872,19,83.8,0.2267303102625298,0,Baja,0.372,0.144927536231884,0.8908200929407784,0.7043469537635548,CC1=CC2=C(NC(=N2)C2=CC=C(O2)N(=O)=O)C=C1,0.8697,0.653,1.5227,1.4601637
58156098,"1-(4,5,6-trichloro-1H-benzimidazol-2-yl)pyrazole-4-carboxylic acid",C1=C2C(=C(C(=C1Cl)Cl)Cl)N=C(N2)N3C=C(C=N3)C(=O)O,C11H5Cl3N4O2,4,2,2,3.407000000000001,329.94780844,20,83.8,0.2386634844868735,0,Baja,0.372,0.1285714285714285,0.9582192940228096,0.7508073276599644,CC1=CC2=C(NC(=N2)C2=CC=C(O2)N(=O)=O)C=C1,0.8599,0.6529,1.5128,1.3262427
2902386,2-[1-[(1-ethylbenzimidazol-2-yl)amino]ethyl]phenol,CCN1C2=CC=CC=C2N=C1NC(C)C3=CC=CC=C3O,C17H19N3O,4,2,4,3.934900000000003,281.152812228,21,50.08,0.4193290734824281,0,Baja,0.364,0.3620689655172414,0.9917157250769316,0.8343040351870091,CN1C(NCC2=CC(Br)=CC=C2O)=NC2=C1C=CC=C2,0.8504,0.7998,1.6503,1.5339007
873059,2-[(1-methylbenzimidazol-2-yl)methylamino]phenol,CN1C2=CC=CC=C2N=C1CNC3=CC=CC=C3O,C15H15N3O,4,2,3,2.891000000000001,253.1215121,19,50.08,0.3793929712460064,0,Baja,0.358,0.4705882352941176,0.9826165918678008,0.8546095027243801,CN1C(NCC2=CC(Br)=CC=C2O)=NC2=C1C=CC=C2,0.749,0.5625,1.3114,1.6634574
60646299,4-methyl-2-(2-thienyl)-1H-benzimidazole,CC1=C2C(=CC=C1)NC(=N2)C3=CC=CS3,C12H10N2S,2,1,1,3.599820000000001,214.05646932,15,28.68,0.5230125523012552,0,Baja,0.358,0.2033898305084746,0.7997497699240617,0.6506597850701649,CC1=CC2=C(NC(=N2)C2=CC=C(O2)N(=O)=O)C=C1,0.8191,0.6642,1.4833,1.4796379
58156074,1-(5-fluoro-4-methyl-1H-benzimidazol-2-yl)pyrazole-4-carboxylic acid,CC1=C(C=CC2=C1N=C(N2)N3C=C(C=N3)C(=O)O)F,C12H9FN4O2,4,2,2,1.89432,260.070953748,19,83.8,0.2267303102625298,0,Baja,0.354,0.1739130434782608,0.9070587093026876,0.7237722928465808,CC1=CC2=C(NC(=N2)C2=CC=C(O2)N(=O)=O)C=C1,0.8054,0.6529,1.4584,1.4137897
56873506,"2-(6-chloro-1,3-benzodioxol-5-yl)-4-methyl-1H-benzimidazole",CC1=C2C(=CC=C1)NC(=N2)C3=CC4=C(C=C3Cl)OCO4,C15H11ClN2O2,3,1,1,3.920420000000002,286.050905272,20,47.14,0.4242681374628765,0,Baja,0.348,0.2153846153846154,0.9001151883363747,0.728932545098435,CC1=CC2=C(NC(=N2)C2=CC=C(O2)N(=O)=O)C=C1,0.79,0.7061,1.496,1.4002733
58156072,1-(6-bromo-4-methyl-1H-benzimidazol-2-yl)pyrazole-4-carboxylic acid,CC1=CC(=CC2=C1N=C(N2)N3C=C(C=N3)C(=O)O)Br,C12H9BrN4O2,4,2,2,2.51772,319.990887628,19,83.8,0.2267303102625298,0,Baja,0.348,0.1571428571428571,0.9343440678402282,0.7400437651658854,CC1=CC2=C(NC(=N2)C2=CC=C(O2)N(=O)=O)C=C1,0.7949,0.6009,1.3957,1.3878573
2991806,1-ethyl-2-(2-phenylethyl)benzimidazole,CCN1C2=CC=CC=C2N=C1CCC3=CC=CC=C3,C17H18N2,2,0,4,3.841400000000003,250.146998576,19,17.82,1.0662177328844,0,Baja,0.344,0.2678571428571428,0.6437168035466909,0.5497518883743039,CN1C(NCC2=CC(Br)=CC=C2O)=NC2=C1C=CC=C2,0.7606,0.441,1.2016,1.0088892
51137018,2-[(3S)-1-methylsulfonylpyrrolidin-3-yl]-6-(trifluoromethyl)-1H-benzimidazole,CS(=O)(=O)N1CCC(C1)C2=NC3=C(N2)C=C(C=C3)C(F)(F)F,C13H14F3N3O2S,3,1,2,2.3306,333.075882348,22,66.06,0.3330305782621859,0,Baja,0.3401333333333333,0.1643835616438356,0.9002672598209074,0.7162963352766394,CC1=CC2=C(NC(=N2)C2=CC=C(O2)N(=O)=O)C=C1,0.7106,0.8107,1.5213,1.4134352
136661658,"2-(4,6-dichloro-1H-benzimidazol-2-yl)-4-methoxy-phenol",COC1=CC(=C(C=C1)O)C2=NC3=C(N2)C=C(C=C3Cl)Cl,C14H10Cl2N2O2,3,2,2,4.250900000000001,308.01193292,20,58.14,0.3439972480220158,0,Baja,0.338,0.1791044776119403,0.9074052408537326,0.7253300500432845,CC1=CC2=C(NC(=N2)C2=CC=C(O2)N(=O)=O)C=C1,0.7476,0.5639,1.3115,1.1724421
51032808,ethyl 2-(1-ethylbenzimidazol-2-yl)thiazole-4-carboxylate,CCN1C2=CC=CC=C2N=C1C3=NC(=CS3)C(=O)OCC,C15H15N3O2S,6,0,4,3.356400000000002,301.08849772,21,57.01000000000001,0.3683564286967198,0,Baja,0.338,0.1232876712328767,0.8777671172492615,0.6891472557451653,CC1=CC2=C(NC(=N2)C2=CC=C(O2)N(=O)=O)C=C1,0.6282,0.7752,1.4033,1.2282958
136784574,"2-(4,7-dihydroxy-1H-benzimidazol-2-yl)thiazole-4-carboxylic acid",C1=CC(=C2C(=C1O)NC(=N2)C3=NC(=CS3)C(=O)O)O,C11H7N3O4S,6,4,2,1.7958,277.015726704,19,119.33,0.1592223246459398,0,Baja,0.328,0.140625,0.8180371756259572,0.6486841317194679,CC1=CC2=C(NC(=N2)C2=CC=C(O2)N(=O)=O)C=C1,0.8726,0.6412,1.5138,1.3730576
962231,2-(2-furyl)-1-methyl-benzimidazole,CN1C2=CC=CC=C2N=C1C3=CC=CO3,C12H10N2O,3,0,1,2.833300000000001,198.07931294,15,30.96,0.4844961240310077,0,Baja,0.322,0.1694915254237288,0.8276657154176595,0.6631221679191769,CC1=CC2=C(NC(=N2)C2=CC=C(O2)N(=O)=O)C=C1,0.7706,0.6481,1.4188,1.2722826
11550553,N-indan-1-yl-1H-benzimidazol-2-amine,C1CC2=CC=CC=C2C1NC3=NC4=CC=CC=C4N3,C16H15N3,2,2,2,3.662300000000002,249.12659748,19,40.71,0.4667157946450503,0,Baja,0.314,0.1515151515151515,0.8980142903925297,0.7113895056731852,CN1C(NCC2=CC(Br)=CC=C2O)=NC2=C1C=CC=C2,0.7233,0.4331,1.1564,1.3606683
6494190,4-(1-methylbenzimidazol-2-yl)butanoic acid,CN1C2=CC=CC=C2N=C1CCCC(=O)O,C12H14N2O2,3,1,4,1.9806,218.105527688,16,55.12,0.2902757619738751,0,Baja,0.284,0.123076923076923,0.8924215912915231,0.7000854242378731,CC1=CC2=C(NC(=N2)C2=CC=C(O2)N(=O)=O)C=C1,0.6731,0.5606,1.2337,1.3796053
962232,1-ethyl-2-(2-furyl)benzimidazole,CCN1C2=CC=CC=C2N=C1C3=CC=CO3,C13H12N2O,3,0,2,3.316200000000002,212.094963004,16,30.96,0.5167958656330749,0,Baja,0.276,0.1612903225806451,0.8233246247812342,0.6578160492310869,CC1=CC2=C(NC(=N2)C2=CC=C(O2)N(=O)=O)C=C1,0.7069,0.6482,1.3551,1.228217
13971341,2-(2-furyl)-7-methyl-3H-benzimidazol-4-ol,CC1=C2C(=C(C=C1)O)NC(=N2)C3=CC=CO3,C12H10N2O2,3,2,1,2.83692,214.07422756,16,62.05,0.257856567284448,0,Baja,0.26,0.2131147540983606,0.9040158962505642,0.7312906107125133,CC1=CC2=C(NC(=N2)C2=CC=C(O2)N(=O)=O)C=C1,0.8158,0.6361,1.4519,1.3914471
101384171,6-(1H-benzimidazol-3-ium-2-yl)-1H-pyridin-2-one,C1=CC=C2C(=C1)NC(=[NH+]2)C3=CC=CC(=O)N3,C12H10N3O+,1,2,1,1.337299999999999,212.08183836009,16,62.79,0.254817646121994,0,Baja,0.24,0.1147540983606557,0.6562854271030557,0.5209025949174557,CC1=CC2=C(NC(=N2)C2=CC=C(O2)N(=O)=O)C=C1,0.8681,0.5136,1.3817,1.3674903
